timestamp,temperature,humidity,energy_consumption,occupancy
2026-01-01 00:00:00,-4.59,69.09,479.31,4
2026-01-01 01:00:00,-7.68,74.87,515.11,8
2026-01-01 02:00:00,-4.23,60.6,495.12,3
2026-01-01 03:00:00,-3.72,66.18,501.06,5
2026-01-01 04:00:00,-9.1,75.52,499.69,7
2026-01-01 05:00:00,-7.17,70.34,500.31,6
2026-01-01 06:00:00,-3.48,74.77,531.66,11
2026-01-01 07:00:00,-3.4,59.5,487.21,5
2026-01-01 08:00:00,-1.77,57.79,578.78,34
2026-01-01 09:00:00,-2.4,70.53,622.07,34
2026-01-01 10:00:00,2.02,67.91,606.18,53
2026-01-01 11:00:00,2.65,62.18,536.56,32
2026-01-01 12:00:00,1.86,65.7,619.89,44
2026-01-01 13:00:00,4.38,65.66,682.46,72
2026-01-01 14:00:00,3.2,58.69,621.54,50
2026-01-01 15:00:00,0.41,61.18,620.69,52
2026-01-01 16:00:00,2.47,64.22,542.6,34
2026-01-01 17:00:00,-0.82,70.1,543.02,33
2026-01-01 18:00:00,2.02,57.75,584.43,53
2026-01-01 19:00:00,-0.8,64.57,488.64,12
2026-01-01 20:00:00,-2.1,65.25,519.9,11
2026-01-01 21:00:00,-4.13,69.98,480.53,0
2026-01-01 22:00:00,-1.29,65.86,521.63,9
2026-01-01 23:00:00,-4.87,65.68,513.09,9
2026-01-02 00:00:00,-6.01,75.45,476.29,7
2026-01-02 01:00:00,-6.26,66.68,571.57,16
2026-01-02 02:00:00,-4.62,66.78,521.27,16
2026-01-02 03:00:00,-4.82,60.42,510.02,6
2026-01-02 04:00:00,-4.33,64.46,451.49,7
2026-01-02 05:00:00,-3.66,70.14,499.04,7
2026-01-02 06:00:00,0.59,66.19,481.98,6
2026-01-02 07:00:00,-3.54,70.47,510.46,4
2026-01-02 08:00:00,-2.71,69.65,592.59,32
2026-01-02 09:00:00,-2.28,77.04,637.96,41
2026-01-02 10:00:00,1.54,60.18,674.23,64
2026-01-02 11:00:00,3.4,54.52,580.3,44
2026-01-02 12:00:00,1.55,58.66,635.56,48
2026-01-02 13:00:00,0.49,61.14,645.29,56
2026-01-02 14:00:00,0.66,59.67,550.85,33
2026-01-02 15:00:00,3.48,63.04,523.55,37
2026-01-02 16:00:00,3.26,68.98,610.31,43
2026-01-02 17:00:00,2.23,71.14,657.3,58
2026-01-02 18:00:00,-1.02,68.24,649.97,56
2026-01-02 19:00:00,-0.19,75.84,520.8,11
2026-01-02 20:00:00,-1.46,64.24,504.71,13
2026-01-02 21:00:00,-2.29,58.44,441.42,1
2026-01-02 22:00:00,-1.95,71.63,525.32,9
2026-01-02 23:00:00,-4.07,58.66,523.98,15
2026-01-03 00:00:00,-3.75,63.85,474.9,10
2026-01-03 01:00:00,-5.37,71.36,563.81,12
2026-01-03 02:00:00,-5.06,68.03,499.14,8
2026-01-03 03:00:00,-4.24,67.01,589.39,8
2026-01-03 04:00:00,-8.02,64.71,551.86,14
2026-01-03 05:00:00,-5.11,68.52,459.22,5
2026-01-03 06:00:00,-4.58,73.23,551.45,5
2026-01-03 07:00:00,-3.95,67.87,501.5,6
2026-01-03 08:00:00,-2.19,62.38,498.85,8
2026-01-03 09:00:00,2.38,57.09,435.02,2
2026-01-03 10:00:00,-1.37,61.91,462.83,11
2026-01-03 11:00:00,3.12,64.77,394.67,7
2026-01-03 12:00:00,-1.54,67.8,553.72,11
2026-01-03 13:00:00,1.55,59.91,389.06,0
2026-01-03 14:00:00,2.68,52.07,499.49,11
2026-01-03 15:00:00,3.4,64.72,483.81,13
2026-01-03 16:00:00,3.25,58.24,456.66,10
2026-01-03 17:00:00,2.77,66.5,444.43,8
2026-01-03 18:00:00,-0.34,61.46,548.08,11
2026-01-03 19:00:00,-1.53,61.13,488.81,13
2026-01-03 20:00:00,0.08,65.71,468.36,10
2026-01-03 21:00:00,-3.06,78.93,538.65,10
2026-01-03 22:00:00,-6.19,73.08,542.34,15
2026-01-03 23:00:00,-6.74,70.4,521.74,11
2026-01-04 00:00:00,-6.89,71.62,522.84,5
2026-01-04 01:00:00,-4.46,59.37,545.29,13
2026-01-04 02:00:00,-5.3,63.1,562.6,8
2026-01-04 03:00:00,-4.07,55.3,554.1,8
2026-01-04 04:00:00,-5.91,77.78,491.11,8
2026-01-04 05:00:00,-4.1,75.51,559.45,12
2026-01-04 06:00:00,-2.34,68.6,501.65,15
2026-01-04 07:00:00,-3.24,67.95,482.02,8
2026-01-04 08:00:00,-0.68,57.71,490.47,15
2026-01-04 09:00:00,-1.88,65.22,479.43,9
2026-01-04 10:00:00,-0.31,74.18,482.25,14
2026-01-04 11:00:00,0.48,65.32,418.18,9
2026-01-04 12:00:00,-0.52,62.54,507.15,6
2026-01-04 13:00:00,3.25,53.94,495.08,16
2026-01-04 14:00:00,1.47,70.87,459.82,6
2026-01-04 15:00:00,2.3,63.04,422.09,5
2026-01-04 16:00:00,2.84,54.23,456.19,3
2026-01-04 17:00:00,2.13,58.89,473.46,13
2026-01-04 18:00:00,1.74,57.39,466.38,14
2026-01-04 19:00:00,-0.75,64.87,447.49,9
2026-01-04 20:00:00,-2.44,67.74,496.11,4
2026-01-04 21:00:00,-2.78,64.43,490.07,8
2026-01-04 22:00:00,-6.96,73.76,541.13,7
2026-01-04 23:00:00,-7.31,70.51,1003.77,4
2026-01-05 00:00:00,-7.64,75.66,554.47,6
2026-01-05 01:00:00,-7.39,68.39,552.1,10
2026-01-05 02:00:00,-4.73,83.54,512.13,6
2026-01-05 03:00:00,-7.21,67.22,554.72,9
2026-01-05 04:00:00,-5.75,64.51,517.73,1
2026-01-05 05:00:00,-1.76,61.1,553.26,15
2026-01-05 06:00:00,-4.25,66.92,477.97,6
2026-01-05 07:00:00,-1.09,57.17,520.96,11
2026-01-05 08:00:00,-3.4,68.85,583.52,37
2026-01-05 09:00:00,-0.91,56.11,744.87,69
2026-01-05 10:00:00,-1.43,66.81,642.62,50
2026-01-05 11:00:00,0.62,57.81,612.46,39
2026-01-05 12:00:00,3.61,60.57,621.49,43
2026-01-05 13:00:00,-1.12,68.81,659.76,49
2026-01-05 14:00:00,3.34,74.19,605.13,45
2026-01-05 15:00:00,2.81,57.65,609.05,48
2026-01-05 16:00:00,0.74,63.73,678.22,63
2026-01-05 17:00:00,-1.6,62.5,619.77,34
2026-01-05 18:00:00,0.61,60.22,640.38,51
2026-01-05 19:00:00,-1.56,62.52,428.48,7
2026-01-05 20:00:00,-1.07,69.87,512.3,8
2026-01-05 21:00:00,-2.53,64.33,530.67,11
2026-01-05 22:00:00,-0.33,76.48,479.38,5
2026-01-05 23:00:00,-4.84,70.47,495.86,7
2026-01-06 00:00:00,-6.99,64.84,520.47,12
2026-01-06 01:00:00,-4.98,66.65,507.03,10
2026-01-06 02:00:00,-5.03,64.52,543.33,13
2026-01-06 03:00:00,-2.62,70.83,480.51,14
2026-01-06 04:00:00,-3.27,59.09,488.27,3
2026-01-06 05:00:00,-3.59,60.81,509.79,9
2026-01-06 06:00:00,-0.55,62.43,504.38,6
2026-01-06 07:00:00,-4.89,71.84,520.92,3
2026-01-06 08:00:00,-2.75,73.09,677.32,55
2026-01-06 09:00:00,,73.51,679.65,63
2026-01-06 10:00:00,-0.25,67.83,562.57,33
2026-01-06 11:00:00,-1.4,65.57,623.49,33
2026-01-06 12:00:00,3.26,66.69,633.32,51
2026-01-06 13:00:00,1.94,57.92,636.29,49
2026-01-06 14:00:00,-0.42,56.07,656.44,57
2026-01-06 15:00:00,0.36,66.93,571.57,29
2026-01-06 16:00:00,2.62,58.14,589.72,52
2026-01-06 17:00:00,3.03,62.55,662.75,55
2026-01-06 18:00:00,4.52,62.44,596.36,54
2026-01-06 19:00:00,5.39,62.47,395.71,11
2026-01-06 20:00:00,-0.65,70.14,520.78,2
2026-01-06 21:00:00,-4.49,72.3,536.37,11
2026-01-06 22:00:00,-7.74,71.39,575.57,15
2026-01-06 23:00:00,-3.77,65.43,441.21,3
2026-01-07 00:00:00,-6.5,70.09,568.35,13
2026-01-07 01:00:00,-6.11,66.29,550.45,8
2026-01-07 02:00:00,-6.64,68.66,497.04,0
2026-01-07 03:00:00,-5.56,81.98,539.02,3
2026-01-07 04:00:00,-2.74,67.83,534.34,9
2026-01-07 05:00:00,-3.93,70.0,532.98,10
2026-01-07 06:00:00,-3.73,64.08,427.66,2
2026-01-07 07:00:00,-4.52,73.26,492.48,8
2026-01-07 08:00:00,-4.76,72.13,641.62,27
2026-01-07 09:00:00,-1.35,69.78,696.99,59
2026-01-07 10:00:00,0.48,65.74,631.61,47
2026-01-07 11:00:00,4.95,66.7,549.2,41
2026-01-07 12:00:00,2.31,69.74,577.95,41
2026-01-07 13:00:00,4.42,63.32,653.92,54
2026-01-07 14:00:00,1.59,63.31,531.28,15
2026-01-07 15:00:00,0.08,69.42,615.85,37
2026-01-07 16:00:00,0.12,60.39,630.37,44
2026-01-07 17:00:00,-0.03,61.43,633.87,44
2026-01-07 18:00:00,4.84,61.34,682.77,70
2026-01-07 19:00:00,-2.02,57.71,476.03,12
2026-01-07 20:00:00,0.26,68.95,419.07,2
2026-01-07 21:00:00,-4.25,63.16,535.36,6
2026-01-07 22:00:00,-1.55,63.73,487.98,8
2026-01-07 23:00:00,-3.47,66.36,526.3,10
2026-01-08 00:00:00,-5.12,68.78,537.81,11
2026-01-08 01:00:00,-5.29,66.99,552.29,14
2026-01-08 02:00:00,-6.66,69.32,544.58,8
2026-01-08 03:00:00,-4.32,67.72,520.68,5
2026-01-08 04:00:00,-5.72,66.77,503.68,7
2026-01-08 05:00:00,-6.63,65.77,556.08,7
2026-01-08 06:00:00,-5.9,74.54,522.73,10
2026-01-08 07:00:00,-2.04,55.9,475.94,4
2026-01-08 08:00:00,1.81,62.7,582.14,46
2026-01-08 09:00:00,0.01,62.65,674.7,59
2026-01-08 10:00:00,0.42,66.8,597.67,43
2026-01-08 11:00:00,2.05,56.29,663.44,60
2026-01-08 12:00:00,4.73,59.19,599.23,44
2026-01-08 13:00:00,2.96,62.42,615.57,48
2026-01-08 14:00:00,1.83,69.07,649.6,41
2026-01-08 15:00:00,4.73,63.35,613.13,47
2026-01-08 16:00:00,2.97,57.0,598.59,47
2026-01-08 17:00:00,4.55,59.38,518.58,29
2026-01-08 18:00:00,1.02,68.72,612.6,41
2026-01-08 19:00:00,-2.76,60.93,529.18,12
2026-01-08 20:00:00,-4.08,67.47,509.06,15
2026-01-08 21:00:00,0.92,64.31,493.18,10
2026-01-08 22:00:00,0.1,63.0,424.82,3
2026-01-08 23:00:00,-4.53,81.65,540.74,8
2026-01-09 00:00:00,-5.51,66.79,579.64,15
2026-01-09 01:00:00,-2.22,68.8,501.31,7
2026-01-09 02:00:00,-7.49,66.41,483.17,9
2026-01-09 03:00:00,-6.93,72.49,498.73,9
2026-01-09 04:00:00,-3.46,71.77,500.4,2
2026-01-09 05:00:00,-4.9,65.49,472.18,12
2026-01-09 06:00:00,-3.29,67.03,534.84,11
2026-01-09 07:00:00,-2.64,62.37,489.75,0
2026-01-09 08:00:00,-0.6,59.7,705.3,58
2026-01-09 09:00:00,2.57,68.38,612.48,48
2026-01-09 10:00:00,0.9,61.6,617.68,43
2026-01-09 11:00:00,2.84,50.95,632.22,54
2026-01-09 12:00:00,-1.91,75.17,648.89,54
2026-01-09 13:00:00,2.49,59.25,599.15,40
2026-01-09 14:00:00,1.04,63.04,666.07,49
2026-01-09 15:00:00,0.15,73.1,636.76,42
2026-01-09 16:00:00,0.43,63.99,528.84,25
2026-01-09 17:00:00,0.88,63.57,653.9,49
2026-01-09 18:00:00,2.55,57.07,579.89,32
2026-01-09 19:00:00,-2.9,58.85,528.88,9
2026-01-09 20:00:00,-1.22,65.02,510.07,7
2026-01-09 21:00:00,-3.28,69.11,460.85,6
2026-01-09 22:00:00,-3.93,69.28,552.94,16
2026-01-09 23:00:00,-2.1,64.06,503.12,6
2026-01-10 00:00:00,-3.59,67.62,556.68,13
2026-01-10 01:00:00,-2.39,57.49,493.08,5
2026-01-10 02:00:00,-5.52,71.16,578.81,11
2026-01-10 03:00:00,-6.46,70.33,516.8,15
2026-01-10 04:00:00,-5.12,78.45,538.26,7
2026-01-10 05:00:00,-3.55,67.52,509.71,5
2026-01-10 06:00:00,-2.85,62.28,514.35,6
2026-01-10 07:00:00,-4.41,67.83,553.79,8
2026-01-10 08:00:00,-1.03,64.08,468.41,9
2026-01-10 09:00:00,0.29,66.97,1231.37,8
2026-01-10 10:00:00,5.83,61.05,441.86,6
2026-01-10 11:00:00,5.38,54.94,453.53,16
2026-01-10 12:00:00,0.55,56.44,440.81,7
2026-01-10 13:00:00,2.08,64.86,456.21,6
2026-01-10 14:00:00,-0.13,72.01,505.1,11
2026-01-10 15:00:00,1.48,64.36,487.75,11
2026-01-10 16:00:00,2.89,67.04,463.45,14
2026-01-10 17:00:00,4.03,67.24,493.6,16
2026-01-10 18:00:00,-0.66,66.8,480.15,9
2026-01-10 19:00:00,-1.48,61.96,513.21,7
2026-01-10 20:00:00,-5.5,69.83,538.19,0
2026-01-10 21:00:00,-2.57,72.83,469.48,4
2026-01-10 22:00:00,-5.33,71.38,530.59,9
2026-01-10 23:00:00,-5.09,72.31,530.0,3
2026-01-11 00:00:00,-6.35,67.13,512.03,2
2026-01-11 01:00:00,-5.18,67.62,488.79,8
2026-01-11 02:00:00,-8.65,70.46,585.58,11
2026-01-11 03:00:00,-7.93,70.29,526.57,7
2026-01-11 04:00:00,-0.34,71.08,504.91,12
2026-01-11 05:00:00,-6.53,57.84,509.55,10
2026-01-11 06:00:00,-5.32,68.88,561.95,13
2026-01-11 07:00:00,1.51,63.55,489.02,17
2026-01-11 08:00:00,4.68,54.87,496.79,18
2026-01-11 09:00:00,-2.44,70.07,507.89,11
2026-01-11 10:00:00,0.13,61.28,454.58,6
2026-01-11 11:00:00,2.38,61.55,467.49,8
2026-01-11 12:00:00,5.79,70.19,434.14,14
2026-01-11 13:00:00,0.76,69.52,506.2,4
2026-01-11 14:00:00,2.38,66.21,487.74,14
2026-01-11 15:00:00,4.29,63.9,425.94,7
2026-01-11 16:00:00,3.2,61.93,443.57,9
2026-01-11 17:00:00,0.95,74.33,465.42,5
2026-01-11 18:00:00,0.6,68.59,479.77,3
2026-01-11 19:00:00,-2.85,63.24,472.53,7
2026-01-11 20:00:00,-1.61,59.12,497.78,13
2026-01-11 21:00:00,-2.7,69.72,490.9,5
2026-01-11 22:00:00,-2.67,66.59,564.96,14
2026-01-11 23:00:00,-5.07,61.4,531.49,6
2026-01-12 00:00:00,-3.57,69.64,532.96,4
2026-01-12 01:00:00,-2.89,65.68,506.5,9
2026-01-12 02:00:00,-4.74,70.97,567.39,11
2026-01-12 03:00:00,-4.21,70.16,550.51,9
2026-01-12 04:00:00,-4.41,65.05,533.15,9
2026-01-12 05:00:00,-3.88,70.88,558.82,14
2026-01-12 06:00:00,-4.49,65.66,501.14,8
2026-01-12 07:00:00,-1.45,63.85,526.9,6
2026-01-12 08:00:00,-1.25,63.21,705.27,64
2026-01-12 09:00:00,4.17,67.74,633.58,51
2026-01-12 10:00:00,4.1,60.73,569.06,36
2026-01-12 11:00:00,2.55,70.08,576.7,45
2026-01-12 12:00:00,0.89,73.3,662.61,55
2026-01-12 13:00:00,0.59,60.9,599.15,39
2026-01-12 14:00:00,5.33,46.66,571.47,46
2026-01-12 15:00:00,3.34,67.89,613.29,48
2026-01-12 16:00:00,3.37,60.93,589.04,34
2026-01-12 17:00:00,-1.71,61.87,605.71,42
2026-01-12 18:00:00,2.8,60.09,526.91,35
2026-01-12 19:00:00,0.89,62.3,448.43,7
2026-01-12 20:00:00,-3.27,73.78,544.38,12
2026-01-12 21:00:00,-3.03,67.92,524.21,8
2026-01-12 22:00:00,-2.52,73.18,541.64,13
2026-01-12 23:00:00,-3.78,70.11,533.23,8
2026-01-13 00:00:00,-5.02,66.97,520.25,7
2026-01-13 01:00:00,-5.04,66.58,527.08,13
2026-01-13 02:00:00,-5.47,71.64,503.82,8
2026-01-13 03:00:00,-4.53,72.27,486.47,7
2026-01-13 04:00:00,-1.49,71.03,489.6,8
2026-01-13 05:00:00,-8.93,69.94,596.58,14
2026-01-13 06:00:00,-3.44,68.29,518.99,9
2026-01-13 07:00:00,-1.65,69.08,515.04,13
2026-01-13 08:00:00,-0.38,63.34,590.61,42
2026-01-13 09:00:00,-0.68,59.8,688.51,44
2026-01-13 10:00:00,-2.48,62.71,593.59,38
2026-01-13 11:00:00,2.51,62.03,675.51,62
2026-01-13 12:00:00,5.95,64.15,551.46,32
2026-01-13 13:00:00,-0.17,71.42,617.59,41
2026-01-13 14:00:00,4.76,54.89,563.98,46
2026-01-13 15:00:00,2.24,60.45,614.62,42
2026-01-13 16:00:00,2.37,61.55,540.22,37
2026-01-13 17:00:00,-0.25,69.15,602.38,27
2026-01-13 18:00:00,0.36,62.11,600.19,38
2026-01-13 19:00:00,2.67,60.99,471.77,14
2026-01-13 20:00:00,0.2,57.8,424.75,5
2026-01-13 21:00:00,1.46,66.4,414.72,2
2026-01-13 22:00:00,-0.61,64.62,476.87,7
2026-01-13 23:00:00,-2.92,63.77,566.83,13
2026-01-14 00:00:00,-0.86,64.3,472.77,4
2026-01-14 01:00:00,-3.87,73.34,500.79,2
2026-01-14 02:00:00,-3.23,62.24,483.74,1
2026-01-14 03:00:00,-5.34,64.53,591.23,11
2026-01-14 04:00:00,-4.22,74.21,484.89,2
2026-01-14 05:00:00,-5.11,68.95,569.94,10
2026-01-14 06:00:00,-0.9,68.98,473.21,7
2026-01-14 07:00:00,-4.28,70.0,486.29,5
2026-01-14 08:00:00,0.68,64.35,658.84,55
2026-01-14 09:00:00,-0.23,63.42,623.12,45
2026-01-14 10:00:00,3.46,66.74,618.79,46
2026-01-14 11:00:00,3.45,68.4,453.76,23
2026-01-14 12:00:00,6.22,66.07,618.69,54
2026-01-14 13:00:00,4.44,55.96,540.85,38
2026-01-14 14:00:00,-0.03,71.54,658.32,56
2026-01-14 15:00:00,2.85,61.22,573.99,47
2026-01-14 16:00:00,0.24,61.06,589.36,39
2026-01-14 17:00:00,0.91,63.52,537.53,28
2026-01-14 18:00:00,4.14,66.26,670.23,67
2026-01-14 19:00:00,1.43,66.7,424.08,7
2026-01-14 20:00:00,-2.28,65.32,494.36,7
2026-01-14 21:00:00,-3.95,71.95,534.95,18
2026-01-14 22:00:00,-2.82,67.67,441.12,3
2026-01-14 23:00:00,-6.15,66.44,522.51,10
2026-01-15 00:00:00,-5.6,65.38,520.51,12
2026-01-15 01:00:00,-4.04,69.88,509.75,7
2026-01-15 02:00:00,-2.48,66.33,482.21,7
2026-01-15 03:00:00,-3.44,60.53,459.3,6
2026-01-15 04:00:00,-8.84,75.43,534.87,8
2026-01-15 05:00:00,-3.02,64.71,473.12,12
2026-01-15 06:00:00,-2.65,74.82,532.32,7
2026-01-15 07:00:00,-1.0,58.69,563.19,20
2026-01-15 08:00:00,2.44,62.39,560.39,25
2026-01-15 09:00:00,-3.89,64.22,623.42,40
2026-01-15 10:00:00,0.02,60.11,640.53,42
2026-01-15 11:00:00,3.21,60.32,640.82,54
2026-01-15 12:00:00,-0.49,74.2,628.17,48
2026-01-15 13:00:00,6.02,61.5,617.23,59
2026-01-15 14:00:00,3.94,58.28,605.6,50
2026-01-15 15:00:00,4.76,52.52,558.33,39
2026-01-15 16:00:00,1.53,55.32,612.78,44
2026-01-15 17:00:00,3.66,59.76,578.55,42
2026-01-15 18:00:00,3.34,59.49,605.67,50
2026-01-15 19:00:00,0.71,63.39,478.43,1
2026-01-15 20:00:00,-0.33,53.87,475.08,10
2026-01-15 21:00:00,-1.29,65.44,483.35,8
2026-01-15 22:00:00,-4.52,73.3,510.58,7
2026-01-15 23:00:00,-3.92,75.86,527.36,11
2026-01-16 00:00:00,-4.47,58.66,481.88,10
2026-01-16 01:00:00,-3.8,63.65,477.98,7
2026-01-16 02:00:00,-2.7,62.62,607.69,20
2026-01-16 03:00:00,-6.68,70.41,510.83,12
2026-01-16 04:00:00,-4.42,61.99,556.85,18
2026-01-16 05:00:00,-0.57,73.81,491.53,6
2026-01-16 06:00:00,-4.19,68.15,543.36,9
2026-01-16 07:00:00,-3.38,66.75,495.83,3
2026-01-16 08:00:00,-0.3,73.17,674.91,43
2026-01-16 09:00:00,2.02,63.51,599.57,41
2026-01-16 10:00:00,1.32,66.08,606.6,34
2026-01-16 11:00:00,4.78,57.9,554.22,32
2026-01-16 12:00:00,4.47,55.02,590.72,37
2026-01-16 13:00:00,4.84,58.56,532.49,32
2026-01-16 14:00:00,4.4,72.85,670.82,61
2026-01-16 15:00:00,7.82,62.69,492.32,30
2026-01-16 16:00:00,2.35,64.73,616.93,46
2026-01-16 17:00:00,-1.88,61.44,661.01,49
2026-01-16 18:00:00,4.5,66.4,553.45,49
2026-01-16 19:00:00,-0.58,58.62,444.46,1
2026-01-16 20:00:00,-0.49,57.51,490.31,6
2026-01-16 21:00:00,0.88,61.59,429.88,7
2026-01-16 22:00:00,-5.91,78.91,502.15,6
2026-01-16 23:00:00,-6.04,78.71,558.14,6
2026-01-17 00:00:00,-7.28,67.84,587.59,12
2026-01-17 01:00:00,-6.06,65.87,546.46,17
2026-01-17 02:00:00,-3.73,59.41,513.14,9
2026-01-17 03:00:00,-3.42,67.79,491.91,5
2026-01-17 04:00:00,-3.52,68.27,539.23,8
2026-01-17 05:00:00,-6.26,73.33,515.77,7
2026-01-17 06:00:00,-7.23,74.61,548.29,12
2026-01-17 07:00:00,-1.54,65.09,528.48,9
2026-01-17 08:00:00,-1.55,68.87,443.18,2
2026-01-17 09:00:00,1.35,60.56,468.8,12
2026-01-17 10:00:00,2.8,65.73,475.01,12
2026-01-17 11:00:00,2.5,60.72,516.62,14
2026-01-17 12:00:00,4.38,64.23,404.28,6
2026-01-17 13:00:00,3.71,64.29,434.78,9
2026-01-17 14:00:00,4.45,62.23,436.03,3
2026-01-17 15:00:00,1.85,67.68,483.23,8
2026-01-17 16:00:00,2.5,55.4,461.99,10
2026-01-17 17:00:00,2.61,57.85,438.28,5
2026-01-17 18:00:00,3.03,61.53,459.68,9
2026-01-17 19:00:00,-0.36,58.04,440.32,9
2026-01-17 20:00:00,0.43,62.66,468.0,6
2026-01-17 21:00:00,-2.18,64.65,554.54,14
2026-01-17 22:00:00,-2.84,73.54,470.83,7
2026-01-17 23:00:00,-1.78,66.96,476.32,9
2026-01-18 00:00:00,-7.96,75.72,516.87,2
2026-01-18 01:00:00,-6.97,71.39,538.81,10
2026-01-18 02:00:00,-7.48,67.55,578.25,6
2026-01-18 03:00:00,-9.04,72.0,547.95,12
2026-01-18 04:00:00,-5.33,72.38,477.28,3
2026-01-18 05:00:00,-1.84,72.26,524.69,10
2026-01-18 06:00:00,-3.08,66.49,455.67,0
2026-01-18 07:00:00,-1.15,57.57,510.8,10
2026-01-18 08:00:00,1.67,55.24,449.13,7
2026-01-18 09:00:00,3.18,61.14,467.34,10
2026-01-18 10:00:00,1.35,52.36,408.28,6
2026-01-18 11:00:00,5.02,70.46,438.37,4
2026-01-18 12:00:00,3.14,65.79,452.02,6
2026-01-18 13:00:00,1.68,60.65,457.78,9
2026-01-18 14:00:00,2.3,57.84,432.28,10
2026-01-18 15:00:00,0.39,69.87,489.04,9
2026-01-18 16:00:00,1.18,58.61,466.58,4
2026-01-18 17:00:00,1.6,58.79,476.34,15
2026-01-18 18:00:00,3.1,59.0,440.97,9
2026-01-18 19:00:00,3.97,62.79,454.4,6
2026-01-18 20:00:00,-3.28,70.4,558.06,10
2026-01-18 21:00:00,-0.76,71.5,516.87,9
2026-01-18 22:00:00,-4.59,73.44,524.42,7
2026-01-18 23:00:00,-2.39,66.68,487.69,7
2026-01-19 00:00:00,-4.14,73.0,532.55,12
2026-01-19 01:00:00,-7.93,67.2,537.75,15
2026-01-19 02:00:00,-2.55,57.68,456.71,0
2026-01-19 03:00:00,-5.48,65.48,569.94,13
2026-01-19 04:00:00,-4.94,64.43,518.38,8
2026-01-19 05:00:00,-5.38,65.6,509.65,9
2026-01-19 06:00:00,-3.72,62.81,509.67,13
2026-01-19 07:00:00,-0.59,63.11,448.4,0
2026-01-19 08:00:00,-0.79,68.65,653.95,57
2026-01-19 09:00:00,1.28,72.68,543.94,31
2026-01-19 10:00:00,2.31,54.75,628.69,43
2026-01-19 11:00:00,5.06,55.02,550.98,45
2026-01-19 12:00:00,2.37,59.38,606.98,51
2026-01-19 13:00:00,0.5,68.48,623.1,43
2026-01-19 14:00:00,5.72,59.97,561.19,44
2026-01-19 15:00:00,2.79,59.43,582.97,40
2026-01-19 16:00:00,5.28,64.88,647.17,55
2026-01-19 17:00:00,3.19,67.55,506.15,31
2026-01-19 18:00:00,1.33,63.98,616.32,41
2026-01-19 19:00:00,1.32,59.99,456.25,10
2026-01-19 20:00:00,3.49,63.91,430.7,5
2026-01-19 21:00:00,2.71,61.94,492.67,6
2026-01-19 22:00:00,-2.27,65.38,461.98,8
2026-01-19 23:00:00,-2.92,64.48,491.05,2
2026-01-20 00:00:00,-1.62,70.76,532.97,10
2026-01-20 01:00:00,-5.86,70.35,480.07,0
2026-01-20 02:00:00,-3.64,72.73,502.4,9
2026-01-20 03:00:00,-4.22,74.64,517.57,10
2026-01-20 04:00:00,-3.14,69.49,476.78,5
2026-01-20 05:00:00,-4.8,65.83,498.98,3
2026-01-20 06:00:00,-5.48,74.04,544.89,6
2026-01-20 07:00:00,-5.49,71.17,527.98,11
2026-01-20 08:00:00,-2.54,79.79,726.97,56
2026-01-20 09:00:00,-0.19,66.68,615.91,33
2026-01-20 10:00:00,1.11,67.71,598.52,37
2026-01-20 11:00:00,6.4,61.97,602.38,49
2026-01-20 12:00:00,5.37,60.74,551.25,42
2026-01-20 13:00:00,1.63,62.56,567.18,50
2026-01-20 14:00:00,4.39,63.4,589.86,41
2026-01-20 15:00:00,2.74,65.68,685.5,60
2026-01-20 16:00:00,2.59,68.96,614.84,45
2026-01-20 17:00:00,2.89,64.52,722.03,69
2026-01-20 18:00:00,2.93,60.63,609.44,51
2026-01-20 19:00:00,0.05,63.33,491.9,9
2026-01-20 20:00:00,1.82,57.11,480.44,5
2026-01-20 21:00:00,-3.62,75.84,518.89,5
2026-01-20 22:00:00,-2.29,63.9,531.84,9
2026-01-20 23:00:00,2.06,68.39,474.95,2
2026-01-21 00:00:00,-3.22,68.63,471.12,7
2026-01-21 01:00:00,-1.2,67.36,514.85,10
2026-01-21 02:00:00,-4.01,67.22,514.84,13
2026-01-21 03:00:00,-2.9,63.09,447.28,2
2026-01-21 04:00:00,-3.78,62.8,500.89,8
2026-01-21 05:00:00,-3.37,76.0,556.5,8
2026-01-21 06:00:00,-3.76,68.2,497.62,8
2026-01-21 07:00:00,-0.37,70.89,444.0,9
2026-01-21 08:00:00,-1.9,73.26,659.05,57
2026-01-21 09:00:00,2.17,61.43,678.66,60
2026-01-21 10:00:00,3.97,64.34,571.51,44
2026-01-21 11:00:00,3.36,62.87,537.76,43
2026-01-21 12:00:00,2.69,57.33,568.8,46
2026-01-21 13:00:00,4.57,60.87,493.8,21
2026-01-21 14:00:00,3.18,65.71,631.79,48
2026-01-21 15:00:00,5.54,58.63,594.28,52
2026-01-21 16:00:00,-0.4,63.65,650.1,46
2026-01-21 17:00:00,1.96,62.76,645.19,48
2026-01-21 18:00:00,-2.18,77.08,631.77,45
2026-01-21 19:00:00,-2.15,57.34,475.43,5
2026-01-21 20:00:00,2.53,65.74,432.79,5
2026-01-21 21:00:00,0.56,63.34,516.99,16
2026-01-21 22:00:00,-3.64,64.34,477.95,5
2026-01-21 23:00:00,-6.03,67.83,520.85,14
2026-01-22 00:00:00,-9.48,74.97,569.61,10
2026-01-22 01:00:00,-5.04,72.15,540.06,5
2026-01-22 02:00:00,0.75,65.4,466.11,3
2026-01-22 03:00:00,-3.08,72.62,522.9,5
2026-01-22 04:00:00,-4.67,74.61,552.71,10
2026-01-22 05:00:00,-1.99,70.47,484.76,4
2026-01-22 06:00:00,-5.21,65.92,530.34,14
2026-01-22 07:00:00,-1.72,68.67,469.61,7
2026-01-22 08:00:00,0.11,67.42,590.52,46
2026-01-22 09:00:00,0.78,60.38,649.92,46
2026-01-22 10:00:00,3.49,54.71,607.45,51
2026-01-22 11:00:00,3.43,52.48,490.8,31
2026-01-22 12:00:00,4.71,62.05,514.82,20
2026-01-22 13:00:00,2.4,64.81,645.86,54
2026-01-22 14:00:00,5.71,55.1,553.29,34
2026-01-22 15:00:00,7.03,65.31,539.03,39
2026-01-22 16:00:00,1.44,64.76,986.32,23
2026-01-22 17:00:00,0.97,71.07,675.19,55
2026-01-22 18:00:00,4.58,63.64,615.47,49
2026-01-22 19:00:00,0.57,59.27,453.25,6
2026-01-22 20:00:00,2.72,65.39,496.68,10
2026-01-22 21:00:00,-2.01,69.76,498.09,2
2026-01-22 22:00:00,0.82,61.69,470.1,5
2026-01-22 23:00:00,-2.65,59.65,447.72,3
2026-01-23 00:00:00,-2.92,67.55,472.4,8
2026-01-23 01:00:00,-0.71,60.49,509.07,8
2026-01-23 02:00:00,-4.7,73.89,487.27,13
2026-01-23 03:00:00,-5.72,66.97,521.47,8
2026-01-23 04:00:00,-4.34,76.66,509.63,4
2026-01-23 05:00:00,-1.9,55.71,498.45,14
2026-01-23 06:00:00,-5.11,69.25,489.36,0
2026-01-23 07:00:00,0.27,71.96,492.57,8
2026-01-23 08:00:00,-1.05,61.28,609.05,43
2026-01-23 09:00:00,3.36,61.85,637.33,50
2026-01-23 10:00:00,-2.76,64.92,663.05,45
2026-01-23 11:00:00,1.28,60.68,634.77,52
2026-01-23 12:00:00,0.12,66.14,609.1,46
2026-01-23 13:00:00,2.24,56.96,586.93,42
2026-01-23 14:00:00,4.52,61.28,592.71,33
2026-01-23 15:00:00,3.53,65.11,588.79,47
2026-01-23 16:00:00,2.98,61.84,641.87,46
2026-01-23 17:00:00,2.54,58.22,516.7,35
2026-01-23 18:00:00,2.43,68.45,611.06,51
2026-01-23 19:00:00,-0.96,69.32,500.47,14
2026-01-23 20:00:00,1.44,58.79,503.52,13
2026-01-23 21:00:00,0.32,58.31,486.82,12
2026-01-23 22:00:00,-1.2,61.08,518.21,8
2026-01-23 23:00:00,-1.69,68.91,502.57,12
2026-01-24 00:00:00,-2.73,68.29,506.81,9
2026-01-24 01:00:00,0.35,68.71,501.12,16
2026-01-24 02:00:00,-4.03,66.19,547.18,4
2026-01-24 03:00:00,-4.34,63.41,494.17,11
2026-01-24 04:00:00,-4.83,72.97,490.08,3
2026-01-24 05:00:00,-4.75,65.56,502.86,11
2026-01-24 06:00:00,-4.35,68.98,502.78,1
2026-01-24 07:00:00,-2.67,59.12,446.72,3
2026-01-24 08:00:00,0.0,62.15,500.74,3
2026-01-24 09:00:00,1.85,68.75,472.29,9
2026-01-24 10:00:00,2.24,59.85,471.9,9
2026-01-24 11:00:00,1.44,68.06,519.72,18
2026-01-24 12:00:00,5.41,49.56,420.43,8
2026-01-24 13:00:00,5.48,58.36,444.21,11
2026-01-24 14:00:00,3.82,61.47,449.28,9
2026-01-24 15:00:00,2.7,71.82,485.86,11
2026-01-24 16:00:00,4.7,55.86,414.8,9
2026-01-24 17:00:00,3.35,66.01,444.83,12
2026-01-24 18:00:00,-0.75,70.81,492.36,4
2026-01-24 19:00:00,1.04,60.66,434.15,0
2026-01-24 20:00:00,0.67,62.67,427.32,10
2026-01-24 21:00:00,-2.69,67.59,460.85,1
2026-01-24 22:00:00,-1.48,58.63,543.96,13
2026-01-24 23:00:00,-5.6,66.64,511.3,6
2026-01-25 00:00:00,-0.53,71.75,457.76,4
2026-01-25 01:00:00,-1.11,68.39,495.4,19
2026-01-25 02:00:00,-4.24,67.19,499.21,8
2026-01-25 03:00:00,-2.88,67.58,470.61,7
2026-01-25 04:00:00,-8.02,73.52,571.69,11
2026-01-25 05:00:00,-4.88,72.28,537.14,11
2026-01-25 06:00:00,-2.33,63.85,504.82,13
2026-01-25 07:00:00,-2.92,74.72,468.73,3
2026-01-25 08:00:00,1.69,70.4,515.53,10
2026-01-25 09:00:00,5.29,64.68,413.09,7
2026-01-25 10:00:00,-0.09,60.85,443.14,4
2026-01-25 11:00:00,1.42,58.91,456.5,8
2026-01-25 12:00:00,4.2,60.43,409.21,1
2026-01-25 13:00:00,7.35,60.16,442.17,12
2026-01-25 14:00:00,1.82,54.89,473.98,7
2026-01-25 15:00:00,4.62,64.24,454.15,6
2026-01-25 16:00:00,7.37,66.28,478.62,7
2026-01-25 17:00:00,-0.21,68.03,437.13,7
2026-01-25 18:00:00,-0.3,61.83,501.89,13
2026-01-25 19:00:00,0.45,60.71,440.43,4
2026-01-25 20:00:00,-0.78,67.05,530.0,6
2026-01-25 21:00:00,0.85,63.64,471.02,7
2026-01-25 22:00:00,-1.26,68.09,422.73,4
2026-01-25 23:00:00,-6.12,72.29,546.17,9
2026-01-26 00:00:00,-2.05,71.89,495.0,5
2026-01-26 01:00:00,-4.64,62.58,509.62,2
2026-01-26 02:00:00,-1.07,66.86,478.36,10
2026-01-26 03:00:00,-4.74,66.5,550.03,14
2026-01-26 04:00:00,-4.35,67.55,508.89,8
2026-01-26 05:00:00,-1.36,70.28,474.68,8
2026-01-26 06:00:00,-0.09,69.93,489.24,8
2026-01-26 07:00:00,0.24,71.82,477.06,6
2026-01-26 08:00:00,-2.99,69.22,619.14,30
2026-01-26 09:00:00,2.5,62.7,630.04,51
2026-01-26 10:00:00,0.32,63.52,609.06,38
2026-01-26 11:00:00,3.68,53.75,548.94,43
2026-01-26 12:00:00,1.0,71.0,651.81,44
2026-01-26 13:00:00,5.14,59.79,552.45,43
2026-01-26 14:00:00,2.77,65.59,615.4,42
2026-01-26 15:00:00,1.68,67.22,603.12,41
2026-01-26 16:00:00,5.28,55.08,556.41,39
2026-01-26 17:00:00,3.7,57.8,662.47,58
2026-01-26 18:00:00,1.16,71.93,569.8,45
2026-01-26 19:00:00,4.32,63.43,442.16,12
2026-01-26 20:00:00,-0.5,62.45,500.82,9
2026-01-26 21:00:00,-0.59,64.78,549.83,13
2026-01-26 22:00:00,-1.08,71.19,493.56,9
2026-01-26 23:00:00,-3.68,72.25,453.65,8
2026-01-27 00:00:00,-2.01,59.08,495.72,12
2026-01-27 01:00:00,-4.42,,514.51,6
2026-01-27 02:00:00,-4.31,72.85,528.98,4
2026-01-27 03:00:00,-0.63,64.68,484.05,8
2026-01-27 04:00:00,-5.04,62.57,493.87,10
2026-01-27 05:00:00,-7.15,75.27,582.27,12
2026-01-27 06:00:00,1.73,66.17,494.19,12
2026-01-27 07:00:00,4.57,54.51,414.46,8
2026-01-27 08:00:00,-0.3,64.05,687.84,56
2026-01-27 09:00:00,-2.33,82.26,619.66,39
2026-01-27 10:00:00,1.89,63.76,584.42,40
2026-01-27 11:00:00,2.76,59.35,606.3,50
2026-01-27 12:00:00,3.59,57.44,604.71,50
2026-01-27 13:00:00,2.15,72.36,612.04,39
2026-01-27 14:00:00,5.67,65.27,471.56,29
2026-01-27 15:00:00,5.42,68.24,697.37,66
2026-01-27 16:00:00,0.98,65.55,661.22,55
2026-01-27 17:00:00,4.74,67.96,587.0,47
2026-01-27 18:00:00,6.61,56.13,573.54,47
2026-01-27 19:00:00,1.89,64.49,448.02,10
2026-01-27 20:00:00,-0.17,66.55,431.22,6
2026-01-27 21:00:00,-0.81,72.48,445.61,2
2026-01-27 22:00:00,-0.26,66.78,449.35,12
2026-01-27 23:00:00,-5.78,65.92,501.8,11
2026-01-28 00:00:00,-2.5,67.07,443.61,4
2026-01-28 01:00:00,-4.01,59.42,527.5,6
2026-01-28 02:00:00,0.33,53.16,424.49,6
2026-01-28 03:00:00,-3.58,71.66,484.6,1
2026-01-28 04:00:00,0.51,62.77,512.27,11
2026-01-28 05:00:00,-4.4,66.77,548.66,11
2026-01-28 06:00:00,-0.19,69.29,470.24,7
2026-01-28 07:00:00,0.24,71.82,473.82,8
2026-01-28 08:00:00,-1.1,68.44,630.62,42
2026-01-28 09:00:00,2.03,73.22,702.39,53
2026-01-28 10:00:00,5.06,63.97,623.42,52
2026-01-28 11:00:00,2.82,64.54,641.47,50
2026-01-28 12:00:00,0.72,65.7,676.52,45
2026-01-28 13:00:00,4.47,55.45,573.6,41
2026-01-28 14:00:00,2.83,67.8,591.67,34
2026-01-28 15:00:00,3.82,50.1,550.24,34
2026-01-28 16:00:00,3.94,59.31,615.41,48
2026-01-28 17:00:00,0.05,65.08,599.37,44
2026-01-28 18:00:00,-0.59,61.47,583.08,41
2026-01-28 19:00:00,2.64,60.9,426.54,4
2026-01-28 20:00:00,-0.41,74.48,514.15,9
2026-01-28 21:00:00,-5.53,74.39,555.35,9
2026-01-28 22:00:00,0.21,61.43,525.47,13
2026-01-28 23:00:00,-1.65,63.81,492.91,9
2026-01-29 00:00:00,-4.12,61.5,512.05,6
2026-01-29 01:00:00,-5.73,72.54,521.87,3
2026-01-29 02:00:00,-1.56,64.84,463.19,2
2026-01-29 03:00:00,-2.4,56.85,487.79,9
2026-01-29 04:00:00,2.07,64.06,436.27,11
2026-01-29 05:00:00,-1.22,68.05,472.15,4
2026-01-29 06:00:00,-0.46,70.14,487.25,9
2026-01-29 07:00:00,-0.6,65.05,508.43,7
2026-01-29 08:00:00,2.4,61.46,677.68,56
2026-01-29 09:00:00,3.05,72.79,607.78,44
2026-01-29 10:00:00,5.27,61.34,609.62,39
2026-01-29 11:00:00,2.55,66.81,658.2,57
2026-01-29 12:00:00,3.36,59.95,579.63,35
2026-01-29 13:00:00,3.67,65.88,564.91,38
2026-01-29 14:00:00,6.35,53.28,464.16,27
2026-01-29 15:00:00,7.63,57.35,600.61,58
2026-01-29 16:00:00,3.31,56.64,704.57,64
2026-01-29 17:00:00,2.75,60.05,526.53,28
2026-01-29 18:00:00,3.4,68.88,557.65,37
2026-01-29 19:00:00,1.31,61.02,447.59,4
2026-01-29 20:00:00,2.67,66.72,469.82,13
2026-01-29 21:00:00,-4.77,75.93,555.65,8
2026-01-29 22:00:00,-2.89,66.88,585.78,17
2026-01-29 23:00:00,-3.63,72.51,519.1,9
2026-01-30 00:00:00,-7.2,72.7,564.73,10
2026-01-30 01:00:00,-4.89,69.01,527.64,4
2026-01-30 02:00:00,-4.93,72.2,522.42,7
2026-01-30 03:00:00,-3.37,76.56,493.38,8
2026-01-30 04:00:00,-0.34,62.05,457.91,5
2026-01-30 05:00:00,-2.42,61.9,497.73,6
2026-01-30 06:00:00,-3.16,62.12,517.56,10
2026-01-30 07:00:00,-0.25,70.15,446.34,10
2026-01-30 08:00:00,3.0,68.55,591.56,44
2026-01-30 09:00:00,-0.02,62.33,610.47,46
2026-01-30 10:00:00,1.08,53.56,629.38,45
2026-01-30 11:00:00,4.85,58.23,479.2,24
2026-01-30 12:00:00,3.92,64.99,503.22,25
2026-01-30 13:00:00,6.06,60.43,548.72,42
2026-01-30 14:00:00,4.87,62.49,615.93,48
2026-01-30 15:00:00,6.17,58.07,585.94,43
2026-01-30 16:00:00,2.29,68.46,588.19,36
2026-01-30 17:00:00,3.7,64.12,613.71,43
2026-01-30 18:00:00,2.48,66.2,624.93,42
2026-01-30 19:00:00,-0.5,66.14,446.34,10
2026-01-30 20:00:00,-2.23,69.18,490.95,2
2026-01-30 21:00:00,1.24,66.43,468.33,10
2026-01-30 22:00:00,-1.8,61.62,474.31,12
2026-01-30 23:00:00,-3.97,69.65,486.68,3
2026-01-31 00:00:00,-2.62,70.79,510.55,5
2026-01-31 01:00:00,-0.57,71.18,524.31,8
2026-01-31 02:00:00,-7.53,72.35,526.09,12
2026-01-31 03:00:00,-5.82,64.25,530.77,6
2026-01-31 04:00:00,-4.27,63.93,559.8,8
2026-01-31 05:00:00,1.13,62.03,501.71,5
2026-01-31 06:00:00,-0.4,66.23,396.23,8
2026-01-31 07:00:00,1.54,63.31,535.58,12
2026-01-31 08:00:00,-1.24,60.25,509.87,8
2026-01-31 09:00:00,-0.17,59.47,411.51,7
2026-01-31 10:00:00,3.93,51.76,416.28,8
2026-01-31 11:00:00,3.98,46.62,450.08,5
2026-01-31 12:00:00,5.6,60.42,422.65,4
2026-01-31 13:00:00,4.52,73.43,453.46,13
2026-01-31 14:00:00,5.59,70.07,465.18,15
2026-01-31 15:00:00,5.22,56.46,414.42,1
2026-01-31 16:00:00,6.06,61.51,421.59,10
2026-01-31 17:00:00,5.48,53.84,435.81,11
2026-01-31 18:00:00,-0.2,58.58,477.53,3
2026-01-31 19:00:00,-2.42,60.71,468.88,6
2026-01-31 20:00:00,3.04,61.74,407.92,6
2026-01-31 21:00:00,2.38,62.42,471.41,16
2026-01-31 22:00:00,-3.0,68.37,508.95,15
2026-01-31 23:00:00,-5.51,72.17,497.97,4
2026-02-01 00:00:00,-2.09,64.78,428.02,2
2026-02-01 01:00:00,-0.83,65.76,503.48,11
2026-02-01 02:00:00,0.77,58.99,497.43,10
2026-02-01 03:00:00,-1.66,59.44,486.41,13
2026-02-01 04:00:00,-3.03,59.63,464.72,4
2026-02-01 05:00:00,-3.44,70.65,516.93,11
2026-02-01 06:00:00,-0.8,63.87,449.02,5
2026-02-01 07:00:00,-0.46,55.97,509.01,10
2026-02-01 08:00:00,-0.86,65.28,462.26,8
2026-02-01 09:00:00,6.31,54.34,436.27,16
2026-02-01 10:00:00,6.75,68.58,414.98,10
2026-02-01 11:00:00,6.28,57.71,442.13,7
2026-02-01 12:00:00,2.8,66.45,453.21,9
2026-02-01 13:00:00,6.75,65.72,472.81,8
2026-02-01 14:00:00,6.45,55.71,409.31,3
2026-02-01 15:00:00,5.92,61.23,487.36,16
2026-02-01 16:00:00,7.14,62.77,436.58,14
2026-02-01 17:00:00,5.27,61.89,406.93,7
2026-02-01 18:00:00,4.66,63.55,449.97,11
2026-02-01 19:00:00,3.48,55.91,458.7,16
2026-02-01 20:00:00,1.86,66.47,434.15,13
2026-02-01 21:00:00,-3.43,64.97,525.81,7
2026-02-01 22:00:00,-0.66,67.21,484.44,8
2026-02-01 23:00:00,-2.77,71.54,460.37,1
2026-02-02 00:00:00,-4.71,71.64,542.77,11
2026-02-02 01:00:00,0.82,66.17,493.47,13
2026-02-02 02:00:00,0.77,67.67,529.18,13
2026-02-02 03:00:00,0.17,68.32,501.33,11
2026-02-02 04:00:00,-1.64,73.62,499.71,9
2026-02-02 05:00:00,1.19,64.0,469.06,4
2026-02-02 06:00:00,-0.66,66.28,488.52,9
2026-02-02 07:00:00,0.69,69.18,470.34,5
2026-02-02 08:00:00,-0.87,63.16,663.33,45
2026-02-02 09:00:00,3.15,56.12,545.57,40
2026-02-02 10:00:00,3.44,65.06,598.8,50
2026-02-02 11:00:00,1.54,62.89,593.74,43
2026-02-02 12:00:00,4.68,55.69,557.6,41
2026-02-02 13:00:00,5.02,63.99,615.79,45
2026-02-02 14:00:00,8.91,65.92,456.79,29
2026-02-02 15:00:00,6.97,51.97,556.06,44
2026-02-02 16:00:00,4.8,66.75,601.19,51
2026-02-02 17:00:00,4.64,49.07,624.15,46
2026-02-02 18:00:00,3.4,60.62,655.42,55
2026-02-02 19:00:00,1.95,72.84,485.38,11
2026-02-02 20:00:00,-0.85,63.95,476.17,0
2026-02-02 21:00:00,-0.02,65.46,434.1,5
2026-02-02 22:00:00,-2.18,70.34,562.38,11
2026-02-02 23:00:00,-4.01,59.23,478.03,6
2026-02-03 00:00:00,-0.98,66.05,541.16,14
2026-02-03 01:00:00,-1.62,66.46,535.65,15
2026-02-03 02:00:00,-6.11,78.59,534.94,6
2026-02-03 03:00:00,-2.65,60.68,509.59,4
2026-02-03 04:00:00,-0.01,63.1,495.72,7
2026-02-03 05:00:00,0.75,59.83,463.85,6
2026-02-03 06:00:00,1.51,58.77,474.96,14
2026-02-03 07:00:00,0.5,70.29,464.72,4
2026-02-03 08:00:00,-0.23,65.29,591.58,37
2026-02-03 09:00:00,0.33,61.99,655.8,51
2026-02-03 10:00:00,4.15,59.51,610.67,44
2026-02-03 11:00:00,5.05,58.65,567.17,39
2026-02-03 12:00:00,7.5,57.38,552.2,42
2026-02-03 13:00:00,7.52,53.41,628.42,67
2026-02-03 14:00:00,5.2,60.07,637.39,57
2026-02-03 15:00:00,2.84,61.22,616.64,60
2026-02-03 16:00:00,4.29,58.21,496.26,27
2026-02-03 17:00:00,4.72,62.47,595.3,43
2026-02-03 18:00:00,3.06,64.06,597.14,39
2026-02-03 19:00:00,1.34,61.28,461.29,7
2026-02-03 20:00:00,1.97,62.9,463.33,7
2026-02-03 21:00:00,-0.58,76.2,490.32,5
2026-02-03 22:00:00,-1.8,76.86,528.9,11
2026-02-03 23:00:00,-0.75,60.25,486.92,11
2026-02-04 00:00:00,-2.66,62.29,467.66,7
2026-02-04 01:00:00,-1.77,60.94,493.56,7
2026-02-04 02:00:00,-1.85,71.58,530.19,4
2026-02-04 03:00:00,-4.54,66.18,496.24,9
2026-02-04 04:00:00,-2.82,68.17,521.97,14
2026-02-04 05:00:00,1.65,73.83,484.23,14
2026-02-04 06:00:00,-2.72,66.85,551.96,6
2026-02-04 07:00:00,-3.66,71.09,520.01,16
2026-02-04 08:00:00,-2.12,69.08,643.14,45
2026-02-04 09:00:00,2.7,60.17,589.46,45
2026-02-04 10:00:00,3.67,67.73,563.99,44
2026-02-04 11:00:00,4.2,57.81,522.72,37
2026-02-04 12:00:00,7.5,66.45,549.66,37
2026-02-04 13:00:00,0.12,61.98,662.06,50
2026-02-04 14:00:00,6.4,58.13,526.82,38
2026-02-04 15:00:00,8.59,53.54,615.87,53
2026-02-04 16:00:00,2.82,58.41,539.88,44
2026-02-04 17:00:00,3.68,60.29,594.15,53
2026-02-04 18:00:00,2.1,51.37,603.15,51
2026-02-04 19:00:00,0.85,63.24,498.39,15
2026-02-04 20:00:00,0.95,61.79,486.37,15
2026-02-04 21:00:00,3.43,66.55,457.8,11
2026-02-04 22:00:00,3.28,64.82,455.85,6
2026-02-04 23:00:00,-1.89,62.79,517.12,5
2026-02-05 00:00:00,2.1,61.24,490.34,11
2026-02-05 01:00:00,-2.04,65.25,491.96,7
2026-02-05 02:00:00,1.26,71.55,477.72,10
2026-02-05 03:00:00,-2.29,62.49,552.78,16
2026-02-05 04:00:00,-1.45,62.41,538.08,9
2026-02-05 05:00:00,-0.34,59.6,528.82,17
2026-02-05 06:00:00,6.11,53.31,389.46,3
2026-02-05 07:00:00,2.42,64.84,472.13,10
2026-02-05 08:00:00,0.34,65.78,599.47,35
2026-02-05 09:00:00,4.73,68.1,534.35,34
2026-02-05 10:00:00,3.03,68.08,609.96,41
2026-02-05 11:00:00,3.6,74.46,637.59,52
2026-02-05 12:00:00,7.04,59.7,559.95,36
2026-02-05 13:00:00,5.68,59.72,542.89,43
2026-02-05 14:00:00,6.31,54.08,518.96,44
2026-02-05 15:00:00,5.65,64.53,530.15,35
2026-02-05 16:00:00,5.89,61.47,479.04,21
2026-02-05 17:00:00,5.43,64.45,496.01,35
2026-02-05 18:00:00,-0.12,59.39,617.68,48
2026-02-05 19:00:00,4.12,63.87,468.46,6
2026-02-05 20:00:00,-0.21,66.17,491.8,7
2026-02-05 21:00:00,-2.16,67.21,516.82,12
2026-02-05 22:00:00,-0.36,61.84,474.19,14
2026-02-05 23:00:00,-0.91,71.58,501.43,3
2026-02-06 00:00:00,-2.94,77.31,492.79,6
2026-02-06 01:00:00,-0.29,59.65,453.04,2
2026-02-06 02:00:00,-4.78,71.95,561.38,15
2026-02-06 03:00:00,-2.77,52.55,508.42,11
2026-02-06 04:00:00,-2.73,70.25,509.31,0
2026-02-06 05:00:00,-1.01,56.36,492.55,8
2026-02-06 06:00:00,0.46,62.05,475.85,7
2026-02-06 07:00:00,-1.14,59.24,468.29,5
2026-02-06 08:00:00,3.36,61.57,609.36,46
2026-02-06 09:00:00,3.07,67.05,617.82,50
2026-02-06 10:00:00,0.12,55.63,585.03,36
2026-02-06 11:00:00,0.82,62.63,644.78,54
2026-02-06 12:00:00,5.35,58.69,610.86,56
2026-02-06 13:00:00,5.33,69.18,544.03,40
2026-02-06 14:00:00,5.7,63.17,595.6,51
2026-02-06 15:00:00,5.71,55.11,575.17,48
2026-02-06 16:00:00,5.82,58.57,635.65,49
2026-02-06 17:00:00,6.63,68.14,632.75,53
2026-02-06 18:00:00,1.68,67.39,631.84,50
2026-02-06 19:00:00,0.6,59.99,458.09,8
2026-02-06 20:00:00,-0.28,63.86,519.75,14
2026-02-06 21:00:00,1.45,62.81,526.74,11
2026-02-06 22:00:00,2.4,60.63,475.19,8
2026-02-06 23:00:00,-1.78,57.7,449.87,10
2026-02-07 00:00:00,-6.41,66.1,550.09,8
2026-02-07 01:00:00,-5.21,75.59,571.41,12
2026-02-07 02:00:00,-3.61,65.62,569.26,10
2026-02-07 03:00:00,-2.92,66.53,516.82,13
2026-02-07 04:00:00,-2.22,67.26,479.35,3
2026-02-07 05:00:00,-0.69,76.57,491.14,5
2026-02-07 06:00:00,-0.56,65.44,468.15,9
2026-02-07 07:00:00,3.12,68.28,442.17,10
2026-02-07 08:00:00,0.71,61.51,517.93,18
2026-02-07 09:00:00,1.37,62.74,397.73,1
2026-02-07 10:00:00,5.02,61.55,401.64,8
2026-02-07 11:00:00,1.82,59.86,478.49,8
2026-02-07 12:00:00,6.3,59.57,439.48,9
2026-02-07 13:00:00,6.13,65.15,488.06,15
2026-02-07 14:00:00,5.77,56.96,451.05,12
2026-02-07 15:00:00,9.1,58.63,374.7,2
2026-02-07 16:00:00,4.28,65.55,500.96,14
2026-02-07 17:00:00,9.01,54.57,411.1,14
2026-02-07 18:00:00,3.61,67.95,447.36,9
2026-02-07 19:00:00,0.54,64.99,446.16,2
2026-02-07 20:00:00,2.2,62.63,467.34,7
2026-02-07 21:00:00,-1.13,55.75,485.45,10
2026-02-07 22:00:00,-1.44,64.14,467.68,12
2026-02-07 23:00:00,0.03,66.84,444.27,1
2026-02-08 00:00:00,-0.14,73.82,473.06,5
2026-02-08 01:00:00,-2.89,69.86,525.46,12
2026-02-08 02:00:00,0.19,70.5,493.66,14
2026-02-08 03:00:00,0.67,58.49,486.98,10
2026-02-08 04:00:00,1.62,63.23,441.7,13
2026-02-08 05:00:00,0.45,70.79,496.74,10
2026-02-08 06:00:00,2.94,58.5,509.49,12
2026-02-08 07:00:00,-2.58,71.63,491.1,9
2026-02-08 08:00:00,1.58,67.56,476.52,10
2026-02-08 09:00:00,1.52,65.31,440.38,3
2026-02-08 10:00:00,4.45,60.24,444.35,11
2026-02-08 11:00:00,3.9,57.34,394.9,3
2026-02-08 12:00:00,5.35,70.13,500.65,11
2026-02-08 13:00:00,9.84,61.27,398.88,6
2026-02-08 14:00:00,5.88,62.59,418.21,9
2026-02-08 15:00:00,6.91,58.1,382.36,4
2026-02-08 16:00:00,5.22,61.54,426.98,6
2026-02-08 17:00:00,5.2,62.19,385.87,9
2026-02-08 18:00:00,4.23,64.04,481.79,11
2026-02-08 19:00:00,4.15,65.77,450.08,12
2026-02-08 20:00:00,4.55,57.9,427.27,3
2026-02-08 21:00:00,4.48,54.53,420.69,2
2026-02-08 22:00:00,0.84,64.84,479.71,4
2026-02-08 23:00:00,0.57,55.87,461.42,4
2026-02-09 00:00:00,-3.39,65.76,549.38,14
2026-02-09 01:00:00,-1.66,63.62,537.13,13
2026-02-09 02:00:00,0.26,67.28,453.58,4
2026-02-09 03:00:00,0.24,74.74,565.0,15
2026-02-09 04:00:00,-0.67,55.74,505.23,13
2026-02-09 05:00:00,1.32,75.45,449.03,1
2026-02-09 06:00:00,1.36,62.89,427.95,4
2026-02-09 07:00:00,3.74,64.12,415.65,1
2026-02-09 08:00:00,2.95,55.86,666.75,60
2026-02-09 09:00:00,2.7,68.1,588.39,40
2026-02-09 10:00:00,5.05,61.67,660.23,53
2026-02-09 11:00:00,-0.66,65.15,646.87,51
2026-02-09 12:00:00,6.6,50.69,628.17,57
2026-02-09 13:00:00,-1.06,66.11,683.75,64
2026-02-09 14:00:00,2.93,67.18,672.22,48
2026-02-09 15:00:00,7.14,58.82,464.24,28
2026-02-09 16:00:00,6.79,66.12,596.38,38
2026-02-09 17:00:00,2.88,68.65,689.94,67
2026-02-09 18:00:00,2.95,59.73,485.75,31
2026-02-09 19:00:00,6.15,68.67,465.29,8
2026-02-09 20:00:00,1.41,64.24,447.08,3
2026-02-09 21:00:00,5.83,61.17,430.3,11
2026-02-09 22:00:00,0.37,65.24,459.26,0
2026-02-09 23:00:00,0.36,65.09,486.91,7
2026-02-10 00:00:00,2.31,50.24,473.16,12
2026-02-10 01:00:00,-1.07,64.82,524.52,10
2026-02-10 02:00:00,-3.47,60.61,501.13,6
2026-02-10 03:00:00,-1.55,74.22,502.82,5
2026-02-10 04:00:00,-1.0,73.63,476.13,7
2026-02-10 05:00:00,-3.02,71.38,505.79,3
2026-02-10 06:00:00,0.02,63.79,462.31,8
2026-02-10 07:00:00,0.02,59.95,444.39,8
2026-02-10 08:00:00,4.38,58.64,572.66,43
2026-02-10 09:00:00,3.64,72.17,600.36,46
2026-02-10 10:00:00,3.97,58.76,613.97,45
2026-02-10 11:00:00,5.15,49.62,507.88,38
2026-02-10 12:00:00,6.45,65.64,604.46,46
2026-02-10 13:00:00,7.63,67.16,580.5,52
2026-02-10 14:00:00,4.54,70.12,573.57,55
2026-02-10 15:00:00,4.32,67.17,594.65,53
2026-02-10 16:00:00,8.21,65.26,525.85,38
2026-02-10 17:00:00,4.54,62.09,623.91,51
2026-02-10 18:00:00,1.7,53.43,618.41,50
2026-02-10 19:00:00,4.46,62.02,400.63,6
2026-02-10 20:00:00,3.46,65.68,448.96,12
2026-02-10 21:00:00,-1.56,65.42,465.22,9
2026-02-10 22:00:00,0.99,63.4,466.71,6
2026-02-10 23:00:00,1.18,59.35,479.31,12
2026-02-11 00:00:00,-0.02,60.0,496.62,10
2026-02-11 01:00:00,0.1,74.12,418.53,3
2026-02-11 02:00:00,-4.11,77.25,475.33,0
2026-02-11 03:00:00,-0.5,65.34,511.8,3
2026-02-11 04:00:00,-1.37,67.37,516.41,10
2026-02-11 05:00:00,-1.1,60.86,490.32,12
2026-02-11 06:00:00,2.44,66.51,408.44,1
2026-02-11 07:00:00,4.62,70.56,483.71,11
2026-02-11 08:00:00,6.29,52.95,534.72,28
2026-02-11 09:00:00,6.36,62.87,637.96,68
2026-02-11 10:00:00,4.48,64.56,565.99,46
2026-02-11 11:00:00,6.23,63.28,589.88,47
2026-02-11 12:00:00,7.7,67.83,574.77,45
2026-02-11 13:00:00,6.8,70.42,554.86,37
2026-02-11 14:00:00,6.96,58.96,599.29,42
2026-02-11 15:00:00,8.21,62.62,537.78,46
2026-02-11 16:00:00,6.04,61.19,567.73,43
2026-02-11 17:00:00,4.07,58.99,576.59,37
2026-02-11 18:00:00,3.87,63.65,630.9,50
2026-02-11 19:00:00,5.0,64.86,444.21,14
2026-02-11 20:00:00,2.7,64.19,432.86,6
2026-02-11 21:00:00,2.34,58.95,458.4,12
2026-02-11 22:00:00,2.04,61.26,498.13,7
2026-02-11 23:00:00,-0.88,63.34,475.04,12
2026-02-12 00:00:00,0.91,60.15,445.9,5
2026-02-12 01:00:00,-0.24,66.74,512.33,11
2026-02-12 02:00:00,-3.61,69.62,481.8,8
2026-02-12 03:00:00,1.88,68.58,453.28,3
2026-02-12 04:00:00,-1.6,61.83,438.34,7
2026-02-12 05:00:00,-3.28,64.41,529.69,13
2026-02-12 06:00:00,-1.23,73.63,479.72,4
2026-02-12 07:00:00,-0.21,64.33,459.52,2
2026-02-12 08:00:00,2.97,63.07,528.45,32
2026-02-12 09:00:00,3.35,61.78,679.71,64
2026-02-12 10:00:00,4.19,67.73,529.27,29
2026-02-12 11:00:00,6.93,66.01,600.37,44
2026-02-12 12:00:00,7.01,65.66,510.85,26
2026-02-12 13:00:00,7.36,59.98,537.71,48
2026-02-12 14:00:00,7.68,55.26,510.29,39
2026-02-12 15:00:00,7.96,69.05,582.93,53
2026-02-12 16:00:00,2.11,67.8,615.17,45
2026-02-12 17:00:00,4.96,59.24,631.49,59
2026-02-12 18:00:00,0.5,71.77,605.87,41
2026-02-12 19:00:00,3.97,59.54,509.16,7
2026-02-12 20:00:00,2.85,70.06,417.69,1
2026-02-12 21:00:00,3.92,69.65,487.47,9
2026-02-12 22:00:00,3.24,58.13,438.2,7
2026-02-12 23:00:00,0.44,67.6,414.86,6
2026-02-13 00:00:00,-1.43,69.92,495.54,7
2026-02-13 01:00:00,0.14,77.98,505.99,6
2026-02-13 02:00:00,-2.03,62.71,508.87,8
2026-02-13 03:00:00,-0.84,72.75,517.83,13
2026-02-13 04:00:00,1.54,64.01,448.5,4
2026-02-13 05:00:00,-0.91,59.43,482.29,11
2026-02-13 06:00:00,2.64,62.55,480.76,9
2026-02-13 07:00:00,3.35,62.67,444.47,9
2026-02-13 08:00:00,1.12,58.92,602.78,47
2026-02-13 09:00:00,6.01,62.35,564.47,40
2026-02-13 10:00:00,6.43,65.29,565.78,45
2026-02-13 11:00:00,6.06,61.95,620.6,48
2026-02-13 12:00:00,4.97,58.81,592.6,45
2026-02-13 13:00:00,5.18,60.63,596.09,54
2026-02-13 14:00:00,5.96,60.81,559.14,48
2026-02-13 15:00:00,7.98,60.5,564.68,50
2026-02-13 16:00:00,4.58,67.34,718.2,62
2026-02-13 17:00:00,6.73,61.65,596.61,53
2026-02-13 18:00:00,2.55,56.2,687.18,62
2026-02-13 19:00:00,3.66,59.63,407.59,7
2026-02-13 20:00:00,3.25,63.56,423.74,8
2026-02-13 21:00:00,6.89,65.8,398.96,3
2026-02-13 22:00:00,-1.72,72.7,529.56,5
2026-02-13 23:00:00,3.15,71.67,425.05,8
2026-02-14 00:00:00,0.04,65.63,458.21,7
2026-02-14 01:00:00,0.16,68.71,503.71,8
2026-02-14 02:00:00,-0.56,58.12,494.82,3
2026-02-14 03:00:00,0.23,66.99,470.3,3
2026-02-14 04:00:00,-0.57,60.02,507.9,11
2026-02-14 05:00:00,3.28,62.39,413.92,5
2026-02-14 06:00:00,0.29,79.95,443.77,5
2026-02-14 07:00:00,4.43,63.42,414.18,8
2026-02-14 08:00:00,1.91,59.34,421.45,4
2026-02-14 09:00:00,4.11,64.16,467.75,12
2026-02-14 10:00:00,3.06,60.28,399.18,3
2026-02-14 11:00:00,6.94,55.34,421.05,8
2026-02-14 12:00:00,9.55,68.83,384.77,5
2026-02-14 13:00:00,6.91,65.5,411.57,9
2026-02-14 14:00:00,6.81,61.96,435.29,6
2026-02-14 15:00:00,4.83,59.66,410.7,8
2026-02-14 16:00:00,6.21,59.1,479.07,13
2026-02-14 17:00:00,2.84,70.72,469.61,5
2026-02-14 18:00:00,3.37,64.17,414.46,5
2026-02-14 19:00:00,4.69,46.3,450.54,7
2026-02-14 20:00:00,5.84,73.02,433.59,14
2026-02-14 21:00:00,7.78,60.47,443.0,8
2026-02-14 22:00:00,0.03,66.7,507.22,13
2026-02-14 23:00:00,3.24,68.16,412.29,7
2026-02-15 00:00:00,0.39,67.05,463.14,13
2026-02-15 01:00:00,-0.8,69.29,484.19,10
2026-02-15 02:00:00,0.24,62.72,504.85,10
2026-02-15 03:00:00,-0.37,59.11,449.0,2
2026-02-15 04:00:00,0.13,66.31,447.79,2
2026-02-15 05:00:00,-0.27,72.35,504.2,12
2026-02-15 06:00:00,-1.43,62.76,454.66,12
2026-02-15 07:00:00,-0.75,61.89,540.87,18
2026-02-15 08:00:00,4.68,67.83,452.56,2
2026-02-15 09:00:00,3.85,60.02,470.7,10
2026-02-15 10:00:00,4.18,60.02,413.62,4
2026-02-15 11:00:00,6.22,58.78,389.32,5
2026-02-15 12:00:00,8.42,58.78,370.54,6
2026-02-15 13:00:00,7.6,51.82,384.48,10
2026-02-15 14:00:00,6.06,58.06,469.97,5
2026-02-15 15:00:00,9.69,59.37,394.57,8
2026-02-15 16:00:00,9.99,59.12,429.28,11
2026-02-15 17:00:00,7.19,65.76,460.39,13
2026-02-15 18:00:00,7.32,69.07,437.36,11
2026-02-15 19:00:00,6.89,67.74,409.01,10
2026-02-15 20:00:00,5.63,65.63,444.16,7
2026-02-15 21:00:00,3.56,61.76,410.73,6
2026-02-15 22:00:00,2.57,60.09,477.21,10
2026-02-15 23:00:00,1.58,63.98,421.8,4
2026-02-16 00:00:00,-2.11,69.41,489.45,8
2026-02-16 01:00:00,1.08,68.35,443.87,4
2026-02-16 02:00:00,-3.17,70.33,541.92,8
2026-02-16 03:00:00,-1.91,65.73,416.14,4
2026-02-16 04:00:00,2.69,67.05,1033.1,6
2026-02-16 05:00:00,2.4,69.63,431.57,5
2026-02-16 06:00:00,4.52,66.24,427.01,5
2026-02-16 07:00:00,1.97,63.46,469.98,8
2026-02-16 08:00:00,1.24,59.96,591.12,38
2026-02-16 09:00:00,4.1,57.84,615.42,47
2026-02-16 10:00:00,5.75,57.57,534.32,31
2026-02-16 11:00:00,6.53,61.71,582.59,35
2026-02-16 12:00:00,9.28,61.11,568.32,45
2026-02-16 13:00:00,6.69,53.25,570.68,48
2026-02-16 14:00:00,8.25,56.71,474.4,29
2026-02-16 15:00:00,5.43,62.42,523.72,34
2026-02-16 16:00:00,7.91,54.97,572.42,41
2026-02-16 17:00:00,6.38,62.7,655.36,55
2026-02-16 18:00:00,4.04,60.63,582.73,37
2026-02-16 19:00:00,4.11,58.51,363.97,9
2026-02-16 20:00:00,3.18,63.04,402.31,10
2026-02-16 21:00:00,1.97,65.58,432.89,1
2026-02-16 22:00:00,5.09,57.2,417.39,6
2026-02-16 23:00:00,0.52,63.42,480.37,10
2026-02-17 00:00:00,-0.23,67.5,513.09,8
2026-02-17 01:00:00,-4.34,64.23,577.43,17
2026-02-17 02:00:00,-2.07,58.16,484.89,6
2026-02-17 03:00:00,-0.67,57.79,454.59,12
2026-02-17 04:00:00,-1.12,63.69,468.05,11
2026-02-17 05:00:00,3.65,55.85,445.42,9
2026-02-17 06:00:00,1.39,62.29,480.33,9
2026-02-17 07:00:00,5.26,69.64,404.55,7
2026-02-17 08:00:00,3.84,55.42,700.73,69
2026-02-17 09:00:00,4.83,60.21,527.2,42
2026-02-17 10:00:00,5.54,71.78,550.31,52
2026-02-17 11:00:00,6.56,62.45,564.78,49
2026-02-17 12:00:00,10.62,55.73,582.19,49
2026-02-17 13:00:00,2.94,62.16,637.29,45
2026-02-17 14:00:00,3.72,64.55,508.03,33
2026-02-17 15:00:00,6.5,68.93,431.17,18
2026-02-17 16:00:00,7.21,57.3,632.44,58
2026-02-17 17:00:00,7.93,55.66,519.43,39
2026-02-17 18:00:00,6.67,53.44,522.91,26
2026-02-17 19:00:00,3.99,62.73,454.67,6
2026-02-17 20:00:00,5.76,53.94,457.99,11
2026-02-17 21:00:00,4.74,59.36,409.5,7
2026-02-17 22:00:00,2.09,59.0,469.48,8
2026-02-17 23:00:00,2.82,68.4,505.7,7
2026-02-18 00:00:00,0.98,61.77,461.93,6
2026-02-18 01:00:00,-1.09,67.75,523.82,17
2026-02-18 02:00:00,1.29,56.08,436.2,5
2026-02-18 03:00:00,0.25,65.48,404.31,0
2026-02-18 04:00:00,0.43,58.68,429.14,5
2026-02-18 05:00:00,4.01,60.06,421.75,9
2026-02-18 06:00:00,-3.01,78.16,465.44,6
2026-02-18 07:00:00,0.03,69.64,459.22,12
2026-02-18 08:00:00,1.52,63.29,593.78,56
2026-02-18 09:00:00,4.2,78.05,473.35,18
2026-02-18 10:00:00,5.39,56.65,657.65,61
2026-02-18 11:00:00,3.71,68.23,604.21,48
2026-02-18 12:00:00,5.39,53.56,619.32,58
2026-02-18 13:00:00,6.04,59.55,545.52,33
2026-02-18 14:00:00,12.81,49.29,483.02,27
2026-02-18 15:00:00,11.36,58.33,658.05,63
2026-02-18 16:00:00,6.54,60.7,536.82,36
2026-02-18 17:00:00,6.0,59.26,553.95,42
2026-02-18 18:00:00,3.6,67.94,610.34,50
2026-02-18 19:00:00,1.11,61.38,483.88,9
2026-02-18 20:00:00,3.66,64.07,439.92,7
2026-02-18 21:00:00,0.86,68.5,473.88,9
2026-02-18 22:00:00,1.73,56.38,466.76,11
2026-02-18 23:00:00,-2.13,62.75,484.08,12
2026-02-19 00:00:00,-0.91,65.91,429.79,9
2026-02-19 01:00:00,0.51,67.79,467.63,10
2026-02-19 02:00:00,0.81,71.54,505.02,6
2026-02-19 03:00:00,1.05,63.19,521.57,13
2026-02-19 04:00:00,-2.03,64.84,503.41,4
2026-02-19 05:00:00,2.96,58.57,433.55,7
2026-02-19 06:00:00,0.47,66.32,475.28,13
2026-02-19 07:00:00,4.31,60.5,472.87,6
2026-02-19 08:00:00,4.05,60.79,561.64,45
2026-02-19 09:00:00,2.36,62.88,624.48,50
2026-02-19 10:00:00,5.44,63.95,620.4,44
2026-02-19 11:00:00,7.63,56.84,590.06,52
2026-02-19 12:00:00,8.76,55.0,627.96,67
2026-02-19 13:00:00,7.66,61.8,537.53,32
2026-02-19 14:00:00,11.14,42.07,392.83,13
2026-02-19 15:00:00,9.95,55.01,526.66,41
2026-02-19 16:00:00,7.03,54.33,579.76,40
2026-02-19 17:00:00,8.4,65.13,480.15,41
2026-02-19 18:00:00,9.94,55.84,511.04,36
2026-02-19 19:00:00,9.03,55.87,399.84,13
2026-02-19 20:00:00,1.62,63.62,459.25,8
2026-02-19 21:00:00,1.19,61.19,462.54,7
2026-02-19 22:00:00,5.04,59.46,422.36,10
2026-02-19 23:00:00,-0.87,66.09,500.67,10
2026-02-20 00:00:00,-1.85,64.19,483.36,3
2026-02-20 01:00:00,-0.58,63.26,490.12,9
2026-02-20 02:00:00,1.1,59.18,463.31,7
2026-02-20 03:00:00,0.19,59.1,462.12,6
2026-02-20 04:00:00,-0.51,65.66,469.11,5
2026-02-20 05:00:00,0.08,66.48,470.53,5
2026-02-20 06:00:00,0.83,57.28,461.71,13
2026-02-20 07:00:00,1.46,67.78,494.46,7
2026-02-20 08:00:00,8.82,62.65,543.95,43
2026-02-20 09:00:00,5.89,65.75,526.82,34
2026-02-20 10:00:00,8.03,60.88,590.81,51
2026-02-20 11:00:00,6.11,63.91,602.49,52
2026-02-20 12:00:00,7.35,70.78,591.94,42
2026-02-20 13:00:00,6.69,58.81,560.71,38
2026-02-20 14:00:00,2.95,57.71,622.75,51
2026-02-20 15:00:00,5.36,53.58,592.1,44
2026-02-20 16:00:00,4.1,70.91,660.88,59
2026-02-20 17:00:00,2.58,72.04,653.02,63
2026-02-20 18:00:00,3.86,57.67,651.5,55
2026-02-20 19:00:00,7.94,55.81,340.26,3
2026-02-20 20:00:00,4.17,60.46,387.65,17
2026-02-20 21:00:00,5.8,67.06,443.64,6
2026-02-20 22:00:00,3.08,56.41,436.56,3
2026-02-20 23:00:00,2.99,53.07,489.79,17
2026-02-21 00:00:00,-0.83,76.42,516.88,5
2026-02-21 01:00:00,1.62,65.43,438.8,2
2026-02-21 02:00:00,1.89,65.95,435.61,3
2026-02-21 03:00:00,-0.58,64.38,504.35,9
2026-02-21 04:00:00,2.09,65.86,444.84,8
2026-02-21 05:00:00,2.74,55.51,429.15,5
2026-02-21 06:00:00,1.34,59.86,461.73,6
2026-02-21 07:00:00,1.16,64.72,477.68,8
2026-02-21 08:00:00,2.07,52.2,464.06,13
2026-02-21 09:00:00,5.65,59.54,421.53,9
2026-02-21 10:00:00,7.09,58.22,378.83,6
2026-02-21 11:00:00,5.68,59.51,404.83,7
2026-02-21 12:00:00,7.95,56.68,465.5,11
2026-02-21 13:00:00,9.44,53.41,413.43,15
2026-02-21 14:00:00,9.67,49.12,374.96,4
2026-02-21 15:00:00,11.4,57.74,361.5,12
2026-02-21 16:00:00,10.46,56.18,446.38,7
2026-02-21 17:00:00,5.26,54.44,379.92,2
2026-02-21 18:00:00,9.8,58.45,335.79,1
2026-02-21 19:00:00,4.41,60.44,458.88,13
2026-02-21 20:00:00,6.53,58.13,421.23,14
2026-02-21 21:00:00,3.54,51.74,439.11,6
2026-02-21 22:00:00,1.61,67.28,425.74,7
2026-02-21 23:00:00,-2.01,60.24,490.15,1
2026-02-22 00:00:00,0.81,64.75,506.97,11
2026-02-22 01:00:00,-2.36,62.61,491.56,8
2026-02-22 02:00:00,2.56,61.27,388.34,2
2026-02-22 03:00:00,3.79,68.11,433.13,9
2026-02-22 04:00:00,-0.44,67.96,463.2,2
2026-02-22 05:00:00,2.4,68.97,440.66,10
2026-02-22 06:00:00,1.17,65.83,425.78,4
2026-02-22 07:00:00,2.33,65.35,491.27,9
2026-02-22 08:00:00,6.17,51.78,411.48,5
2026-02-22 09:00:00,5.58,59.51,400.05,0
2026-02-22 10:00:00,10.1,56.81,419.76,12
2026-02-22 11:00:00,6.49,66.58,440.1,12
2026-02-22 12:00:00,10.08,55.41,379.82,6
2026-02-22 13:00:00,8.68,60.25,420.55,9
2026-02-22 14:00:00,10.21,58.98,418.72,10
2026-02-22 15:00:00,7.59,65.47,437.64,10
2026-02-22 16:00:00,7.99,58.74,473.22,15
2026-02-22 17:00:00,7.22,64.09,426.8,10
2026-02-22 18:00:00,4.95,53.01,389.41,7
2026-02-22 19:00:00,6.98,52.04,445.84,10
2026-02-22 20:00:00,5.92,49.44,405.17,6
2026-02-22 21:00:00,4.77,65.59,404.02,4
2026-02-22 22:00:00,5.7,64.38,469.27,13
2026-02-22 23:00:00,4.69,66.2,459.24,10
2026-02-23 00:00:00,0.59,61.2,408.46,1
2026-02-23 01:00:00,1.69,61.0,467.11,5
2026-02-23 02:00:00,-0.44,64.7,540.27,11
2026-02-23 03:00:00,0.99,71.53,458.37,2
2026-02-23 04:00:00,0.14,73.37,465.1,5
2026-02-23 05:00:00,5.22,65.32,437.36,19
2026-02-23 06:00:00,3.53,64.18,495.06,7
2026-02-23 07:00:00,3.34,69.34,459.19,12
2026-02-23 08:00:00,7.19,58.69,497.23,37
2026-02-23 09:00:00,1.5,61.99,628.5,49
2026-02-23 10:00:00,2.78,62.41,570.55,31
2026-02-23 11:00:00,9.23,53.65,605.31,53
2026-02-23 12:00:00,8.39,58.25,578.63,55
2026-02-23 13:00:00,9.17,52.99,534.08,43
2026-02-23 14:00:00,6.15,65.82,546.48,37
2026-02-23 15:00:00,8.62,61.68,486.35,22
2026-02-23 16:00:00,12.28,63.55,574.0,53
2026-02-23 17:00:00,9.28,50.36,626.88,65
2026-02-23 18:00:00,7.15,69.51,667.13,63
2026-02-23 19:00:00,4.96,53.66,393.38,8
2026-02-23 20:00:00,4.02,56.2,447.99,8
2026-02-23 21:00:00,-0.49,62.24,492.99,10
2026-02-23 22:00:00,3.32,69.21,424.62,1
2026-02-23 23:00:00,3.67,63.56,428.47,5
2026-02-24 00:00:00,-1.62,64.92,505.82,11
2026-02-24 01:00:00,-0.19,61.17,478.09,12
2026-02-24 02:00:00,-1.32,59.05,557.7,9
2026-02-24 03:00:00,-0.8,71.22,527.77,9
2026-02-24 04:00:00,1.64,67.85,500.95,10
2026-02-24 05:00:00,-2.0,73.16,502.64,12
2026-02-24 06:00:00,4.22,64.03,396.7,2
2026-02-24 07:00:00,5.47,47.96,407.19,6
2026-02-24 08:00:00,4.49,55.63,541.7,34
2026-02-24 09:00:00,1.07,66.58,599.28,49
2026-02-24 10:00:00,5.0,59.65,580.28,42
2026-02-24 11:00:00,10.29,55.0,553.66,43
2026-02-24 12:00:00,2.9,57.45,573.33,53
2026-02-24 13:00:00,8.16,64.02,553.3,49
2026-02-24 14:00:00,6.63,62.64,597.07,44
2026-02-24 15:00:00,10.47,60.18,615.22,62
2026-02-24 16:00:00,7.11,56.86,570.49,52
2026-02-24 17:00:00,8.63,59.84,554.58,41
2026-02-24 18:00:00,8.12,52.62,521.4,41
2026-02-24 19:00:00,9.7,57.56,384.99,7
2026-02-24 20:00:00,4.59,49.15,382.3,4
2026-02-24 21:00:00,4.71,53.86,454.56,14
2026-02-24 22:00:00,0.02,63.37,521.76,13
2026-02-24 23:00:00,4.55,73.69,421.36,4
2026-02-25 00:00:00,0.2,55.86,491.58,10
2026-02-25 01:00:00,0.2,58.64,464.87,7
2026-02-25 02:00:00,1.14,65.29,506.01,10
2026-02-25 03:00:00,-1.81,75.11,474.96,4
2026-02-25 04:00:00,2.18,64.49,513.01,11
2026-02-25 05:00:00,4.29,65.51,480.26,13
2026-02-25 06:00:00,3.77,60.67,435.34,4
2026-02-25 07:00:00,0.97,61.77,475.76,8
2026-02-25 08:00:00,4.93,61.96,593.23,50
2026-02-25 09:00:00,7.7,56.32,545.95,45
2026-02-25 10:00:00,3.43,66.22,530.6,26
2026-02-25 11:00:00,5.86,52.87,527.97,42
2026-02-25 12:00:00,10.4,62.17,551.31,51
2026-02-25 13:00:00,9.59,58.49,479.63,35
2026-02-25 14:00:00,10.01,56.92,560.41,47
2026-02-25 15:00:00,12.76,47.85,542.1,49
2026-02-25 16:00:00,9.58,53.39,616.46,56
2026-02-25 17:00:00,9.33,64.46,611.1,62
2026-02-25 18:00:00,12.6,55.13,481.97,41
2026-02-25 19:00:00,5.79,62.34,385.49,6
2026-02-25 20:00:00,3.59,58.09,479.39,15
2026-02-25 21:00:00,5.0,61.35,483.46,11
2026-02-25 22:00:00,4.06,55.3,459.32,14
2026-02-25 23:00:00,1.3,64.59,483.91,12
2026-02-26 00:00:00,-0.16,66.96,459.56,3
2026-02-26 01:00:00,6.13,62.31,418.0,4
2026-02-26 02:00:00,2.03,59.06,470.83,5
2026-02-26 03:00:00,0.04,63.26,515.89,6
2026-02-26 04:00:00,3.74,65.07,449.74,5
2026-02-26 05:00:00,2.33,62.32,462.36,6
2026-02-26 06:00:00,2.87,61.56,456.58,11
2026-02-26 07:00:00,5.46,70.69,438.34,9
2026-02-26 08:00:00,2.79,58.29,610.31,49
2026-02-26 09:00:00,7.11,65.42,528.47,37
2026-02-26 10:00:00,11.2,51.39,446.61,24
2026-02-26 11:00:00,9.13,61.88,589.69,51
2026-02-26 12:00:00,8.08,62.88,589.07,52
2026-02-26 13:00:00,8.22,56.69,537.94,43
2026-02-26 14:00:00,8.55,52.93,575.23,51
2026-02-26 15:00:00,8.73,49.04,505.48,42
2026-02-26 16:00:00,8.08,56.27,617.14,56
2026-02-26 17:00:00,10.03,60.61,571.6,55
2026-02-26 18:00:00,3.91,56.88,493.83,29
2026-02-26 19:00:00,8.13,59.79,439.0,13
2026-02-26 20:00:00,4.61,54.39,453.27,10
2026-02-26 21:00:00,5.09,60.27,416.65,9
2026-02-26 22:00:00,1.12,58.48,479.35,8
2026-02-26 23:00:00,5.2,60.97,441.5,6
2026-02-27 00:00:00,4.59,59.28,468.26,4
2026-02-27 01:00:00,3.62,56.52,440.43,9
2026-02-27 02:00:00,-1.47,62.73,477.94,6
2026-02-27 03:00:00,3.36,57.98,423.57,6
2026-02-27 04:00:00,2.91,56.39,487.67,15
2026-02-27 05:00:00,-0.48,70.75,485.52,8
2026-02-27 06:00:00,3.51,60.74,439.17,0
2026-02-27 07:00:00,5.26,50.31,404.77,6
2026-02-27 08:00:00,6.68,57.21,532.94,34
2026-02-27 09:00:00,6.95,64.71,579.75,49
2026-02-27 10:00:00,8.15,55.49,572.42,61
2026-02-27 11:00:00,11.34,64.55,534.5,41
2026-02-27 12:00:00,11.48,52.68,514.62,54
2026-02-27 13:00:00,3.69,64.93,558.93,37
2026-02-27 14:00:00,8.93,63.93,550.97,45
2026-02-27 15:00:00,9.1,60.88,503.24,33
2026-02-27 16:00:00,5.52,54.26,574.84,45
2026-02-27 17:00:00,8.58,54.28,545.06,44
2026-02-27 18:00:00,10.06,63.81,577.96,51
2026-02-27 19:00:00,4.43,57.88,439.67,9
2026-02-27 20:00:00,6.24,65.51,497.4,9
2026-02-27 21:00:00,2.7,60.96,462.67,13
2026-02-27 22:00:00,2.22,64.15,420.25,6
2026-02-27 23:00:00,5.69,54.09,392.31,9
2026-02-28 00:00:00,1.21,61.11,520.83,18
2026-02-28 01:00:00,2.82,58.65,409.94,8
2026-02-28 02:00:00,-1.99,67.52,465.63,8
2026-02-28 03:00:00,5.62,61.53,376.23,3
2026-02-28 04:00:00,3.5,64.87,449.93,5
2026-02-28 05:00:00,2.56,60.75,485.67,8
2026-02-28 06:00:00,4.91,56.91,417.21,10
2026-02-28 07:00:00,1.9,64.58,483.4,11
2026-02-28 08:00:00,8.12,54.17,343.66,9
2026-02-28 09:00:00,6.14,66.09,423.97,11
2026-02-28 10:00:00,7.35,59.28,413.72,4
2026-02-28 11:00:00,7.6,58.05,411.65,10
2026-02-28 12:00:00,8.06,61.67,435.93,8
2026-02-28 13:00:00,11.01,56.91,329.63,8
2026-02-28 14:00:00,10.27,49.52,718.01,7
2026-02-28 15:00:00,10.92,52.05,376.32,4
2026-02-28 16:00:00,9.2,63.85,395.02,3
2026-02-28 17:00:00,9.61,58.69,414.12,9
2026-02-28 18:00:00,6.92,51.75,425.21,10
2026-02-28 19:00:00,11.25,58.89,352.43,7
2026-02-28 20:00:00,2.62,60.37,433.62,8
2026-02-28 21:00:00,7.24,55.56,458.89,5
2026-02-28 22:00:00,6.49,54.73,394.42,10
2026-02-28 23:00:00,1.22,69.14,437.11,8
2026-03-01 00:00:00,6.94,50.31,421.84,7
2026-03-01 01:00:00,4.08,57.96,427.13,11
2026-03-01 02:00:00,3.89,62.88,500.29,11
2026-03-01 03:00:00,2.14,,509.76,2
2026-03-01 04:00:00,2.05,66.33,457.42,8
2026-03-01 05:00:00,2.7,58.88,443.89,4
2026-03-01 06:00:00,4.73,69.34,400.24,9
2026-03-01 07:00:00,7.72,52.82,400.31,0
2026-03-01 08:00:00,6.31,61.91,372.22,9
2026-03-01 09:00:00,5.16,63.83,413.67,11
2026-03-01 10:00:00,9.6,53.88,393.5,8
2026-03-01 11:00:00,10.62,61.05,384.94,3
2026-03-01 12:00:00,10.72,54.92,378.36,16
2026-03-01 13:00:00,11.3,60.56,388.95,13
2026-03-01 14:00:00,9.41,49.22,340.07,6
2026-03-01 15:00:00,7.96,61.11,399.14,7
2026-03-01 16:00:00,7.68,57.57,358.92,0
2026-03-01 17:00:00,5.51,66.89,427.14,10
2026-03-01 18:00:00,8.42,58.88,400.09,3
2026-03-01 19:00:00,6.82,66.47,442.34,11
2026-03-01 20:00:00,5.07,63.99,467.08,12
2026-03-01 21:00:00,-1.0,65.06,481.67,8
2026-03-01 22:00:00,1.46,67.92,469.59,4
2026-03-01 23:00:00,5.36,65.22,454.38,13
2026-03-02 00:00:00,1.35,66.41,456.07,8
2026-03-02 01:00:00,3.0,51.44,458.89,8
2026-03-02 02:00:00,-0.64,60.53,454.03,4
2026-03-02 03:00:00,5.16,68.31,434.23,9
2026-03-02 04:00:00,2.39,57.05,475.96,7
2026-03-02 05:00:00,3.9,66.68,451.27,3
2026-03-02 06:00:00,8.8,62.37,419.54,13
2026-03-02 07:00:00,8.14,55.67,455.37,15
2026-03-02 08:00:00,5.53,51.15,541.36,46
2026-03-02 09:00:00,5.99,57.96,538.33,38
2026-03-02 10:00:00,7.49,70.14,514.38,36
2026-03-02 11:00:00,,53.69,519.89,41
2026-03-02 12:00:00,9.4,54.45,576.56,49
2026-03-02 13:00:00,9.22,53.56,550.22,43
2026-03-02 14:00:00,13.08,61.92,494.13,36
2026-03-02 15:00:00,9.78,56.94,517.95,38
2026-03-02 16:00:00,14.21,51.92,481.34,41
2026-03-02 17:00:00,9.15,65.66,543.34,35
2026-03-02 18:00:00,11.72,59.7,461.09,38
2026-03-02 19:00:00,7.89,54.88,403.54,11
2026-03-02 20:00:00,8.07,53.23,415.02,8
2026-03-02 21:00:00,3.66,68.23,459.02,0
2026-03-02 22:00:00,2.44,63.38,454.73,10
2026-03-02 23:00:00,4.24,54.29,454.33,14
2026-03-03 00:00:00,4.85,52.69,397.53,8
2026-03-03 01:00:00,2.56,57.63,453.89,12
2026-03-03 02:00:00,-0.23,58.96,484.65,6
2026-03-03 03:00:00,-0.24,54.94,520.43,10
2026-03-03 04:00:00,0.02,59.49,454.16,5
2026-03-03 05:00:00,-0.02,60.42,450.6,7
2026-03-03 06:00:00,4.56,59.49,435.04,7
2026-03-03 07:00:00,7.56,68.18,387.35,10
2026-03-03 08:00:00,6.31,59.25,657.99,59
2026-03-03 09:00:00,2.86,62.16,596.61,52
2026-03-03 10:00:00,7.96,61.97,537.85,38
2026-03-03 11:00:00,8.84,57.62,564.5,47
2026-03-03 12:00:00,14.0,57.2,562.44,55
2026-03-03 13:00:00,7.29,61.3,573.34,46
2026-03-03 14:00:00,9.56,58.92,607.0,61
2026-03-03 15:00:00,13.62,69.3,647.94,74
2026-03-03 16:00:00,10.71,62.06,553.83,44
2026-03-03 17:00:00,10.3,52.38,555.15,39
2026-03-03 18:00:00,8.57,60.85,486.98,35
2026-03-03 19:00:00,8.04,55.42,396.33,17
2026-03-03 20:00:00,7.9,61.7,385.4,11
2026-03-03 21:00:00,3.69,55.54,404.39,10
2026-03-03 22:00:00,6.1,55.19,403.76,11
2026-03-03 23:00:00,0.77,66.18,407.65,0
2026-03-04 00:00:00,3.73,67.38,444.75,9
2026-03-04 01:00:00,3.03,65.39,490.0,12
2026-03-04 02:00:00,1.31,68.36,487.25,8
2026-03-04 03:00:00,2.63,65.03,440.74,8
2026-03-04 04:00:00,1.83,64.58,434.6,4
2026-03-04 05:00:00,1.57,61.39,505.91,6
2026-03-04 06:00:00,3.83,66.38,449.99,5
2026-03-04 07:00:00,3.29,67.82,474.2,12
2026-03-04 08:00:00,7.18,59.66,594.71,52
2026-03-04 09:00:00,5.27,60.72,580.43,47
2026-03-04 10:00:00,9.96,65.98,660.71,61
2026-03-04 11:00:00,7.0,60.0,617.05,59
2026-03-04 12:00:00,8.87,59.17,567.48,48
2026-03-04 13:00:00,9.15,61.01,619.41,73
2026-03-04 14:00:00,13.19,55.28,486.91,43
2026-03-04 15:00:00,11.06,53.15,558.18,56
2026-03-04 16:00:00,9.58,60.18,541.95,41
2026-03-04 17:00:00,10.36,57.55,553.86,54
2026-03-04 18:00:00,4.32,71.18,587.63,43
2026-03-04 19:00:00,7.49,63.7,423.78,13
2026-03-04 20:00:00,10.53,54.65,362.5,9
2026-03-04 21:00:00,5.77,64.61,422.68,13
2026-03-04 22:00:00,4.67,63.27,413.11,3
2026-03-04 23:00:00,4.81,68.18,435.74,6
2026-03-05 00:00:00,5.06,58.83,430.75,9
2026-03-05 01:00:00,-1.12,66.73,471.11,9
2026-03-05 02:00:00,-0.63,64.94,502.4,14
2026-03-05 03:00:00,3.29,62.99,425.99,4
2026-03-05 04:00:00,1.84,59.28,424.05,6
2026-03-05 05:00:00,6.53,63.31,425.11,8
2026-03-05 06:00:00,4.11,64.22,481.48,6
2026-03-05 07:00:00,1.83,70.14,447.04,4
2026-03-05 08:00:00,4.2,62.01,576.1,51
2026-03-05 09:00:00,2.27,61.35,618.08,39
2026-03-05 10:00:00,8.27,63.16,578.92,42
2026-03-05 11:00:00,9.19,54.6,536.87,34
2026-03-05 12:00:00,9.35,63.88,530.1,40
2026-03-05 13:00:00,12.76,61.48,497.36,44
2026-03-05 14:00:00,13.13,62.09,429.87,28
2026-03-05 15:00:00,10.26,59.7,591.29,51
2026-03-05 16:00:00,5.93,58.42,654.31,55
2026-03-05 17:00:00,10.8,57.99,510.67,45
2026-03-05 18:00:00,9.85,60.01,372.34,18
2026-03-05 19:00:00,8.39,56.33,392.63,5
2026-03-05 20:00:00,8.7,65.58,396.86,11
2026-03-05 21:00:00,3.37,65.54,427.79,7
2026-03-05 22:00:00,8.75,54.41,394.0,8
2026-03-05 23:00:00,1.99,73.02,481.56,9
2026-03-06 00:00:00,4.97,62.01,430.02,11
2026-03-06 01:00:00,-0.3,59.74,510.46,16
2026-03-06 02:00:00,1.08,60.1,450.52,5
2026-03-06 03:00:00,6.1,68.17,374.9,8
2026-03-06 04:00:00,2.95,72.06,449.92,2
2026-03-06 05:00:00,5.79,66.0,444.93,14
2026-03-06 06:00:00,5.41,67.81,406.08,8
2026-03-06 07:00:00,5.69,67.1,411.21,7
2026-03-06 08:00:00,9.66,61.02,557.05,47
2026-03-06 09:00:00,7.5,61.4,614.85,58
2026-03-06 10:00:00,5.37,63.94,674.48,64
2026-03-06 11:00:00,8.16,62.97,502.69,28
2026-03-06 12:00:00,11.5,53.24,493.87,45
2026-03-06 13:00:00,11.59,60.55,454.13,45
2026-03-06 14:00:00,7.8,66.83,550.9,41
2026-03-06 15:00:00,9.35,57.42,600.15,55
2026-03-06 16:00:00,9.24,56.97,550.9,48
2026-03-06 17:00:00,9.03,61.06,644.12,64
2026-03-06 18:00:00,6.18,57.42,589.44,56
2026-03-06 19:00:00,6.71,53.72,394.16,5
2026-03-06 20:00:00,5.48,66.9,423.36,11
2026-03-06 21:00:00,7.44,57.53,414.36,4
2026-03-06 22:00:00,6.55,60.5,388.63,5
2026-03-06 23:00:00,3.82,59.28,496.92,9
2026-03-07 00:00:00,2.89,69.36,427.09,3
2026-03-07 01:00:00,3.55,66.78,455.55,4
2026-03-07 02:00:00,1.5,62.74,476.78,14
2026-03-07 03:00:00,0.98,58.42,520.2,13
2026-03-07 04:00:00,1.79,62.01,530.4,17
2026-03-07 05:00:00,3.04,65.72,453.39,10
2026-03-07 06:00:00,2.81,63.98,471.89,11
2026-03-07 07:00:00,6.42,61.05,452.81,7
2026-03-07 08:00:00,8.6,60.04,407.27,7
2026-03-07 09:00:00,5.0,65.3,429.19,11
2026-03-07 10:00:00,9.19,58.36,422.74,13
2026-03-07 11:00:00,9.52,60.58,392.15,11
2026-03-07 12:00:00,11.28,52.17,367.81,5
2026-03-07 13:00:00,10.97,70.09,380.86,10
2026-03-07 14:00:00,8.23,57.82,403.42,5
2026-03-07 15:00:00,8.47,60.09,356.36,7
2026-03-07 16:00:00,10.66,60.37,387.16,15
2026-03-07 17:00:00,12.02,54.53,334.43,3
2026-03-07 18:00:00,4.71,61.74,468.43,17
2026-03-07 19:00:00,8.86,58.77,373.11,10
2026-03-07 20:00:00,9.52,53.77,363.35,6
2026-03-07 21:00:00,5.79,63.14,450.7,8
2026-03-07 22:00:00,6.24,52.39,429.49,5
2026-03-07 23:00:00,2.9,71.73,388.08,6
2026-03-08 00:00:00,3.63,66.42,436.57,8
2026-03-08 01:00:00,0.23,68.03,505.18,7
2026-03-08 02:00:00,-1.35,57.26,477.35,4
2026-03-08 03:00:00,5.36,57.29,435.6,7
2026-03-08 04:00:00,1.9,70.61,460.34,3
2026-03-08 05:00:00,3.6,83.24,419.49,3
2026-03-08 06:00:00,2.56,69.18,445.67,3
2026-03-08 07:00:00,3.48,67.75,490.88,15
2026-03-08 08:00:00,6.99,62.73,429.44,10
2026-03-08 09:00:00,6.91,55.92,415.13,10
2026-03-08 10:00:00,10.09,62.91,394.56,8
2026-03-08 11:00:00,11.07,51.74,358.43,10
2026-03-08 12:00:00,11.44,50.94,409.38,13
2026-03-08 13:00:00,11.68,50.46,343.59,10
2026-03-08 14:00:00,14.49,59.73,363.69,15
2026-03-08 15:00:00,9.07,58.37,416.62,8
2026-03-08 16:00:00,10.69,58.02,403.73,10
2026-03-08 17:00:00,12.43,56.22,370.69,11
2026-03-08 18:00:00,11.87,51.07,314.2,4
2026-03-08 19:00:00,5.53,57.78,427.52,8
2026-03-08 20:00:00,6.71,57.2,372.84,1
2026-03-08 21:00:00,9.02,51.66,405.12,7
2026-03-08 22:00:00,6.35,58.03,404.22,7
2026-03-08 23:00:00,4.9,56.16,382.55,7
2026-03-09 00:00:00,3.64,65.34,408.04,6
2026-03-09 01:00:00,2.91,66.27,453.27,10
2026-03-09 02:00:00,4.12,55.65,426.15,4
2026-03-09 03:00:00,3.17,61.3,450.34,15
2026-03-09 04:00:00,3.99,71.49,441.39,10
2026-03-09 05:00:00,4.87,56.69,439.38,5
2026-03-09 06:00:00,4.18,64.21,482.0,11
2026-03-09 07:00:00,7.57,60.23,436.48,12
2026-03-09 08:00:00,13.37,61.11,559.85,58
2026-03-09 09:00:00,5.02,62.96,508.81,30
2026-03-09 10:00:00,10.19,55.71,552.09,45
2026-03-09 11:00:00,8.85,59.14,545.13,46
2026-03-09 12:00:00,12.16,56.9,514.01,37
2026-03-09 13:00:00,11.5,56.49,569.08,49
2026-03-09 14:00:00,13.06,49.26,577.59,60
2026-03-09 15:00:00,13.75,61.59,536.47,54
2026-03-09 16:00:00,11.39,62.36,576.16,58
2026-03-09 17:00:00,12.63,50.94,443.87,38
2026-03-09 18:00:00,4.85,60.1,583.42,45
2026-03-09 19:00:00,11.75,55.65,368.79,7
2026-03-09 20:00:00,8.29,53.42,374.18,10
2026-03-09 21:00:00,8.66,,447.89,6
2026-03-09 22:00:00,3.1,59.48,458.05,7
2026-03-09 23:00:00,3.05,61.08,442.59,11
2026-03-10 00:00:00,4.57,54.6,470.26,4
2026-03-10 01:00:00,3.84,63.19,423.03,5
2026-03-10 02:00:00,4.31,67.8,446.46,3
2026-03-10 03:00:00,6.05,64.98,418.63,5
2026-03-10 04:00:00,0.75,63.84,461.62,9
2026-03-10 05:00:00,6.86,51.0,413.72,11
2026-03-10 06:00:00,5.76,64.55,454.59,5
2026-03-10 07:00:00,6.3,61.32,456.33,10
2026-03-10 08:00:00,4.8,63.76,603.13,50
2026-03-10 09:00:00,9.78,67.83,505.59,47
2026-03-10 10:00:00,4.91,57.44,541.54,33
2026-03-10 11:00:00,11.87,42.32,482.41,45
2026-03-10 12:00:00,8.22,53.98,592.35,52
2026-03-10 13:00:00,11.71,59.23,529.96,50
2026-03-10 14:00:00,11.5,57.08,485.21,38
2026-03-10 15:00:00,13.94,49.16,483.54,44
2026-03-10 16:00:00,10.85,50.31,528.33,39
2026-03-10 17:00:00,9.18,56.8,568.4,62
2026-03-10 18:00:00,8.73,52.66,600.54,54
2026-03-10 19:00:00,11.32,59.68,396.71,9
2026-03-10 20:00:00,8.81,56.77,433.01,16
2026-03-10 21:00:00,5.93,57.71,416.78,9
2026-03-10 22:00:00,5.27,57.52,489.75,20
2026-03-10 23:00:00,1.78,65.07,473.06,13
2026-03-11 00:00:00,5.26,61.53,422.77,8
2026-03-11 01:00:00,0.56,65.62,480.26,9
2026-03-11 02:00:00,5.45,62.09,469.97,7
2026-03-11 03:00:00,4.34,61.6,406.75,9
2026-03-11 04:00:00,9.25,53.36,416.15,10
2026-03-11 05:00:00,2.92,59.31,440.08,6
2026-03-11 06:00:00,5.74,59.01,399.7,2
2026-03-11 07:00:00,10.51,67.97,379.3,13
2026-03-11 08:00:00,10.33,51.03,504.24,49
2026-03-11 09:00:00,7.59,57.59,552.0,41
2026-03-11 10:00:00,10.39,58.22,558.96,58
2026-03-11 11:00:00,10.78,55.94,569.22,48
2026-03-11 12:00:00,11.97,61.99,423.11,25
2026-03-11 13:00:00,10.41,56.17,508.65,35
2026-03-11 14:00:00,11.77,55.59,482.93,38
2026-03-11 15:00:00,8.61,63.04,557.62,49
2026-03-11 16:00:00,11.68,65.88,468.32,34
2026-03-11 17:00:00,11.67,63.87,548.74,47
2026-03-11 18:00:00,9.49,57.67,508.67,32
2026-03-11 19:00:00,5.75,60.73,408.26,5
2026-03-11 20:00:00,9.92,58.29,416.62,10
2026-03-11 21:00:00,7.64,60.39,410.23,7
2026-03-11 22:00:00,4.49,57.62,413.2,11
2026-03-11 23:00:00,4.55,66.49,469.92,12
2026-03-12 00:00:00,1.68,64.86,451.62,7
2026-03-12 01:00:00,2.23,63.21,386.48,6
2026-03-12 02:00:00,3.07,56.49,404.84,0
2026-03-12 03:00:00,6.74,60.59,353.44,2
2026-03-12 04:00:00,3.41,53.15,389.05,3
2026-03-12 05:00:00,6.6,57.47,421.86,10
2026-03-12 06:00:00,5.07,58.63,425.33,7
2026-03-12 07:00:00,7.61,61.11,384.59,6
2026-03-12 08:00:00,7.87,68.89,559.58,40
2026-03-12 09:00:00,10.93,60.21,509.83,39
2026-03-12 10:00:00,9.08,65.89,557.75,49
2026-03-12 11:00:00,7.83,62.74,529.63,37
2026-03-12 12:00:00,8.85,64.43,524.17,30
2026-03-12 13:00:00,10.95,66.62,500.08,49
2026-03-12 14:00:00,9.65,54.59,568.65,44
2026-03-12 15:00:00,12.83,52.03,492.4,44
2026-03-12 16:00:00,10.68,60.87,538.62,50
2026-03-12 17:00:00,15.73,53.97,507.75,52
2026-03-12 18:00:00,6.67,61.43,541.15,43
2026-03-12 19:00:00,9.59,57.04,376.77,10
2026-03-12 20:00:00,5.89,57.89,430.06,4
2026-03-12 21:00:00,6.13,68.82,436.61,8
2026-03-12 22:00:00,6.43,55.0,345.15,2
2026-03-12 23:00:00,0.67,67.96,490.95,8
2026-03-13 00:00:00,5.36,63.87,453.57,10
2026-03-13 01:00:00,8.29,51.3,381.27,12
2026-03-13 02:00:00,3.45,58.43,436.6,5
2026-03-13 03:00:00,5.01,58.18,439.52,6
2026-03-13 04:00:00,6.94,62.97,370.45,5
2026-03-13 05:00:00,5.2,59.53,435.12,7
2026-03-13 06:00:00,5.19,60.94,400.93,4
2026-03-13 07:00:00,2.77,55.78,430.05,0
2026-03-13 08:00:00,9.63,69.89,540.2,48
2026-03-13 09:00:00,9.16,58.94,486.37,23
2026-03-13 10:00:00,8.33,61.67,511.79,35
2026-03-13 11:00:00,11.43,54.29,473.92,36
2026-03-13 12:00:00,10.65,54.28,501.42,42
2026-03-13 13:00:00,11.16,66.75,564.55,46
2026-03-13 14:00:00,13.57,45.92,490.35,47
2026-03-13 15:00:00,9.54,59.72,583.4,48
2026-03-13 16:00:00,13.91,49.2,480.01,38
2026-03-13 17:00:00,8.39,57.1,545.61,52
2026-03-13 18:00:00,9.03,55.49,619.2,63
2026-03-13 19:00:00,13.23,50.81,369.15,10
2026-03-13 20:00:00,10.61,57.75,353.86,8
2026-03-13 21:00:00,7.51,46.9,406.25,9
2026-03-13 22:00:00,4.47,60.29,465.61,11
2026-03-13 23:00:00,4.47,61.42,456.58,5
2026-03-14 00:00:00,5.24,54.54,440.73,4
2026-03-14 01:00:00,4.77,69.23,499.21,7
2026-03-14 02:00:00,4.38,58.96,419.33,3
2026-03-14 03:00:00,4.63,60.57,450.52,8
2026-03-14 04:00:00,4.66,58.77,422.1,8
2026-03-14 05:00:00,2.85,62.6,499.32,8
2026-03-14 06:00:00,5.52,67.67,407.89,7
2026-03-14 07:00:00,9.35,70.82,480.27,15
2026-03-14 08:00:00,5.82,64.65,488.98,12
2026-03-14 09:00:00,9.21,63.99,382.31,8
2026-03-14 10:00:00,8.92,67.34,435.92,8
2026-03-14 11:00:00,11.61,58.12,413.07,14
2026-03-14 12:00:00,11.24,64.98,368.38,6
2026-03-14 13:00:00,15.38,58.2,330.71,4
2026-03-14 14:00:00,13.57,56.22,372.68,9
2026-03-14 15:00:00,9.8,59.89,411.17,10
2026-03-14 16:00:00,13.36,46.54,401.49,10
2026-03-14 17:00:00,9.84,59.57,422.49,11
2026-03-14 18:00:00,9.4,50.7,360.36,5
2026-03-14 19:00:00,10.22,49.72,380.07,2
2026-03-14 20:00:00,7.57,60.66,360.89,6
2026-03-14 21:00:00,9.31,52.91,393.51,10
2026-03-14 22:00:00,5.01,61.46,413.09,4
2026-03-14 23:00:00,4.49,62.55,425.63,0
2026-03-15 00:00:00,3.99,63.13,491.19,9
2026-03-15 01:00:00,3.77,57.84,438.5,6
2026-03-15 02:00:00,6.96,64.62,385.34,1
2026-03-15 03:00:00,6.16,60.24,408.68,8
2026-03-15 04:00:00,8.72,61.1,419.83,6
2026-03-15 05:00:00,10.47,51.69,405.54,15
2026-03-15 06:00:00,4.7,60.82,425.88,8
2026-03-15 07:00:00,7.87,64.98,448.2,10
2026-03-15 08:00:00,6.41,65.36,455.96,8
2026-03-15 09:00:00,8.24,55.24,370.71,6
2026-03-15 10:00:00,9.5,55.62,349.26,6
2026-03-15 11:00:00,9.48,53.42,407.77,12
2026-03-15 12:00:00,10.12,54.63,372.18,11
2026-03-15 13:00:00,12.34,49.37,311.05,2
2026-03-15 14:00:00,10.33,57.08,343.03,3
2026-03-15 15:00:00,14.31,58.15,365.11,3
2026-03-15 16:00:00,10.39,53.8,419.13,12
2026-03-15 17:00:00,17.21,52.5,364.05,1
2026-03-15 18:00:00,9.86,57.0,389.25,11
2026-03-15 19:00:00,9.94,63.32,436.74,10
2026-03-15 20:00:00,6.17,57.62,437.41,9
2026-03-15 21:00:00,11.14,54.33,358.87,6
2026-03-15 22:00:00,9.0,54.47,412.91,13
2026-03-15 23:00:00,6.53,54.74,405.36,8
2026-03-16 00:00:00,2.81,65.68,439.42,2
2026-03-16 01:00:00,5.53,60.46,435.44,3
2026-03-16 02:00:00,2.73,63.37,419.36,1
2026-03-16 03:00:00,8.03,65.75,454.78,13
2026-03-16 04:00:00,7.12,66.67,476.93,14
2026-03-16 05:00:00,6.33,52.34,471.95,12
2026-03-16 06:00:00,2.1,66.77,431.04,7
2026-03-16 07:00:00,5.97,61.95,403.78,2
2026-03-16 08:00:00,10.34,55.45,564.19,48
2026-03-16 09:00:00,12.43,57.94,509.47,49
2026-03-16 10:00:00,13.19,47.14,497.9,51
2026-03-16 11:00:00,8.61,66.28,553.74,44
2026-03-16 12:00:00,13.04,58.45,465.34,35
2026-03-16 13:00:00,14.86,50.27,563.21,63
2026-03-16 14:00:00,9.65,55.32,566.36,54
2026-03-16 15:00:00,12.82,47.51,627.99,61
2026-03-16 16:00:00,12.98,54.34,543.47,55
2026-03-16 17:00:00,11.2,54.75,524.46,40
2026-03-16 18:00:00,7.26,53.29,477.56,22
2026-03-16 19:00:00,9.35,62.34,352.02,6
2026-03-16 20:00:00,8.31,65.56,436.58,5
2026-03-16 21:00:00,7.64,59.52,408.9,3
2026-03-16 22:00:00,5.84,59.38,463.85,16
2026-03-16 23:00:00,5.25,63.5,488.7,15
2026-03-17 00:00:00,5.63,60.96,415.38,5
2026-03-17 01:00:00,6.2,55.25,414.62,1
2026-03-17 02:00:00,4.57,58.54,392.11,9
2026-03-17 03:00:00,4.49,60.37,456.45,7
2026-03-17 04:00:00,5.89,62.11,443.17,11
2026-03-17 05:00:00,2.5,63.29,475.26,11
2026-03-17 06:00:00,8.13,60.36,369.48,3
2026-03-17 07:00:00,8.14,51.68,417.25,13
2026-03-17 08:00:00,9.25,61.85,527.14,41
2026-03-17 09:00:00,12.13,56.53,552.38,60
2026-03-17 10:00:00,7.27,72.68,531.8,32
2026-03-17 11:00:00,8.06,57.42,536.66,30
2026-03-17 12:00:00,13.19,57.39,417.32,30
2026-03-17 13:00:00,13.02,70.03,472.0,28
2026-03-17 14:00:00,13.51,56.51,514.04,48
2026-03-17 15:00:00,12.11,56.18,469.53,35
2026-03-17 16:00:00,13.97,50.29,447.95,31
2026-03-17 17:00:00,13.87,62.93,530.84,49
2026-03-17 18:00:00,12.14,50.7,555.0,53
2026-03-17 19:00:00,9.69,60.35,362.56,7
2026-03-17 20:00:00,4.96,59.16,453.94,6
2026-03-17 21:00:00,9.68,57.28,379.63,4
2026-03-17 22:00:00,9.62,51.15,406.52,8
2026-03-17 23:00:00,7.64,66.37,450.91,9
2026-03-18 00:00:00,4.16,60.7,400.68,10
2026-03-18 01:00:00,6.86,54.12,417.03,5
2026-03-18 02:00:00,7.1,66.29,403.01,4
2026-03-18 03:00:00,8.63,56.44,425.65,8
2026-03-18 04:00:00,4.16,63.76,419.74,7
2026-03-18 05:00:00,6.1,64.94,448.93,7
2026-03-18 06:00:00,8.88,61.16,366.23,5
2026-03-18 07:00:00,8.46,48.09,412.13,9
2026-03-18 08:00:00,7.15,63.47,577.91,46
2026-03-18 09:00:00,11.25,56.63,522.44,44
2026-03-18 10:00:00,12.54,54.58,433.65,31
2026-03-18 11:00:00,12.38,55.79,476.91,37
2026-03-18 12:00:00,13.28,47.65,496.81,37
2026-03-18 13:00:00,12.73,57.05,578.01,51
2026-03-18 14:00:00,16.34,46.74,567.35,54
2026-03-18 15:00:00,11.44,55.56,569.54,52
2026-03-18 16:00:00,11.67,57.61,580.32,57
2026-03-18 17:00:00,12.23,61.81,539.71,46
2026-03-18 18:00:00,13.14,51.71,519.15,35
2026-03-18 19:00:00,7.42,67.06,442.25,10
2026-03-18 20:00:00,6.76,65.0,436.78,11
2026-03-18 21:00:00,4.27,59.86,428.28,7
2026-03-18 22:00:00,7.45,54.24,412.57,10
2026-03-18 23:00:00,4.32,54.76,438.18,6
2026-03-19 00:00:00,5.35,62.61,427.5,11
2026-03-19 01:00:00,7.05,56.38,402.1,9
2026-03-19 02:00:00,4.3,67.98,443.78,8
2026-03-19 03:00:00,6.19,57.27,411.66,8
2026-03-19 04:00:00,5.52,56.63,465.47,14
2026-03-19 05:00:00,8.1,60.5,429.1,9
2026-03-19 06:00:00,8.54,55.59,392.27,4
2026-03-19 07:00:00,7.17,60.03,434.3,9
2026-03-19 08:00:00,9.25,63.46,492.48,30
2026-03-19 09:00:00,12.71,56.69,452.87,53
2026-03-19 10:00:00,12.37,56.94,483.03,41
2026-03-19 11:00:00,9.62,59.29,558.51,44
2026-03-19 12:00:00,14.36,46.48,448.93,38
2026-03-19 13:00:00,11.28,59.06,588.9,54
2026-03-19 14:00:00,16.41,54.31,520.91,48
2026-03-19 15:00:00,15.5,58.62,499.89,47
2026-03-19 16:00:00,13.63,58.49,450.2,33
2026-03-19 17:00:00,12.73,55.08,536.52,50
2026-03-19 18:00:00,11.17,62.34,493.74,35
2026-03-19 19:00:00,11.98,55.15,389.89,8
2026-03-19 20:00:00,8.85,60.04,339.78,7
2026-03-19 21:00:00,9.02,57.13,388.6,10
2026-03-19 22:00:00,9.33,60.78,376.21,8
2026-03-19 23:00:00,5.63,59.17,359.1,6
2026-03-20 00:00:00,5.1,69.67,430.09,8
2026-03-20 01:00:00,3.54,72.61,414.83,7
2026-03-20 02:00:00,3.66,66.8,465.87,14
2026-03-20 03:00:00,2.27,71.12,439.81,5
2026-03-20 04:00:00,7.79,51.85,420.62,9
2026-03-20 05:00:00,10.58,50.49,383.63,10
2026-03-20 06:00:00,10.64,55.94,350.33,10
2026-03-20 07:00:00,5.51,61.35,434.93,7
2026-03-20 08:00:00,11.24,56.14,612.49,51
2026-03-20 09:00:00,13.67,47.22,485.16,34
2026-03-20 10:00:00,10.88,63.14,601.56,57
2026-03-20 11:00:00,12.82,66.79,422.14,21
2026-03-20 12:00:00,9.24,64.94,606.72,62
2026-03-20 13:00:00,14.19,60.49,429.29,29
2026-03-20 14:00:00,11.67,57.96,485.06,33
2026-03-20 15:00:00,14.06,50.95,485.87,48
2026-03-20 16:00:00,10.14,58.27,569.79,51
2026-03-20 17:00:00,13.71,65.93,489.16,42
2026-03-20 18:00:00,13.84,53.55,498.94,54
2026-03-20 19:00:00,9.26,56.24,396.82,12
2026-03-20 20:00:00,7.52,65.27,427.16,2
2026-03-20 21:00:00,4.45,67.76,449.31,8
2026-03-20 22:00:00,7.26,55.68,345.21,13
2026-03-20 23:00:00,5.8,59.63,426.08,12
2026-03-21 00:00:00,3.43,60.09,492.16,14
2026-03-21 01:00:00,7.04,60.42,401.1,6
2026-03-21 02:00:00,5.1,66.95,466.53,12
2026-03-21 03:00:00,3.98,58.19,423.96,6
2026-03-21 04:00:00,5.43,66.65,450.03,10
2026-03-21 05:00:00,9.31,58.99,420.53,13
2026-03-21 06:00:00,9.21,70.19,379.65,5
2026-03-21 07:00:00,8.7,60.5,389.36,1
2026-03-21 08:00:00,11.24,56.65,449.26,15
2026-03-21 09:00:00,8.71,61.77,423.14,10
2026-03-21 10:00:00,12.06,54.87,374.26,8
2026-03-21 11:00:00,13.12,46.84,334.81,7
2026-03-21 12:00:00,12.52,55.03,361.28,0
2026-03-21 13:00:00,14.73,53.4,341.41,9
2026-03-21 14:00:00,12.44,48.33,370.68,6
2026-03-21 15:00:00,14.88,54.22,370.19,8
2026-03-21 16:00:00,14.57,44.47,370.2,8
2026-03-21 17:00:00,6.99,58.37,409.89,0
2026-03-21 18:00:00,14.38,56.15,387.96,10
2026-03-21 19:00:00,4.94,62.03,407.72,9
2026-03-21 20:00:00,8.77,56.81,385.0,9
2026-03-21 21:00:00,11.02,56.86,346.12,7
2026-03-21 22:00:00,7.37,55.92,376.6,8
2026-03-21 23:00:00,4.24,62.09,482.65,9
2026-03-22 00:00:00,4.55,62.1,418.98,9
2026-03-22 01:00:00,8.4,54.62,381.97,10
2026-03-22 02:00:00,2.36,64.68,461.97,9
2026-03-22 03:00:00,8.6,60.29,416.37,15
2026-03-22 04:00:00,6.63,59.53,465.49,5
2026-03-22 05:00:00,4.99,73.61,432.11,7
2026-03-22 06:00:00,7.04,59.37,455.39,15
2026-03-22 07:00:00,7.14,58.61,393.81,7
2026-03-22 08:00:00,11.94,54.53,347.47,12
2026-03-22 09:00:00,12.71,51.25,349.3,9
2026-03-22 10:00:00,8.77,62.29,384.09,7
2026-03-22 11:00:00,12.23,53.01,368.24,12
2026-03-22 12:00:00,11.94,53.8,341.78,10
2026-03-22 13:00:00,16.66,50.65,312.12,2
2026-03-22 14:00:00,11.51,52.02,369.92,9
2026-03-22 15:00:00,17.28,44.15,268.62,4
2026-03-22 16:00:00,13.6,53.16,382.69,13
2026-03-22 17:00:00,10.71,61.87,436.92,15
2026-03-22 18:00:00,10.85,58.39,445.82,15
2026-03-22 19:00:00,9.64,66.06,346.95,9
2026-03-22 20:00:00,7.66,63.39,389.8,6
2026-03-22 21:00:00,9.36,61.07,370.84,9
2026-03-22 22:00:00,5.75,70.39,404.96,4
2026-03-22 23:00:00,3.02,62.4,524.02,17
2026-03-23 00:00:00,6.19,60.98,426.2,13
2026-03-23 01:00:00,2.94,62.88,445.75,9
2026-03-23 02:00:00,4.91,69.28,437.38,12
2026-03-23 03:00:00,4.73,61.7,470.29,6
2026-03-23 04:00:00,5.21,58.11,355.62,4
2026-03-23 05:00:00,11.59,59.83,335.26,0
2026-03-23 06:00:00,8.53,54.95,381.44,8
2026-03-23 07:00:00,9.87,60.76,349.3,7
2026-03-23 08:00:00,6.86,62.27,584.03,42
2026-03-23 09:00:00,10.14,56.95,414.14,25
2026-03-23 10:00:00,12.84,58.84,542.04,54
2026-03-23 11:00:00,11.19,49.73,609.98,67
2026-03-23 12:00:00,15.69,54.83,492.76,50
2026-03-23 13:00:00,11.87,54.38,500.83,50
2026-03-23 14:00:00,13.84,69.62,507.47,43
2026-03-23 15:00:00,13.1,56.61,541.71,57
2026-03-23 16:00:00,14.21,52.07,520.66,45
2026-03-23 17:00:00,11.96,49.74,541.7,48
2026-03-23 18:00:00,11.87,63.22,515.6,29
2026-03-23 19:00:00,10.98,55.57,388.25,9
2026-03-23 20:00:00,8.94,54.78,427.27,12
2026-03-23 21:00:00,10.35,59.44,357.77,2
2026-03-23 22:00:00,8.89,62.03,432.07,4
2026-03-23 23:00:00,7.41,62.98,412.92,7
2026-03-24 00:00:00,6.29,60.69,400.31,3
2026-03-24 01:00:00,8.35,59.95,416.34,7
2026-03-24 02:00:00,6.15,61.86,404.96,7
2026-03-24 03:00:00,6.14,62.38,415.67,8
2026-03-24 04:00:00,7.36,61.97,429.24,8
2026-03-24 05:00:00,11.18,62.64,422.06,12
2026-03-24 06:00:00,5.94,61.12,451.48,10
2026-03-24 07:00:00,11.12,53.13,376.37,8
2026-03-24 08:00:00,6.83,59.5,532.45,35
2026-03-24 09:00:00,12.09,60.31,470.87,25
2026-03-24 10:00:00,15.77,45.03,463.37,47
2026-03-24 11:00:00,14.43,46.0,516.49,50
2026-03-24 12:00:00,14.42,59.49,473.71,55
2026-03-24 13:00:00,13.36,63.25,521.86,41
2026-03-24 14:00:00,14.68,48.4,506.73,53
2026-03-24 15:00:00,13.98,55.72,507.27,50
2026-03-24 16:00:00,12.51,54.24,567.15,58
2026-03-24 17:00:00,12.87,54.69,528.07,44
2026-03-24 18:00:00,13.02,57.42,506.4,28
2026-03-24 19:00:00,10.12,51.45,353.29,9
2026-03-24 20:00:00,9.01,53.16,390.24,12
2026-03-24 21:00:00,6.86,58.69,443.01,13
2026-03-24 22:00:00,9.4,57.69,346.78,0
2026-03-24 23:00:00,8.88,53.15,429.34,11
2026-03-25 00:00:00,7.82,63.47,389.34,3
2026-03-25 01:00:00,8.89,56.69,426.34,9
2026-03-25 02:00:00,7.0,57.99,409.0,8
2026-03-25 03:00:00,7.75,60.99,425.96,8
2026-03-25 04:00:00,7.97,58.78,366.07,3
2026-03-25 05:00:00,7.81,63.72,479.38,12
2026-03-25 06:00:00,7.76,54.9,344.67,3
2026-03-25 07:00:00,14.22,48.06,345.01,11
2026-03-25 08:00:00,9.92,56.51,503.01,45
2026-03-25 09:00:00,10.53,57.93,554.66,45
2026-03-25 10:00:00,13.69,49.21,524.59,47
2026-03-25 11:00:00,14.16,48.15,445.02,39
2026-03-25 12:00:00,11.48,57.88,536.26,41
2026-03-25 13:00:00,16.93,49.36,446.34,41
2026-03-25 14:00:00,14.64,47.49,491.65,42
2026-03-25 15:00:00,12.47,61.1,526.26,42
2026-03-25 16:00:00,16.67,50.17,385.05,23
2026-03-25 17:00:00,14.91,60.32,529.66,46
2026-03-25 18:00:00,10.3,57.93,513.27,40
2026-03-25 19:00:00,15.42,55.68,336.51,3
2026-03-25 20:00:00,12.14,55.44,336.6,1
2026-03-25 21:00:00,9.77,44.89,327.23,6
2026-03-25 22:00:00,12.01,50.91,404.66,17
2026-03-25 23:00:00,8.32,58.55,388.59,9
2026-03-26 00:00:00,7.51,61.57,466.84,12
2026-03-26 01:00:00,5.85,51.96,363.99,2
2026-03-26 02:00:00,8.2,59.0,433.06,7
2026-03-26 03:00:00,8.12,53.7,411.99,11
2026-03-26 04:00:00,7.6,60.86,406.61,4
2026-03-26 05:00:00,6.62,60.27,385.71,8
2026-03-26 06:00:00,9.29,62.21,379.64,4
2026-03-26 07:00:00,9.86,63.43,394.5,11
2026-03-26 08:00:00,8.36,61.44,636.3,52
2026-03-26 09:00:00,9.12,62.92,532.53,45
2026-03-26 10:00:00,14.16,53.33,458.92,27
2026-03-26 11:00:00,8.66,73.06,578.17,41
2026-03-26 12:00:00,14.91,48.47,474.68,33
2026-03-26 13:00:00,13.94,52.6,494.21,46
2026-03-26 14:00:00,17.65,57.15,486.99,36
2026-03-26 15:00:00,13.91,59.03,579.39,50
2026-03-26 16:00:00,15.81,56.37,503.54,45
2026-03-26 17:00:00,13.07,59.23,455.3,33
2026-03-26 18:00:00,13.26,45.3,462.95,40
2026-03-26 19:00:00,13.54,63.47,390.03,10
2026-03-26 20:00:00,10.11,56.91,379.11,5
2026-03-26 21:00:00,11.99,62.84,367.41,4
2026-03-26 22:00:00,7.04,49.9,371.64,7
2026-03-26 23:00:00,8.79,60.13,403.51,8
2026-03-27 00:00:00,9.62,55.45,452.64,16
2026-03-27 01:00:00,8.69,61.78,442.55,12
2026-03-27 02:00:00,11.07,58.84,375.9,8
2026-03-27 03:00:00,5.85,62.74,427.74,8
2026-03-27 04:00:00,5.01,56.19,406.26,11
2026-03-27 05:00:00,6.42,60.22,385.08,3
2026-03-27 06:00:00,10.56,56.71,347.66,0
2026-03-27 07:00:00,11.2,59.64,411.86,11
2026-03-27 08:00:00,11.44,61.94,473.33,35
2026-03-27 09:00:00,10.03,58.73,487.55,38
2026-03-27 10:00:00,14.77,48.28,468.69,34
2026-03-27 11:00:00,11.62,57.41,525.14,47
2026-03-27 12:00:00,17.02,66.14,518.74,57
2026-03-27 13:00:00,20.82,58.66,526.2,47
2026-03-27 14:00:00,15.97,38.95,476.56,42
2026-03-27 15:00:00,16.27,53.93,450.23,37
2026-03-27 16:00:00,13.72,60.06,517.76,49
2026-03-27 17:00:00,10.45,56.78,495.82,33
2026-03-27 18:00:00,12.03,54.28,489.27,34
2026-03-27 19:00:00,10.09,56.6,391.4,7
2026-03-27 20:00:00,8.34,61.92,406.48,7
2026-03-27 21:00:00,13.65,49.7,351.15,10
2026-03-27 22:00:00,9.78,64.1,396.13,11
2026-03-27 23:00:00,9.17,58.3,376.8,3
2026-03-28 00:00:00,7.36,55.17,386.77,8
2026-03-28 01:00:00,7.23,65.56,385.25,6
2026-03-28 02:00:00,9.37,50.71,389.57,8
2026-03-28 03:00:00,7.51,56.96,459.14,14
2026-03-28 04:00:00,9.04,55.81,352.25,9
2026-03-28 05:00:00,8.22,69.96,441.04,17
2026-03-28 06:00:00,8.76,55.44,410.62,9
2026-03-28 07:00:00,7.59,48.91,428.53,7
2026-03-28 08:00:00,7.49,56.85,456.27,8
2026-03-28 09:00:00,11.95,58.91,373.33,9
2026-03-28 10:00:00,13.56,59.43,419.58,9
2026-03-28 11:00:00,11.7,68.19,382.48,4
2026-03-28 12:00:00,14.84,61.65,373.24,7
2026-03-28 13:00:00,15.41,55.15,308.59,5
2026-03-28 14:00:00,11.13,52.75,406.97,12
2026-03-28 15:00:00,13.48,63.69,360.85,0
2026-03-28 16:00:00,15.72,52.15,327.23,9
2026-03-28 17:00:00,15.05,51.18,257.15,2
2026-03-28 18:00:00,11.14,55.12,391.66,10
2026-03-28 19:00:00,12.79,49.78,351.71,6
2026-03-28 20:00:00,13.49,53.23,365.23,1
2026-03-28 21:00:00,11.96,55.46,376.3,12
2026-03-28 22:00:00,9.25,62.18,352.1,0
2026-03-28 23:00:00,7.68,57.68,380.93,8
2026-03-29 00:00:00,6.92,53.82,408.96,11
2026-03-29 01:00:00,8.72,50.88,485.65,14
2026-03-29 02:00:00,8.04,60.42,344.61,2
2026-03-29 03:00:00,9.04,59.03,359.25,6
2026-03-29 04:00:00,8.45,56.32,419.46,12
2026-03-29 05:00:00,10.46,55.34,454.41,13
2026-03-29 06:00:00,9.84,60.06,434.38,13
2026-03-29 07:00:00,12.18,63.43,459.08,18
2026-03-29 08:00:00,13.39,51.73,342.5,6
2026-03-29 09:00:00,11.07,57.69,354.77,9
2026-03-29 10:00:00,10.03,62.77,379.2,7
2026-03-29 11:00:00,17.56,48.83,289.84,0
2026-03-29 12:00:00,15.62,53.98,343.02,8
2026-03-29 13:00:00,12.08,56.35,337.17,0
2026-03-29 14:00:00,14.22,48.49,357.47,6
2026-03-29 15:00:00,17.05,53.9,291.4,2
2026-03-29 16:00:00,14.55,54.97,337.4,10
2026-03-29 17:00:00,13.45,58.36,322.5,5
2026-03-29 18:00:00,16.45,47.55,309.01,1
2026-03-29 19:00:00,10.59,57.64,403.9,11
2026-03-29 20:00:00,10.05,64.87,415.12,6
2026-03-29 21:00:00,11.03,67.66,423.61,6
2026-03-29 22:00:00,10.43,64.1,348.03,4
2026-03-29 23:00:00,9.81,52.25,408.28,13
2026-03-30 00:00:00,10.21,60.11,391.6,9
2026-03-30 01:00:00,8.39,56.71,356.06,6
2026-03-30 02:00:00,8.83,60.24,359.72,0
2026-03-30 03:00:00,7.47,55.91,490.31,18
2026-03-30 04:00:00,8.51,50.47,414.13,16
2026-03-30 05:00:00,9.24,56.81,400.66,14
2026-03-30 06:00:00,10.28,61.42,380.33,5
2026-03-30 07:00:00,12.36,57.79,388.11,6
2026-03-30 08:00:00,12.96,57.94,529.51,50
2026-03-30 09:00:00,12.98,57.0,536.3,49
2026-03-30 10:00:00,12.23,58.46,425.08,35
2026-03-30 11:00:00,14.82,57.28,515.11,45
2026-03-30 12:00:00,15.26,52.94,532.81,53
2026-03-30 13:00:00,16.1,54.14,475.56,36
2026-03-30 14:00:00,20.26,59.53,440.82,43
2026-03-30 15:00:00,14.67,55.44,539.46,57
2026-03-30 16:00:00,16.16,53.9,477.64,36
2026-03-30 17:00:00,16.82,53.74,486.9,50
2026-03-30 18:00:00,14.05,54.08,462.99,34
2026-03-30 19:00:00,17.56,50.53,319.2,9
2026-03-30 20:00:00,11.1,58.28,376.98,9
2026-03-30 21:00:00,11.46,54.45,426.66,13
2026-03-30 22:00:00,8.25,58.49,367.39,7
2026-03-30 23:00:00,8.32,55.22,394.91,6
2026-03-31 00:00:00,9.09,59.18,426.84,13
2026-03-31 01:00:00,9.88,61.0,434.84,12
2026-03-31 02:00:00,8.69,57.85,396.27,7
2026-03-31 03:00:00,10.71,47.46,407.18,9
2026-03-31 04:00:00,8.4,62.07,399.47,6
2026-03-31 05:00:00,8.56,59.61,389.58,3
2026-03-31 06:00:00,15.46,49.21,378.85,17
2026-03-31 07:00:00,11.81,60.6,387.72,6
2026-03-31 08:00:00,10.62,50.58,585.97,56
2026-03-31 09:00:00,11.7,62.04,478.41,39
2026-03-31 10:00:00,12.17,56.19,574.64,57
2026-03-31 11:00:00,16.76,41.93,539.85,58
2026-03-31 12:00:00,14.79,55.54,578.65,56
2026-03-31 13:00:00,16.17,51.65,453.49,43
2026-03-31 14:00:00,15.93,51.07,602.77,70
2026-03-31 15:00:00,17.38,49.14,471.63,47
2026-03-31 16:00:00,13.83,54.69,521.58,47
2026-03-31 17:00:00,12.73,53.66,487.35,45
2026-03-31 18:00:00,14.5,45.56,448.89,34
2026-03-31 19:00:00,14.29,61.36,370.15,8
2026-03-31 20:00:00,12.72,54.87,359.59,12
2026-03-31 21:00:00,9.4,54.76,416.12,4
2026-03-31 22:00:00,11.41,51.37,361.66,14
2026-03-31 23:00:00,7.74,63.44,421.51,6
2026-04-01 00:00:00,7.75,53.08,333.81,5
2026-04-01 01:00:00,6.51,61.11,422.26,9
2026-04-01 02:00:00,10.86,54.48,401.51,10
2026-04-01 03:00:00,9.66,55.61,383.22,1
2026-04-01 04:00:00,10.0,52.48,377.61,6
2026-04-01 05:00:00,11.92,53.55,335.4,0
2026-04-01 06:00:00,15.88,53.93,345.44,5
2026-04-01 07:00:00,7.8,60.71,425.77,5
2026-04-01 08:00:00,10.78,53.52,613.67,57
2026-04-01 09:00:00,12.06,56.1,487.94,44
2026-04-01 10:00:00,12.56,60.65,591.37,64
2026-04-01 11:00:00,12.93,47.63,430.98,39
2026-04-01 12:00:00,15.12,54.38,471.02,47
2026-04-01 13:00:00,13.69,50.66,470.08,41
2026-04-01 14:00:00,16.93,47.89,581.48,66
2026-04-01 15:00:00,16.23,54.95,483.32,47
2026-04-01 16:00:00,16.68,50.59,558.9,66
2026-04-01 17:00:00,16.1,47.64,473.99,41
2026-04-01 18:00:00,15.46,60.8,543.26,60
2026-04-01 19:00:00,12.55,60.82,329.59,9
2026-04-01 20:00:00,16.5,43.79,293.15,4
2026-04-01 21:00:00,11.69,49.44,371.14,9
2026-04-01 22:00:00,6.53,63.39,477.29,18
2026-04-01 23:00:00,7.43,58.38,433.63,14
2026-04-02 00:00:00,5.52,68.64,435.81,5
2026-04-02 01:00:00,8.63,62.04,413.55,4
2026-04-02 02:00:00,8.22,60.74,457.56,13
2026-04-02 03:00:00,7.66,54.53,396.57,4
2026-04-02 04:00:00,13.02,58.34,355.95,12
2026-04-02 05:00:00,10.73,51.11,393.69,19
2026-04-02 06:00:00,11.91,63.19,363.25,11
2026-04-02 07:00:00,9.56,60.42,389.89,13
2026-04-02 08:00:00,10.46,53.55,598.87,61
2026-04-02 09:00:00,13.57,59.52,521.69,35
2026-04-02 10:00:00,14.81,65.84,597.41,66
2026-04-02 11:00:00,11.58,55.81,523.67,45
2026-04-02 12:00:00,15.56,56.86,440.67,25
2026-04-02 13:00:00,16.35,51.39,401.14,29
2026-04-02 14:00:00,16.03,54.21,545.97,53
2026-04-02 15:00:00,14.7,47.18,523.54,46
2026-04-02 16:00:00,14.85,54.6,559.68,60
2026-04-02 17:00:00,14.94,54.76,502.74,33
2026-04-02 18:00:00,14.64,63.74,540.47,46
2026-04-02 19:00:00,14.71,45.73,331.79,4
2026-04-02 20:00:00,14.62,53.36,350.61,9
2026-04-02 21:00:00,10.84,63.85,364.92,4
2026-04-02 22:00:00,9.55,57.11,378.51,5
2026-04-02 23:00:00,10.51,56.79,393.57,10
2026-04-03 00:00:00,10.42,53.54,387.36,10
2026-04-03 01:00:00,7.93,54.79,396.34,7
2026-04-03 02:00:00,10.24,48.7,326.85,1
2026-04-03 03:00:00,10.76,54.32,387.92,13
2026-04-03 04:00:00,11.78,51.81,326.08,6
2026-04-03 05:00:00,13.39,56.22,407.2,16
2026-04-03 06:00:00,8.93,54.81,398.29,7
2026-04-03 07:00:00,11.66,54.44,375.42,9
2026-04-03 08:00:00,12.69,53.86,513.27,39
2026-04-03 09:00:00,13.5,55.31,463.3,39
2026-04-03 10:00:00,13.36,53.0,433.38,30
2026-04-03 11:00:00,12.52,50.93,454.77,39
2026-04-03 12:00:00,16.31,54.01,538.26,51
2026-04-03 13:00:00,14.99,59.84,516.94,45
2026-04-03 14:00:00,16.84,53.86,535.83,50
2026-04-03 15:00:00,14.94,51.49,515.41,40
2026-04-03 16:00:00,13.93,54.63,531.79,54
2026-04-03 17:00:00,15.96,43.57,443.07,40
2026-04-03 18:00:00,14.96,53.83,368.11,24
2026-04-03 19:00:00,14.86,52.6,336.23,12
2026-04-03 20:00:00,17.03,48.41,322.63,9
2026-04-03 21:00:00,12.18,52.71,300.82,3
2026-04-03 22:00:00,11.63,54.81,317.85,0
2026-04-03 23:00:00,7.68,64.59,443.38,15
2026-04-04 00:00:00,6.83,65.68,442.71,7
2026-04-04 01:00:00,12.17,51.84,342.41,6
2026-04-04 02:00:00,7.02,57.5,410.5,6
2026-04-04 03:00:00,6.91,57.7,486.88,14
2026-04-04 04:00:00,9.32,62.52,348.45,6
2026-04-04 05:00:00,9.86,58.83,431.68,11
2026-04-04 06:00:00,9.06,59.12,404.99,7
2026-04-04 07:00:00,11.22,59.83,395.7,3
2026-04-04 08:00:00,15.32,51.29,383.04,12
2026-04-04 09:00:00,12.29,63.22,379.34,12
2026-04-04 10:00:00,12.08,56.54,363.79,5
2026-04-04 11:00:00,17.58,48.42,286.99,8
2026-04-04 12:00:00,17.31,51.73,317.36,8
2026-04-04 13:00:00,15.49,60.32,358.21,10
2026-04-04 14:00:00,13.7,53.28,398.16,16
2026-04-04 15:00:00,15.24,59.08,365.91,7
2026-04-04 16:00:00,16.22,50.52,370.96,7
2026-04-04 17:00:00,18.02,48.55,307.34,7
2026-04-04 18:00:00,12.79,59.34,384.69,4
2026-04-04 19:00:00,13.73,51.02,336.1,1
2026-04-04 20:00:00,14.21,59.16,329.07,9
2026-04-04 21:00:00,7.07,61.81,423.6,10
2026-04-04 22:00:00,12.93,51.58,366.75,8
2026-04-04 23:00:00,7.67,59.27,390.13,8
2026-04-05 00:00:00,10.26,55.07,347.55,4
2026-04-05 01:00:00,9.69,59.96,373.6,9
2026-04-05 02:00:00,11.23,66.58,378.52,9
2026-04-05 03:00:00,10.3,55.93,374.31,10
2026-04-05 04:00:00,4.85,64.28,474.6,9
2026-04-05 05:00:00,8.67,59.06,348.94,10
2026-04-05 06:00:00,11.34,57.18,404.9,13
2026-04-05 07:00:00,11.64,56.03,400.07,10
2026-04-05 08:00:00,14.02,50.9,338.18,10
2026-04-05 09:00:00,15.68,55.7,311.46,1
2026-04-05 10:00:00,16.28,52.16,345.78,12
2026-04-05 11:00:00,15.46,49.65,335.31,7
2026-04-05 12:00:00,12.84,61.09,390.02,8
2026-04-05 13:00:00,16.02,54.28,335.26,3
2026-04-05 14:00:00,17.9,51.33,342.33,16
2026-04-05 15:00:00,14.75,61.38,287.51,0
2026-04-05 16:00:00,17.79,43.37,346.3,14
2026-04-05 17:00:00,17.71,58.97,321.88,10
2026-04-05 18:00:00,15.32,49.88,299.68,0
2026-04-05 19:00:00,7.97,60.48,448.77,16
2026-04-05 20:00:00,10.51,54.7,383.04,10
2026-04-05 21:00:00,15.8,49.32,314.72,0
2026-04-05 22:00:00,9.97,64.59,453.96,6
2026-04-05 23:00:00,6.27,69.89,457.47,10
2026-04-06 00:00:00,12.27,55.3,433.12,15
2026-04-06 01:00:00,9.43,60.08,404.88,6
2026-04-06 02:00:00,11.47,57.25,349.94,0
2026-04-06 03:00:00,9.95,66.68,436.21,14
2026-04-06 04:00:00,10.72,46.93,397.72,10
2026-04-06 05:00:00,11.16,59.07,373.54,0
2026-04-06 06:00:00,12.66,52.5,373.7,9
2026-04-06 07:00:00,16.78,41.47,299.38,10
2026-04-06 08:00:00,15.21,52.55,443.16,41
2026-04-06 09:00:00,11.14,66.44,578.95,52
2026-04-06 10:00:00,16.16,50.41,411.39,34
2026-04-06 11:00:00,18.37,56.09,511.97,49
2026-04-06 12:00:00,19.13,57.6,533.69,49
2026-04-06 13:00:00,16.27,53.54,422.95,30
2026-04-06 14:00:00,19.59,51.89,518.02,46
2026-04-06 15:00:00,18.98,43.13,454.14,39
2026-04-06 16:00:00,21.87,46.11,515.16,49
2026-04-06 17:00:00,14.59,59.32,533.33,52
2026-04-06 18:00:00,14.25,55.33,499.46,49
2026-04-06 19:00:00,13.69,57.26,361.06,14
2026-04-06 20:00:00,12.28,57.07,353.8,13
2026-04-06 21:00:00,10.45,68.65,373.14,7
2026-04-06 22:00:00,5.74,58.83,479.31,8
2026-04-06 23:00:00,9.57,66.33,377.55,11
2026-04-07 00:00:00,10.74,58.15,377.74,13
2026-04-07 01:00:00,8.61,67.44,377.87,5
2026-04-07 02:00:00,13.33,49.54,323.27,4
2026-04-07 03:00:00,9.62,59.19,407.47,9
2026-04-07 04:00:00,12.58,54.23,335.47,4
2026-04-07 05:00:00,11.16,57.89,346.98,0
2026-04-07 06:00:00,13.11,61.93,336.26,5
2026-04-07 07:00:00,12.98,57.8,363.16,10
2026-04-07 08:00:00,16.2,59.76,429.78,30
2026-04-07 09:00:00,14.61,51.42,519.75,51
2026-04-07 10:00:00,16.45,49.37,475.58,31
2026-04-07 11:00:00,17.02,53.16,436.65,34
2026-04-07 12:00:00,16.35,53.36,476.58,44
2026-04-07 13:00:00,18.14,51.38,393.27,41
2026-04-07 14:00:00,21.93,44.86,538.75,54
2026-04-07 15:00:00,16.78,59.24,440.16,46
2026-04-07 16:00:00,17.76,50.75,454.34,37
2026-04-07 17:00:00,18.81,58.97,526.05,55
2026-04-07 18:00:00,17.74,52.64,523.28,52
2026-04-07 19:00:00,14.52,58.08,316.19,2
2026-04-07 20:00:00,8.7,61.7,404.38,7
2026-04-07 21:00:00,13.46,51.46,355.73,3
2026-04-07 22:00:00,7.02,61.92,385.17,5
2026-04-07 23:00:00,13.57,65.14,397.4,11
2026-04-08 00:00:00,10.53,58.88,401.76,8
2026-04-08 01:00:00,11.79,61.25,403.98,15
2026-04-08 02:00:00,7.85,62.97,451.84,8
2026-04-08 03:00:00,6.69,61.85,450.34,12
2026-04-08 04:00:00,10.72,58.43,357.88,11
2026-04-08 05:00:00,10.76,60.2,412.56,8
2026-04-08 06:00:00,10.68,61.34,352.16,3
2026-04-08 07:00:00,12.79,49.28,381.34,8
2026-04-08 08:00:00,19.19,52.8,528.81,55
2026-04-08 09:00:00,16.36,52.63,354.94,29
2026-04-08 10:00:00,17.76,50.61,477.72,43
2026-04-08 11:00:00,18.18,58.76,408.91,29
2026-04-08 12:00:00,20.08,47.28,430.74,34
2026-04-08 13:00:00,17.14,46.03,515.03,58
2026-04-08 14:00:00,13.55,59.49,574.7,55
2026-04-08 15:00:00,17.15,45.9,496.57,57
2026-04-08 16:00:00,18.75,42.24,439.64,31
2026-04-08 17:00:00,14.55,59.36,425.07,34
2026-04-08 18:00:00,15.31,55.08,516.6,48
2026-04-08 19:00:00,13.31,58.05,385.34,8
2026-04-08 20:00:00,16.66,51.12,334.44,4
2026-04-08 21:00:00,14.12,48.19,342.92,5
2026-04-08 22:00:00,12.96,50.0,389.78,16
2026-04-08 23:00:00,12.07,55.19,348.65,5
2026-04-09 00:00:00,10.32,51.42,322.04,0
2026-04-09 01:00:00,10.39,59.26,378.65,9
2026-04-09 02:00:00,7.48,57.45,376.72,5
2026-04-09 03:00:00,5.62,61.99,406.41,9
2026-04-09 04:00:00,10.69,58.29,430.76,8
2026-04-09 05:00:00,11.67,58.76,345.42,10
2026-04-09 06:00:00,14.27,57.51,384.36,8
2026-04-09 07:00:00,15.96,52.11,305.45,7
2026-04-09 08:00:00,17.0,54.02,387.09,28
2026-04-09 09:00:00,12.89,57.15,486.42,44
2026-04-09 10:00:00,15.15,42.25,523.85,61
2026-04-09 11:00:00,17.64,55.88,528.51,52
2026-04-09 12:00:00,22.38,50.08,536.69,49
2026-04-09 13:00:00,20.68,53.34,446.36,35
2026-04-09 14:00:00,20.09,44.5,520.64,38
2026-04-09 15:00:00,16.94,51.56,533.06,58
2026-04-09 16:00:00,15.55,48.66,508.89,50
2026-04-09 17:00:00,18.26,55.94,495.31,54
2026-04-09 18:00:00,13.65,48.42,486.34,46
2026-04-09 19:00:00,14.41,50.27,320.74,4
2026-04-09 20:00:00,13.63,58.13,399.05,12
2026-04-09 21:00:00,16.01,50.65,372.11,13
2026-04-09 22:00:00,11.15,52.56,391.75,3
2026-04-09 23:00:00,6.15,65.23,436.99,14
2026-04-10 00:00:00,11.6,61.62,386.54,5
2026-04-10 01:00:00,8.79,62.46,401.26,5
2026-04-10 02:00:00,10.14,62.15,413.05,10
2026-04-10 03:00:00,10.01,56.83,378.76,10
2026-04-10 04:00:00,10.04,56.95,364.14,8
2026-04-10 05:00:00,12.8,52.8,373.76,7
2026-04-10 06:00:00,8.98,59.55,442.34,13
2026-04-10 07:00:00,11.98,53.97,347.9,6
2026-04-10 08:00:00,15.42,52.04,519.26,48
2026-04-10 09:00:00,13.86,58.3,532.22,43
2026-04-10 10:00:00,12.83,61.94,591.19,65
2026-04-10 11:00:00,18.22,54.24,409.8,38
2026-04-10 12:00:00,19.76,60.14,489.19,52
2026-04-10 13:00:00,17.82,49.0,450.34,44
2026-04-10 14:00:00,14.13,45.92,504.75,50
2026-04-10 15:00:00,19.33,55.04,533.08,57
2026-04-10 16:00:00,14.19,51.2,488.55,42
2026-04-10 17:00:00,17.5,51.38,492.4,51
2026-04-10 18:00:00,14.28,46.16,524.33,48
2026-04-10 19:00:00,12.77,51.57,359.06,11
2026-04-10 20:00:00,13.17,48.27,390.55,8
2026-04-10 21:00:00,12.65,53.97,396.07,9
2026-04-10 22:00:00,10.76,55.49,406.84,8
2026-04-10 23:00:00,12.4,56.77,366.92,11
2026-04-11 00:00:00,9.89,64.28,381.71,5
2026-04-11 01:00:00,12.34,59.75,414.99,13
2026-04-11 02:00:00,10.81,49.32,352.81,3
2026-04-11 03:00:00,8.99,61.75,389.32,9
2026-04-11 04:00:00,9.05,59.23,369.32,5
2026-04-11 05:00:00,8.12,58.83,391.52,8
2026-04-11 06:00:00,12.83,55.91,354.91,12
2026-04-11 07:00:00,12.5,57.27,416.18,1
2026-04-11 08:00:00,9.5,54.89,342.4,7
2026-04-11 09:00:00,14.21,54.14,308.09,2
2026-04-11 10:00:00,14.44,60.81,369.54,7
2026-04-11 11:00:00,20.22,47.32,297.54,2
2026-04-11 12:00:00,14.3,49.84,345.25,9
2026-04-11 13:00:00,15.23,54.03,350.49,6
2026-04-11 14:00:00,20.46,45.02,375.49,11
2026-04-11 15:00:00,20.82,41.81,350.84,13
2026-04-11 16:00:00,16.22,51.92,361.01,8
2026-04-11 17:00:00,15.81,61.18,320.34,12
2026-04-11 18:00:00,17.48,52.57,335.22,14
2026-04-11 19:00:00,10.63,58.46,385.38,4
2026-04-11 20:00:00,10.52,46.98,451.7,14
2026-04-11 21:00:00,12.65,58.34,346.77,8
2026-04-11 22:00:00,15.34,54.73,302.84,4
2026-04-11 23:00:00,10.54,54.29,398.39,9
2026-04-12 00:00:00,11.17,58.08,383.24,8
2026-04-12 01:00:00,12.84,56.86,328.29,2
2026-04-12 02:00:00,14.65,49.45,300.32,4
2026-04-12 03:00:00,9.42,60.07,412.05,15
2026-04-12 04:00:00,10.94,63.33,406.64,9
2026-04-12 05:00:00,15.25,53.18,361.91,14
2026-04-12 06:00:00,9.39,54.09,416.75,6
2026-04-12 07:00:00,15.46,53.29,328.75,5
2026-04-12 08:00:00,12.4,60.59,363.38,1
2026-04-12 09:00:00,15.68,47.89,361.35,12
2026-04-12 10:00:00,15.95,56.73,340.25,10
2026-04-12 11:00:00,15.35,50.87,358.21,6
2026-04-12 12:00:00,15.93,55.06,299.45,5
2026-04-12 13:00:00,18.85,48.98,332.2,13
2026-04-12 14:00:00,20.43,47.87,326.53,7
2026-04-12 15:00:00,18.04,59.99,337.19,7
2026-04-12 16:00:00,18.04,45.33,324.75,6
2026-04-12 17:00:00,18.41,54.54,301.99,6
2026-04-12 18:00:00,14.49,63.51,345.76,10
2026-04-12 19:00:00,16.95,56.56,314.94,2
2026-04-12 20:00:00,16.08,47.09,297.92,8
2026-04-12 21:00:00,18.61,45.57,363.81,12
2026-04-12 22:00:00,11.68,53.06,368.02,8
2026-04-12 23:00:00,10.69,58.31,374.74,12
2026-04-13 00:00:00,12.7,57.24,361.89,13
2026-04-13 01:00:00,12.4,49.96,389.03,12
2026-04-13 02:00:00,9.56,53.95,391.25,6
2026-04-13 03:00:00,9.96,53.97,369.74,8
2026-04-13 04:00:00,12.25,55.52,375.14,9
2026-04-13 05:00:00,10.14,67.82,363.36,6
2026-04-13 06:00:00,11.81,52.07,358.69,6
2026-04-13 07:00:00,13.77,50.47,384.08,6
2026-04-13 08:00:00,16.62,47.7,530.23,44
2026-04-13 09:00:00,14.45,58.06,548.91,57
2026-04-13 10:00:00,12.94,55.73,473.37,32
2026-04-13 11:00:00,13.62,50.98,596.96,65
2026-04-13 12:00:00,15.57,52.28,446.9,45
2026-04-13 13:00:00,15.87,49.94,481.49,51
2026-04-13 14:00:00,18.32,53.66,422.7,46
2026-04-13 15:00:00,16.11,67.14,440.99,28
2026-04-13 16:00:00,16.69,56.07,491.74,34
2026-04-13 17:00:00,15.91,53.4,495.13,40
2026-04-13 18:00:00,15.75,50.65,529.41,55
2026-04-13 19:00:00,18.31,45.47,337.22,13
2026-04-13 20:00:00,15.95,57.5,314.18,3
2026-04-13 21:00:00,13.62,58.86,400.69,11
2026-04-13 22:00:00,11.71,54.48,376.72,7
2026-04-13 23:00:00,10.93,63.41,412.21,13
2026-04-14 00:00:00,12.01,56.7,351.69,9
2026-04-14 01:00:00,12.12,60.39,407.26,12
2026-04-14 02:00:00,9.0,60.18,418.18,13
2026-04-14 03:00:00,11.03,56.4,388.17,7
2026-04-14 04:00:00,7.29,55.12,436.29,8
2026-04-14 05:00:00,12.41,55.58,312.51,4
2026-04-14 06:00:00,14.34,59.17,346.41,7
2026-04-14 07:00:00,13.22,53.2,382.6,16
2026-04-14 08:00:00,18.45,54.28,454.49,43
2026-04-14 09:00:00,14.09,49.72,529.42,59
2026-04-14 10:00:00,17.25,56.82,500.25,54
2026-04-14 11:00:00,17.57,54.26,456.73,47
2026-04-14 12:00:00,18.08,46.33,410.17,25
2026-04-14 13:00:00,18.45,50.96,456.14,38
2026-04-14 14:00:00,19.03,56.33,469.11,40
2026-04-14 15:00:00,20.38,44.44,406.53,38
2026-04-14 16:00:00,21.04,44.92,546.59,47
2026-04-14 17:00:00,17.64,52.3,472.95,47
2026-04-14 18:00:00,18.45,62.75,460.44,28
2026-04-14 19:00:00,14.45,51.52,371.94,8
2026-04-14 20:00:00,16.35,56.03,347.6,11
2026-04-14 21:00:00,12.26,57.72,427.72,9
2026-04-14 22:00:00,15.0,51.55,378.13,12
2026-04-14 23:00:00,16.41,54.32,332.72,8
2026-04-15 00:00:00,11.3,54.85,374.21,9
2026-04-15 01:00:00,6.76,58.48,451.0,10
2026-04-15 02:00:00,9.91,49.76,403.17,16
2026-04-15 03:00:00,13.61,55.35,361.57,10
2026-04-15 04:00:00,12.65,60.64,337.33,3
2026-04-15 05:00:00,12.68,56.41,341.81,6
2026-04-15 06:00:00,15.02,59.94,345.97,10
2026-04-15 07:00:00,14.94,57.44,416.9,13
2026-04-15 08:00:00,17.44,52.49,543.91,56
2026-04-15 09:00:00,17.88,49.34,461.82,41
2026-04-15 10:00:00,20.05,48.53,500.14,52
2026-04-15 11:00:00,18.55,44.66,454.74,45
2026-04-15 12:00:00,20.28,49.47,435.01,34
2026-04-15 13:00:00,18.26,52.95,407.26,17
2026-04-15 14:00:00,17.8,61.11,588.04,70
2026-04-15 15:00:00,22.28,52.04,527.51,46
2026-04-15 16:00:00,18.9,47.44,362.43,16
2026-04-15 17:00:00,19.44,44.19,466.87,48
2026-04-15 18:00:00,17.25,51.89,507.63,52
2026-04-15 19:00:00,14.87,58.65,312.85,4
2026-04-15 20:00:00,15.03,53.38,369.87,6
2026-04-15 21:00:00,16.84,55.92,339.83,14
2026-04-15 22:00:00,14.12,54.21,338.36,7
2026-04-15 23:00:00,8.75,62.46,435.22,10
2026-04-16 00:00:00,11.3,49.1,370.32,11
2026-04-16 01:00:00,14.89,62.59,319.45,0
2026-04-16 02:00:00,10.77,51.9,335.68,13
2026-04-16 03:00:00,7.73,63.56,393.32,5
2026-04-16 04:00:00,15.52,52.78,353.19,7
2026-04-16 05:00:00,13.73,54.81,368.98,14
2026-04-16 06:00:00,13.05,54.66,402.43,14
2026-04-16 07:00:00,13.42,56.89,371.67,10
2026-04-16 08:00:00,17.36,55.14,1142.71,54
2026-04-16 09:00:00,15.14,59.69,503.46,50
2026-04-16 10:00:00,19.49,58.4,471.58,42
2026-04-16 11:00:00,19.11,53.28,465.53,50
2026-04-16 12:00:00,19.15,60.17,574.42,67
2026-04-16 13:00:00,19.35,51.92,412.19,30
2026-04-16 14:00:00,18.84,57.2,526.0,50
2026-04-16 15:00:00,21.15,52.34,554.72,63
2026-04-16 16:00:00,16.93,50.41,421.33,33
2026-04-16 17:00:00,14.78,55.56,523.39,55
2026-04-16 18:00:00,18.42,54.62,523.14,56
2026-04-16 19:00:00,17.49,52.6,352.78,2
2026-04-16 20:00:00,16.15,55.76,255.3,8
2026-04-16 21:00:00,14.97,58.85,354.48,9
2026-04-16 22:00:00,12.55,56.1,401.66,8
2026-04-16 23:00:00,13.94,40.52,347.66,11
2026-04-17 00:00:00,11.82,65.11,408.18,11
2026-04-17 01:00:00,10.54,56.13,451.58,17
2026-04-17 02:00:00,10.75,53.36,367.46,6
2026-04-17 03:00:00,15.56,48.49,328.5,9
2026-04-17 04:00:00,8.44,57.41,431.2,9
2026-04-17 05:00:00,13.55,52.7,374.84,9
2026-04-17 06:00:00,10.02,54.3,367.48,3
2026-04-17 07:00:00,14.13,51.7,350.69,3
2026-04-17 08:00:00,14.51,57.49,544.08,49
2026-04-17 09:00:00,12.24,66.58,576.15,57
2026-04-17 10:00:00,18.16,56.39,493.64,47
2026-04-17 11:00:00,17.45,58.4,475.23,40
2026-04-17 12:00:00,14.64,52.86,447.15,35
2026-04-17 13:00:00,20.92,50.88,535.55,48
2026-04-17 14:00:00,22.25,51.56,474.77,44
2026-04-17 15:00:00,22.22,46.15,494.04,44
2026-04-17 16:00:00,19.56,49.18,511.52,48
2026-04-17 17:00:00,18.3,56.46,471.93,50
2026-04-17 18:00:00,20.04,56.43,523.99,48
2026-04-17 19:00:00,19.78,51.49,337.79,7
2026-04-17 20:00:00,17.65,46.67,341.02,4
2026-04-17 21:00:00,12.46,54.8,379.55,7
2026-04-17 22:00:00,13.78,48.15,321.77,1
2026-04-17 23:00:00,13.43,55.98,375.23,10
2026-04-18 00:00:00,8.48,60.34,381.13,0
2026-04-18 01:00:00,12.64,54.8,433.53,12
2026-04-18 02:00:00,16.11,54.93,353.04,10
2026-04-18 03:00:00,12.98,58.0,390.74,14
2026-04-18 04:00:00,15.05,55.75,380.27,17
2026-04-18 05:00:00,13.1,49.82,380.75,12
2026-04-18 06:00:00,13.42,54.34,323.75,5
2026-04-18 07:00:00,15.29,56.35,373.95,17
2026-04-18 08:00:00,13.93,63.14,320.66,3
2026-04-18 09:00:00,14.67,53.37,298.85,0
2026-04-18 10:00:00,20.1,53.69,391.45,15
2026-04-18 11:00:00,21.14,54.6,361.04,10
2026-04-18 12:00:00,17.04,52.09,282.75,0
2026-04-18 13:00:00,21.36,55.79,328.09,3
2026-04-18 14:00:00,19.39,57.44,341.73,10
2026-04-18 15:00:00,20.11,57.83,332.51,5
2026-04-18 16:00:00,19.95,53.33,290.94,5
2026-04-18 17:00:00,20.38,62.53,355.25,16
2026-04-18 18:00:00,17.73,49.51,322.12,17
2026-04-18 19:00:00,19.42,62.03,322.83,9
2026-04-18 20:00:00,16.18,57.51,322.08,7
2026-04-18 21:00:00,15.78,60.66,336.9,12
2026-04-18 22:00:00,11.9,55.07,385.01,6
2026-04-18 23:00:00,17.05,57.29,349.42,0
2026-04-19 00:00:00,13.22,62.88,359.18,0
2026-04-19 01:00:00,13.31,50.25,344.43,8
2026-04-19 02:00:00,8.53,58.21,423.71,12
2026-04-19 03:00:00,10.24,47.13,380.41,8
2026-04-19 04:00:00,14.76,53.78,348.71,11
2026-04-19 05:00:00,13.49,51.48,406.94,12
2026-04-19 06:00:00,9.92,56.97,464.59,14
2026-04-19 07:00:00,16.79,67.87,312.24,9
2026-04-19 08:00:00,14.66,63.33,399.83,9
2026-04-19 09:00:00,19.6,44.08,314.72,8
2026-04-19 10:00:00,17.57,55.48,319.14,7
2026-04-19 11:00:00,18.98,55.71,316.34,2
2026-04-19 12:00:00,21.57,48.21,406.55,13
2026-04-19 13:00:00,17.81,53.42,327.12,6
2026-04-19 14:00:00,17.76,53.95,330.34,6
2026-04-19 15:00:00,19.22,44.82,340.25,6
2026-04-19 16:00:00,20.86,45.24,344.93,3
2026-04-19 17:00:00,15.91,54.72,353.9,8
2026-04-19 18:00:00,14.41,55.41,388.76,10
2026-04-19 19:00:00,18.43,48.56,298.03,5
2026-04-19 20:00:00,14.54,50.85,323.61,12
2026-04-19 21:00:00,13.93,54.8,398.17,7
2026-04-19 22:00:00,10.03,62.41,345.21,2
2026-04-19 23:00:00,11.56,56.53,387.39,13
2026-04-20 00:00:00,12.45,64.4,372.84,9
2026-04-20 01:00:00,13.92,51.78,357.26,11
2026-04-20 02:00:00,10.38,58.7,385.93,12
2026-04-20 03:00:00,15.38,52.47,341.41,4
2026-04-20 04:00:00,11.09,60.18,388.91,6
2026-04-20 05:00:00,11.73,52.88,406.51,12
2026-04-20 06:00:00,17.0,62.74,383.48,15
2026-04-20 07:00:00,15.31,45.83,330.75,8
2026-04-20 08:00:00,14.82,63.2,549.47,58
2026-04-20 09:00:00,16.65,53.79,470.45,35
2026-04-20 10:00:00,20.63,53.32,488.74,47
2026-04-20 11:00:00,21.69,56.49,499.92,47
2026-04-20 12:00:00,17.76,56.86,491.46,43
2026-04-20 13:00:00,19.7,47.56,474.55,43
2026-04-20 14:00:00,20.11,53.93,463.2,41
2026-04-20 15:00:00,17.82,61.87,543.48,64
2026-04-20 16:00:00,19.28,47.07,489.33,41
2026-04-20 17:00:00,18.76,62.46,514.37,48
2026-04-20 18:00:00,20.21,52.78,394.63,20
2026-04-20 19:00:00,19.38,49.27,317.35,12
2026-04-20 20:00:00,15.27,49.85,336.55,5
2026-04-20 21:00:00,14.46,53.76,344.66,7
2026-04-20 22:00:00,15.25,44.55,326.79,11
2026-04-20 23:00:00,11.93,54.58,372.95,11
2026-04-21 00:00:00,13.82,54.01,352.94,2
2026-04-21 01:00:00,12.06,51.18,406.58,9
2026-04-21 02:00:00,10.17,61.62,354.53,5
2026-04-21 03:00:00,10.33,56.68,380.0,12
2026-04-21 04:00:00,15.53,50.95,389.61,15
2026-04-21 05:00:00,12.96,54.3,323.51,0
2026-04-21 06:00:00,17.38,54.61,333.93,5
2026-04-21 07:00:00,14.04,55.54,351.75,9
2026-04-21 08:00:00,16.69,49.81,453.17,35
2026-04-21 09:00:00,21.92,50.28,503.67,54
2026-04-21 10:00:00,15.99,53.55,526.82,51
2026-04-21 11:00:00,15.14,48.71,354.61,24
2026-04-21 12:00:00,22.14,48.06,468.53,31
2026-04-21 13:00:00,18.31,55.08,490.03,49
2026-04-21 14:00:00,20.06,53.82,495.25,44
2026-04-21 15:00:00,18.8,50.69,462.19,40
2026-04-21 16:00:00,20.1,54.31,490.8,56
2026-04-21 17:00:00,17.03,48.18,475.11,36
2026-04-21 18:00:00,17.74,47.83,460.47,40
2026-04-21 19:00:00,18.04,51.12,325.96,4
2026-04-21 20:00:00,14.09,62.63,332.18,5
2026-04-21 21:00:00,13.67,56.25,358.64,6
2026-04-21 22:00:00,13.41,54.24,317.4,5
2026-04-21 23:00:00,10.42,65.43,409.5,11
2026-04-22 00:00:00,11.97,55.19,372.77,13
2026-04-22 01:00:00,12.65,67.32,484.98,3
2026-04-22 02:00:00,11.48,54.41,410.71,12
2026-04-22 03:00:00,11.87,51.63,416.67,11
2026-04-22 04:00:00,12.78,55.22,364.6,9
2026-04-22 05:00:00,12.14,55.26,407.48,14
2026-04-22 06:00:00,15.66,50.0,360.6,7
2026-04-22 07:00:00,18.12,65.33,314.81,10
2026-04-22 08:00:00,15.35,55.85,360.12,15
2026-04-22 09:00:00,18.29,54.52,536.01,54
2026-04-22 10:00:00,17.8,50.23,447.95,40
2026-04-22 11:00:00,19.84,48.22,453.64,42
2026-04-22 12:00:00,22.88,54.11,509.97,48
2026-04-22 13:00:00,21.16,41.81,401.19,31
2026-04-22 14:00:00,16.73,47.57,432.19,46
2026-04-22 15:00:00,21.05,49.03,472.62,50
2026-04-22 16:00:00,22.21,56.21,524.36,49
2026-04-22 17:00:00,18.67,50.06,468.21,39
2026-04-22 18:00:00,20.27,52.89,593.14,55
2026-04-22 19:00:00,15.94,53.98,351.1,11
2026-04-22 20:00:00,13.31,62.16,341.5,9
2026-04-22 21:00:00,15.53,46.21,330.97,6
2026-04-22 22:00:00,10.77,61.14,427.29,13
2026-04-22 23:00:00,12.97,54.92,403.69,11
2026-04-23 00:00:00,15.57,58.73,371.81,8
2026-04-23 01:00:00,8.77,54.76,412.65,8
2026-04-23 02:00:00,9.9,58.19,397.26,8
2026-04-23 03:00:00,10.53,57.12,381.42,2
2026-04-23 04:00:00,12.87,50.98,321.04,5
2026-04-23 05:00:00,12.9,49.57,319.68,10
2026-04-23 06:00:00,17.25,50.02,354.99,2
2026-04-23 07:00:00,17.33,53.52,317.04,5
2026-04-23 08:00:00,17.45,49.0,491.76,46
2026-04-23 09:00:00,17.78,50.9,429.81,52
2026-04-23 10:00:00,19.24,42.1,496.01,41
2026-04-23 11:00:00,17.56,50.85,430.03,27
2026-04-23 12:00:00,21.63,54.97,372.76,22
2026-04-23 13:00:00,18.1,55.86,429.75,36
2026-04-23 14:00:00,22.13,49.08,529.62,50
2026-04-23 15:00:00,22.69,50.33,528.12,58
2026-04-23 16:00:00,20.34,46.62,510.33,48
2026-04-23 17:00:00,18.93,59.87,469.4,34
2026-04-23 18:00:00,19.26,61.86,466.28,37
2026-04-23 19:00:00,11.77,57.59,346.38,10
2026-04-23 20:00:00,17.06,66.01,306.77,6
2026-04-23 21:00:00,15.19,50.96,328.77,5
2026-04-23 22:00:00,14.35,48.7,332.44,5
2026-04-23 23:00:00,15.04,50.92,335.13,7
2026-04-24 00:00:00,13.02,54.79,354.02,7
2026-04-24 01:00:00,10.49,69.22,360.55,10
2026-04-24 02:00:00,12.35,54.95,382.78,6
2026-04-24 03:00:00,12.9,51.67,405.45,14
2026-04-24 04:00:00,13.39,51.13,398.32,14
2026-04-24 05:00:00,14.12,60.81,376.18,9
2026-04-24 06:00:00,16.71,58.29,326.35,7
2026-04-24 07:00:00,13.42,53.18,337.46,6
2026-04-24 08:00:00,16.98,43.73,497.34,57
2026-04-24 09:00:00,20.24,45.19,498.02,39
2026-04-24 10:00:00,15.16,62.99,506.43,46
2026-04-24 11:00:00,19.82,54.57,486.0,55
2026-04-24 12:00:00,18.92,52.08,529.51,58
2026-04-24 13:00:00,19.75,60.52,448.66,47
2026-04-24 14:00:00,18.82,61.62,507.42,49
2026-04-24 15:00:00,20.15,50.71,450.7,35
2026-04-24 16:00:00,23.78,48.27,542.2,55
2026-04-24 17:00:00,16.93,50.24,505.82,58
2026-04-24 18:00:00,16.29,52.17,424.67,26
2026-04-24 19:00:00,15.06,47.03,331.87,6
2026-04-24 20:00:00,20.08,43.49,273.19,5
2026-04-24 21:00:00,14.67,46.12,392.37,12
2026-04-24 22:00:00,14.58,60.22,327.78,6
2026-04-24 23:00:00,13.0,48.1,357.05,15
2026-04-25 00:00:00,11.45,66.74,431.8,11
2026-04-25 01:00:00,12.47,52.62,381.72,5
2026-04-25 02:00:00,17.72,61.28,341.34,13
2026-04-25 03:00:00,15.72,52.17,299.19,5
2026-04-25 04:00:00,11.63,49.03,381.01,16
2026-04-25 05:00:00,15.27,60.73,345.13,9
2026-04-25 06:00:00,13.14,62.81,410.24,10
2026-04-25 07:00:00,12.21,51.92,402.71,8
2026-04-25 08:00:00,18.84,50.15,337.24,9
2026-04-25 09:00:00,20.16,46.36,348.92,7
2026-04-25 10:00:00,20.89,49.77,324.91,4
2026-04-25 11:00:00,18.69,52.46,313.09,9
2026-04-25 12:00:00,19.93,49.29,315.76,12
2026-04-25 13:00:00,22.16,40.39,336.64,3
2026-04-25 14:00:00,21.58,46.99,395.41,14
2026-04-25 15:00:00,19.88,54.6,337.55,10
2026-04-25 16:00:00,17.03,52.04,354.12,6
2026-04-25 17:00:00,19.86,49.46,319.52,6
2026-04-25 18:00:00,20.96,45.68,374.13,15
2026-04-25 19:00:00,15.44,51.14,352.88,12
2026-04-25 20:00:00,18.08,59.39,379.29,13
2026-04-25 21:00:00,16.43,47.8,341.12,7
2026-04-25 22:00:00,16.3,57.19,348.78,10
2026-04-25 23:00:00,15.72,54.23,351.16,9
2026-04-26 00:00:00,12.12,57.74,342.74,7
2026-04-26 01:00:00,9.87,54.43,336.48,8
2026-04-26 02:00:00,11.9,54.91,379.18,12
2026-04-26 03:00:00,14.88,54.55,371.31,14
2026-04-26 04:00:00,12.42,53.7,378.85,7
2026-04-26 05:00:00,12.75,57.73,345.07,3
2026-04-26 06:00:00,11.33,59.36,397.44,15
2026-04-26 07:00:00,19.44,62.26,296.13,15
2026-04-26 08:00:00,18.62,53.36,349.24,10
2026-04-26 09:00:00,19.54,41.76,361.72,15
2026-04-26 10:00:00,20.91,56.18,375.77,9
2026-04-26 11:00:00,20.95,49.31,331.2,4
2026-04-26 12:00:00,19.95,61.1,354.12,3
2026-04-26 13:00:00,20.51,58.0,313.54,3
2026-04-26 14:00:00,20.11,48.39,336.69,8
2026-04-26 15:00:00,26.1,50.34,385.65,6
2026-04-26 16:00:00,21.55,46.95,355.16,6
2026-04-26 17:00:00,18.87,51.8,339.11,8
2026-04-26 18:00:00,19.9,54.45,366.43,11
2026-04-26 19:00:00,15.98,59.38,343.6,6
2026-04-26 20:00:00,19.98,55.49,325.96,5
2026-04-26 21:00:00,14.61,55.15,368.06,6
2026-04-26 22:00:00,15.97,66.24,324.09,12
2026-04-26 23:00:00,16.27,51.78,320.39,8
2026-04-27 00:00:00,14.44,46.85,392.22,9
2026-04-27 01:00:00,13.46,48.5,365.14,14
2026-04-27 02:00:00,13.16,63.16,414.8,19
2026-04-27 03:00:00,13.16,55.4,409.98,11
2026-04-27 04:00:00,12.52,57.03,376.98,10
2026-04-27 05:00:00,13.41,52.9,321.25,3
2026-04-27 06:00:00,18.1,50.07,358.68,9
2026-04-27 07:00:00,15.88,49.95,332.64,8
2026-04-27 08:00:00,15.57,56.46,536.54,57
2026-04-27 09:00:00,17.14,52.52,399.18,37
2026-04-27 10:00:00,21.34,52.24,533.08,54
2026-04-27 11:00:00,21.32,51.78,464.86,32
2026-04-27 12:00:00,21.72,47.67,492.24,46
2026-04-27 13:00:00,20.49,43.37,442.84,43
2026-04-27 14:00:00,22.28,41.67,487.45,45
2026-04-27 15:00:00,19.71,66.33,441.83,35
2026-04-27 16:00:00,20.08,58.33,504.45,49
2026-04-27 17:00:00,21.9,56.37,556.84,61
2026-04-27 18:00:00,20.89,47.01,493.43,35
2026-04-27 19:00:00,16.21,53.7,343.56,7
2026-04-27 20:00:00,15.43,50.13,327.64,15
2026-04-27 21:00:00,16.32,47.02,343.46,10
2026-04-27 22:00:00,18.59,49.04,328.58,9
2026-04-27 23:00:00,10.48,64.3,429.17,9
2026-04-28 00:00:00,14.39,59.13,352.75,8
2026-04-28 01:00:00,10.69,52.67,346.03,0
2026-04-28 02:00:00,12.03,55.0,400.08,3
2026-04-28 03:00:00,12.71,59.85,355.36,10
2026-04-28 04:00:00,13.0,53.05,369.68,4
2026-04-28 05:00:00,13.41,56.01,363.44,8
2026-04-28 06:00:00,15.32,56.29,316.34,3
2026-04-28 07:00:00,15.2,56.32,321.79,5
2026-04-28 08:00:00,14.38,56.21,593.8,59
2026-04-28 09:00:00,19.9,47.8,520.21,51
2026-04-28 10:00:00,20.81,47.68,579.53,63
2026-04-28 11:00:00,21.82,44.06,540.24,51
2026-04-28 12:00:00,17.68,44.81,497.7,50
2026-04-28 13:00:00,21.76,49.19,500.11,52
2026-04-28 14:00:00,22.65,53.22,530.04,60
2026-04-28 15:00:00,19.1,44.73,562.6,57
2026-04-28 16:00:00,20.78,51.82,455.53,34
2026-04-28 17:00:00,19.9,54.99,523.18,53
2026-04-28 18:00:00,22.99,39.73,557.4,48
2026-04-28 19:00:00,22.19,48.12,331.23,9
2026-04-28 20:00:00,13.97,63.45,297.89,7
2026-04-28 21:00:00,21.25,52.88,296.5,6
2026-04-28 22:00:00,13.47,46.22,318.6,2
2026-04-28 23:00:00,16.43,56.79,322.16,3
2026-04-29 00:00:00,15.94,50.1,389.26,12
2026-04-29 01:00:00,11.61,60.33,426.69,14
2026-04-29 02:00:00,14.45,51.43,270.2,4
2026-04-29 03:00:00,13.39,55.36,434.31,8
2026-04-29 04:00:00,15.11,51.74,311.06,2
2026-04-29 05:00:00,15.1,54.45,363.84,4
2026-04-29 06:00:00,17.86,49.66,340.68,9
2026-04-29 07:00:00,16.58,52.28,327.01,6
2026-04-29 08:00:00,17.13,47.13,438.67,37
2026-04-29 09:00:00,20.69,52.97,415.41,32
2026-04-29 10:00:00,20.63,51.44,480.33,50
2026-04-29 11:00:00,21.76,41.69,495.81,47
2026-04-29 12:00:00,19.6,56.24,451.1,45
2026-04-29 13:00:00,19.24,50.65,516.49,44
2026-04-29 14:00:00,20.33,51.58,505.23,48
2026-04-29 15:00:00,20.09,54.76,556.53,48
2026-04-29 16:00:00,22.5,50.89,476.01,40
2026-04-29 17:00:00,22.24,55.25,467.98,39
2026-04-29 18:00:00,19.15,50.13,491.75,44
2026-04-29 19:00:00,21.36,55.22,335.49,5
2026-04-29 20:00:00,20.2,51.47,378.55,11
2026-04-29 21:00:00,16.92,55.7,362.36,6
2026-04-29 22:00:00,13.82,57.34,387.48,8
2026-04-29 23:00:00,17.79,58.75,357.29,6
2026-04-30 00:00:00,14.04,58.78,374.62,6
2026-04-30 01:00:00,14.01,52.98,334.66,6
2026-04-30 02:00:00,12.95,52.73,372.98,3
2026-04-30 03:00:00,11.98,56.36,400.02,10
2026-04-30 04:00:00,11.22,53.34,380.44,12
2026-04-30 05:00:00,16.06,48.5,321.2,7
2026-04-30 06:00:00,14.06,44.52,362.04,12
2026-04-30 07:00:00,22.71,41.36,372.69,6
2026-04-30 08:00:00,15.45,64.11,558.04,58
2026-04-30 09:00:00,16.15,50.42,488.29,46
2026-04-30 10:00:00,20.65,60.07,492.85,44
2026-04-30 11:00:00,23.51,50.56,534.47,52
2026-04-30 12:00:00,21.22,49.9,452.77,42
2026-04-30 13:00:00,22.63,41.65,511.84,43
2026-04-30 14:00:00,17.94,52.47,409.25,36
2026-04-30 15:00:00,20.13,60.37,566.21,62
2026-04-30 16:00:00,18.94,59.53,426.03,33
2026-04-30 17:00:00,16.66,54.71,510.39,47
2026-04-30 18:00:00,19.86,45.36,491.8,50
2026-04-30 19:00:00,14.17,50.29,321.72,7
2026-04-30 20:00:00,14.98,50.25,343.8,1
2026-04-30 21:00:00,15.52,60.53,325.51,7
2026-04-30 22:00:00,13.96,63.38,379.05,11
2026-04-30 23:00:00,15.59,55.07,389.97,11
2026-05-01 00:00:00,14.93,53.03,322.31,6
2026-05-01 01:00:00,15.71,61.75,331.66,4
2026-05-01 02:00:00,15.29,49.41,318.54,5
2026-05-01 03:00:00,16.2,53.92,334.11,6
2026-05-01 04:00:00,14.32,57.29,325.24,0
2026-05-01 05:00:00,15.56,49.79,355.91,6
2026-05-01 06:00:00,16.81,50.06,316.84,8
2026-05-01 07:00:00,17.03,49.51,359.64,8
2026-05-01 08:00:00,16.99,60.19,493.34,37
2026-05-01 09:00:00,18.15,61.86,476.74,42
2026-05-01 10:00:00,18.15,52.87,407.96,34
2026-05-01 11:00:00,21.46,48.64,524.08,52
2026-05-01 12:00:00,21.06,47.26,476.87,42
2026-05-01 13:00:00,20.32,50.78,475.53,31
2026-05-01 14:00:00,20.46,47.93,463.07,39
2026-05-01 15:00:00,19.23,51.06,519.27,46
2026-05-01 16:00:00,23.21,50.82,497.24,41
2026-05-01 17:00:00,20.77,48.43,508.04,49
2026-05-01 18:00:00,18.06,51.41,485.69,51
2026-05-01 19:00:00,20.44,49.77,359.77,14
2026-05-01 20:00:00,16.66,51.75,372.3,12
2026-05-01 21:00:00,13.94,53.04,310.61,1
2026-05-01 22:00:00,17.83,56.33,336.09,4
2026-05-01 23:00:00,13.88,46.43,385.94,7
2026-05-02 00:00:00,13.66,63.31,344.32,6
2026-05-02 01:00:00,14.16,55.77,363.41,2
2026-05-02 02:00:00,16.22,56.69,369.61,8
2026-05-02 03:00:00,14.12,58.74,351.75,0
2026-05-02 04:00:00,12.08,53.01,357.91,9
2026-05-02 05:00:00,16.2,49.09,344.37,11
2026-05-02 06:00:00,14.97,49.36,356.68,11
2026-05-02 07:00:00,20.68,49.29,392.83,7
2026-05-02 08:00:00,17.94,55.94,351.17,14
2026-05-02 09:00:00,14.5,51.93,352.23,9
2026-05-02 10:00:00,20.65,53.58,330.93,11
2026-05-02 11:00:00,24.66,35.9,327.9,5
2026-05-02 12:00:00,24.56,45.88,378.39,14
2026-05-02 13:00:00,25.47,53.01,393.12,8
2026-05-02 14:00:00,19.9,50.22,327.0,14
2026-05-02 15:00:00,23.63,44.31,367.56,13
2026-05-02 16:00:00,19.96,47.74,293.47,9
2026-05-02 17:00:00,21.22,35.01,377.28,10
2026-05-02 18:00:00,17.39,47.77,324.84,7
2026-05-02 19:00:00,17.69,57.91,325.49,5
2026-05-02 20:00:00,16.59,,315.96,10
2026-05-02 21:00:00,18.7,49.59,365.02,10
2026-05-02 22:00:00,17.54,41.06,330.2,2
2026-05-02 23:00:00,15.66,45.88,337.73,8
2026-05-03 00:00:00,11.93,62.6,382.56,11
2026-05-03 01:00:00,13.61,58.56,401.26,14
2026-05-03 02:00:00,12.6,49.69,394.92,11
2026-05-03 03:00:00,15.97,50.67,336.27,2
2026-05-03 04:00:00,16.99,52.96,332.21,4
2026-05-03 05:00:00,17.38,46.85,343.03,7
2026-05-03 06:00:00,14.58,44.77,350.22,14
2026-05-03 07:00:00,11.58,56.1,391.33,6
2026-05-03 08:00:00,14.56,57.67,361.25,12
2026-05-03 09:00:00,21.97,52.58,283.12,6
2026-05-03 10:00:00,19.29,55.87,333.97,10
2026-05-03 11:00:00,19.42,43.64,299.38,4
2026-05-03 12:00:00,24.84,47.9,377.99,7
2026-05-03 13:00:00,24.49,46.52,373.96,3
2026-05-03 14:00:00,22.14,49.06,382.3,14
2026-05-03 15:00:00,21.37,48.98,387.25,5
2026-05-03 16:00:00,21.29,46.79,307.9,2
2026-05-03 17:00:00,21.38,34.95,261.25,1
2026-05-03 18:00:00,23.29,54.5,373.53,8
2026-05-03 19:00:00,19.97,52.67,318.97,6
2026-05-03 20:00:00,19.55,43.9,312.72,11
2026-05-03 21:00:00,19.4,53.79,325.0,7
2026-05-03 22:00:00,13.75,53.14,357.55,13
2026-05-03 23:00:00,16.77,51.16,309.45,6
2026-05-04 00:00:00,14.19,51.22,407.93,12
2026-05-04 01:00:00,9.35,61.14,387.99,4
2026-05-04 02:00:00,9.99,54.01,358.61,2
2026-05-04 03:00:00,12.34,50.87,394.71,5
2026-05-04 04:00:00,15.84,59.57,321.46,3
2026-05-04 05:00:00,15.64,53.15,292.77,3
2026-05-04 06:00:00,16.61,52.63,308.66,10
2026-05-04 07:00:00,21.11,53.68,343.61,7
2026-05-04 08:00:00,15.71,50.67,414.48,37
2026-05-04 09:00:00,19.23,49.2,425.19,39
2026-05-04 10:00:00,20.85,51.93,512.04,52
2026-05-04 11:00:00,19.6,43.57,470.53,36
2026-05-04 12:00:00,21.77,50.87,533.22,45
2026-05-04 13:00:00,18.91,47.99,549.65,59
2026-05-04 14:00:00,25.06,51.73,533.82,47
2026-05-04 15:00:00,20.75,53.21,437.1,34
2026-05-04 16:00:00,25.77,49.03,628.22,67
2026-05-04 17:00:00,21.01,42.26,602.92,63
2026-05-04 18:00:00,22.3,48.87,527.09,50
2026-05-04 19:00:00,19.17,45.69,314.33,7
2026-05-04 20:00:00,18.18,52.09,318.65,7
2026-05-04 21:00:00,16.04,42.19,337.75,11
2026-05-04 22:00:00,16.48,45.76,342.79,8
2026-05-04 23:00:00,16.05,59.71,341.71,12
2026-05-05 00:00:00,13.36,57.49,381.33,10
2026-05-05 01:00:00,14.28,53.24,353.43,4
2026-05-05 02:00:00,13.17,51.23,359.53,5
2026-05-05 03:00:00,19.13,46.19,325.0,14
2026-05-05 04:00:00,14.75,55.68,368.44,13
2026-05-05 05:00:00,18.66,50.22,327.44,11
2026-05-05 06:00:00,16.0,61.53,360.65,12
2026-05-05 07:00:00,17.88,51.56,315.01,10
2026-05-05 08:00:00,15.75,54.27,541.69,50
2026-05-05 09:00:00,18.53,45.08,474.94,45
2026-05-05 10:00:00,20.81,48.63,448.23,44
2026-05-05 11:00:00,24.39,48.81,434.11,32
2026-05-05 12:00:00,22.3,47.52,613.1,65
2026-05-05 13:00:00,25.02,45.05,539.17,50
2026-05-05 14:00:00,23.67,50.06,514.06,47
2026-05-05 15:00:00,25.51,54.72,537.1,39
2026-05-05 16:00:00,21.74,50.51,456.39,35
2026-05-05 17:00:00,26.0,52.52,540.56,54
2026-05-05 18:00:00,19.42,54.51,450.41,43
2026-05-05 19:00:00,17.9,57.89,323.11,3
2026-05-05 20:00:00,15.97,50.77,382.72,6
2026-05-05 21:00:00,22.02,48.55,350.66,2
2026-05-05 22:00:00,18.03,51.36,309.08,7
2026-05-05 23:00:00,14.9,57.3,357.89,11
2026-05-06 00:00:00,17.57,56.66,339.2,10
2026-05-06 01:00:00,16.05,54.39,316.03,14
2026-05-06 02:00:00,18.47,56.45,336.24,9
2026-05-06 03:00:00,11.58,54.08,359.22,0
2026-05-06 04:00:00,14.55,59.25,432.57,16
2026-05-06 05:00:00,14.79,59.73,369.31,5
2026-05-06 06:00:00,12.59,59.57,423.76,9
2026-05-06 07:00:00,19.63,51.93,380.19,8
2026-05-06 08:00:00,18.0,55.97,518.09,47
2026-05-06 09:00:00,21.05,45.79,511.03,50
2026-05-06 10:00:00,25.26,48.31,536.41,45
2026-05-06 11:00:00,20.66,52.04,411.06,35
2026-05-06 12:00:00,21.16,43.54,513.73,50
2026-05-06 13:00:00,22.64,51.52,514.6,43
2026-05-06 14:00:00,24.51,41.6,507.44,45
2026-05-06 15:00:00,21.27,47.97,551.08,69
2026-05-06 16:00:00,20.74,50.68,566.81,54
2026-05-06 17:00:00,23.48,44.91,557.01,54
2026-05-06 18:00:00,21.3,50.5,648.62,72
2026-05-06 19:00:00,15.49,54.49,370.7,10
2026-05-06 20:00:00,16.09,49.64,378.0,10
2026-05-06 21:00:00,20.51,53.48,341.92,0
2026-05-06 22:00:00,17.34,49.04,286.59,2
2026-05-06 23:00:00,14.19,66.51,378.37,14
2026-05-07 00:00:00,14.88,54.04,335.46,7
2026-05-07 01:00:00,14.85,48.75,354.1,16
2026-05-07 02:00:00,16.16,48.77,400.86,13
2026-05-07 03:00:00,12.1,62.27,376.52,7
2026-05-07 04:00:00,13.54,53.48,367.03,7
2026-05-07 05:00:00,16.4,46.7,325.25,15
2026-05-07 06:00:00,16.48,57.73,394.42,16
2026-05-07 07:00:00,18.79,49.77,313.33,7
2026-05-07 08:00:00,16.22,56.91,520.1,45
2026-05-07 09:00:00,20.43,55.37,440.67,36
2026-05-07 10:00:00,22.87,50.37,579.48,54
2026-05-07 11:00:00,22.49,61.24,499.42,35
2026-05-07 12:00:00,22.43,40.68,424.11,29
2026-05-07 13:00:00,22.36,45.26,556.43,50
2026-05-07 14:00:00,21.01,49.01,570.78,57
2026-05-07 15:00:00,22.4,60.62,509.76,41
2026-05-07 16:00:00,24.67,56.72,520.06,49
2026-05-07 17:00:00,21.27,56.55,504.81,41
2026-05-07 18:00:00,18.9,47.8,506.0,52
2026-05-07 19:00:00,18.73,48.5,320.25,6
2026-05-07 20:00:00,19.09,47.5,320.11,5
2026-05-07 21:00:00,16.9,49.25,362.53,16
2026-05-07 22:00:00,17.65,60.11,289.92,3
2026-05-07 23:00:00,16.9,51.95,298.23,9
2026-05-08 00:00:00,17.14,52.45,278.35,6
2026-05-08 01:00:00,17.81,56.41,324.13,5
2026-05-08 02:00:00,16.82,44.91,243.38,2
2026-05-08 03:00:00,13.09,56.1,385.24,8
2026-05-08 04:00:00,13.55,50.03,356.26,5
2026-05-08 05:00:00,15.85,52.44,343.08,10
2026-05-08 06:00:00,15.92,50.92,364.27,8
2026-05-08 07:00:00,15.51,50.95,331.15,7
2026-05-08 08:00:00,17.94,53.57,474.41,43
2026-05-08 09:00:00,18.91,52.87,481.75,58
2026-05-08 10:00:00,19.48,50.26,490.45,61
2026-05-08 11:00:00,21.02,52.14,486.05,44
2026-05-08 12:00:00,24.65,43.4,499.98,38
2026-05-08 13:00:00,23.09,52.25,578.82,56
2026-05-08 14:00:00,27.77,44.53,472.57,28
2026-05-08 15:00:00,23.03,46.46,523.48,47
2026-05-08 16:00:00,21.71,45.83,514.24,45
2026-05-08 17:00:00,21.66,48.63,546.76,58
2026-05-08 18:00:00,21.34,59.42,574.72,59
2026-05-08 19:00:00,20.73,50.17,332.2,12
2026-05-08 20:00:00,22.98,43.19,313.85,8
2026-05-08 21:00:00,16.1,58.32,324.79,7
2026-05-08 22:00:00,18.54,49.66,329.82,4
2026-05-08 23:00:00,16.41,54.93,327.69,10
2026-05-09 00:00:00,12.36,53.32,395.02,10
2026-05-09 01:00:00,16.64,59.75,308.49,6
2026-05-09 02:00:00,17.5,49.8,306.66,7
2026-05-09 03:00:00,13.39,62.62,371.58,7
2026-05-09 04:00:00,15.48,48.92,337.25,11
2026-05-09 05:00:00,12.68,54.66,333.81,3
2026-05-09 06:00:00,14.45,61.89,277.05,4
2026-05-09 07:00:00,20.02,51.82,343.26,4
2026-05-09 08:00:00,18.03,63.74,327.89,7
2026-05-09 09:00:00,17.78,51.21,306.13,9
2026-05-09 10:00:00,21.42,51.29,379.13,4
2026-05-09 11:00:00,20.75,60.0,346.8,12
2026-05-09 12:00:00,21.49,42.39,354.31,14
2026-05-09 13:00:00,24.31,39.8,346.86,10
2026-05-09 14:00:00,20.64,46.57,385.94,12
2026-05-09 15:00:00,21.02,54.36,370.82,4
2026-05-09 16:00:00,22.74,41.04,371.8,4
2026-05-09 17:00:00,23.73,51.37,410.29,10
2026-05-09 18:00:00,23.44,51.23,350.95,8
2026-05-09 19:00:00,18.67,62.0,364.47,4
2026-05-09 20:00:00,20.84,55.64,367.13,14
2026-05-09 21:00:00,16.36,55.37,305.63,9
2026-05-09 22:00:00,20.62,57.36,349.39,11
2026-05-09 23:00:00,13.87,57.99,358.81,5
2026-05-10 00:00:00,18.29,49.89,335.01,15
2026-05-10 01:00:00,13.92,49.53,355.42,7
2026-05-10 02:00:00,19.13,48.76,359.74,12
2026-05-10 03:00:00,16.42,53.31,338.24,6
2026-05-10 04:00:00,13.6,56.35,381.33,9
2026-05-10 05:00:00,15.23,43.67,343.54,10
2026-05-10 06:00:00,18.66,50.84,341.71,16
2026-05-10 07:00:00,20.17,51.02,296.39,6
2026-05-10 08:00:00,18.96,54.47,334.28,9
2026-05-10 09:00:00,20.22,58.98,343.01,10
2026-05-10 10:00:00,22.62,50.1,333.41,2
2026-05-10 11:00:00,22.19,44.92,267.7,0
2026-05-10 12:00:00,19.98,41.93,277.46,4
2026-05-10 13:00:00,21.34,53.5,379.72,12
2026-05-10 14:00:00,23.57,44.16,348.46,15
2026-05-10 15:00:00,25.39,51.56,362.88,4
2026-05-10 16:00:00,25.8,53.93,347.27,3
2026-05-10 17:00:00,23.49,40.84,360.77,14
2026-05-10 18:00:00,21.67,52.6,346.56,6
2026-05-10 19:00:00,21.63,56.32,350.88,7
2026-05-10 20:00:00,17.77,57.66,367.0,14
2026-05-10 21:00:00,17.76,42.09,310.77,13
2026-05-10 22:00:00,15.45,49.92,335.15,12
2026-05-10 23:00:00,13.77,48.96,355.67,1
2026-05-11 00:00:00,16.44,56.11,313.65,3
2026-05-11 01:00:00,15.74,56.05,371.99,12
2026-05-11 02:00:00,16.61,39.88,317.7,9
2026-05-11 03:00:00,16.46,51.97,334.82,5
2026-05-11 04:00:00,16.25,57.63,274.34,7
2026-05-11 05:00:00,17.52,53.48,375.2,12
2026-05-11 06:00:00,17.15,53.73,344.86,14
2026-05-11 07:00:00,19.02,49.86,298.76,8
2026-05-11 08:00:00,17.78,47.26,430.52,42
2026-05-11 09:00:00,21.01,50.21,422.39,29
2026-05-11 10:00:00,22.57,49.46,533.37,53
2026-05-11 11:00:00,20.72,53.57,525.79,52
2026-05-11 12:00:00,22.8,52.52,388.56,22
2026-05-11 13:00:00,21.85,50.13,543.11,50
2026-05-11 14:00:00,22.18,54.95,564.55,63
2026-05-11 15:00:00,20.85,48.53,432.14,34
2026-05-11 16:00:00,25.23,40.12,511.34,44
2026-05-11 17:00:00,24.19,50.45,529.19,43
2026-05-11 18:00:00,22.31,50.02,570.04,62
2026-05-11 19:00:00,24.21,50.54,359.75,8
2026-05-11 20:00:00,18.85,45.48,309.31,6
2026-05-11 21:00:00,24.26,56.97,411.11,9
2026-05-11 22:00:00,16.78,56.81,369.54,9
2026-05-11 23:00:00,16.91,51.72,323.17,3
2026-05-12 00:00:00,15.1,49.75,350.14,8
2026-05-12 01:00:00,16.24,59.01,406.97,9
2026-05-12 02:00:00,17.03,47.57,331.51,6
2026-05-12 03:00:00,15.27,65.62,348.36,5
2026-05-12 04:00:00,19.45,48.32,318.62,6
2026-05-12 05:00:00,17.01,61.69,332.63,4
2026-05-12 06:00:00,17.9,51.54,261.48,11
2026-05-12 07:00:00,16.51,61.35,352.95,4
2026-05-12 08:00:00,20.2,47.19,421.63,37
2026-05-12 09:00:00,20.13,51.0,481.98,48
2026-05-12 10:00:00,20.15,54.92,478.61,51
2026-05-12 11:00:00,20.64,53.86,427.43,33
2026-05-12 12:00:00,28.17,50.78,520.94,39
2026-05-12 13:00:00,22.7,46.67,541.13,48
2026-05-12 14:00:00,20.45,51.11,550.81,52
2026-05-12 15:00:00,21.83,55.96,532.39,40
2026-05-12 16:00:00,22.72,45.57,512.88,47
2026-05-12 17:00:00,23.29,51.56,496.7,42
2026-05-12 18:00:00,22.47,48.17,552.93,52
2026-05-12 19:00:00,21.75,50.8,327.66,7
2026-05-12 20:00:00,18.07,52.77,302.76,9
2026-05-12 21:00:00,19.01,47.75,321.77,9
2026-05-12 22:00:00,15.61,52.77,330.12,5
2026-05-12 23:00:00,15.3,55.02,319.37,14
2026-05-13 00:00:00,14.19,54.55,383.14,8
2026-05-13 01:00:00,13.25,63.59,385.42,10
2026-05-13 02:00:00,17.62,57.72,357.96,10
2026-05-13 03:00:00,17.0,54.55,300.8,10
2026-05-13 04:00:00,17.98,48.6,288.34,4
2026-05-13 05:00:00,16.74,49.16,313.4,8
2026-05-13 06:00:00,19.04,61.54,371.01,17
2026-05-13 07:00:00,14.93,49.5,370.69,14
2026-05-13 08:00:00,21.22,50.72,547.55,52
2026-05-13 09:00:00,20.88,52.19,509.09,48
2026-05-13 10:00:00,22.75,47.52,475.62,42
2026-05-13 11:00:00,23.08,43.83,540.66,40
2026-05-13 12:00:00,20.98,46.39,447.65,36
2026-05-13 13:00:00,20.36,48.02,442.34,39
2026-05-13 14:00:00,22.07,46.01,400.41,32
2026-05-13 15:00:00,24.48,54.5,582.05,59
2026-05-13 16:00:00,24.34,47.92,609.78,63
2026-05-13 17:00:00,19.58,48.67,375.68,26
2026-05-13 18:00:00,19.53,51.86,510.92,48
2026-05-13 19:00:00,19.08,54.98,322.6,4
2026-05-13 20:00:00,18.78,50.13,310.77,15
2026-05-13 21:00:00,15.73,58.5,374.55,11
2026-05-13 22:00:00,14.65,48.39,328.33,5
2026-05-13 23:00:00,15.02,60.34,334.24,10
2026-05-14 00:00:00,16.32,53.53,339.92,2
2026-05-14 01:00:00,13.39,55.39,376.01,5
2026-05-14 02:00:00,15.38,50.77,336.08,13
2026-05-14 03:00:00,17.87,46.35,333.08,9
2026-05-14 04:00:00,13.55,47.18,364.78,9
2026-05-14 05:00:00,16.38,49.72,348.87,12
2026-05-14 06:00:00,19.67,54.17,335.55,10
2026-05-14 07:00:00,17.74,47.77,314.29,7
2026-05-14 08:00:00,18.47,44.33,468.04,39
2026-05-14 09:00:00,22.98,44.37,502.26,42
2026-05-14 10:00:00,21.0,48.37,454.98,48
2026-05-14 11:00:00,24.65,46.01,482.3,49
2026-05-14 12:00:00,23.94,47.6,494.75,51
2026-05-14 13:00:00,22.79,54.21,507.96,53
2026-05-14 14:00:00,24.58,54.04,500.1,43
2026-05-14 15:00:00,24.12,58.14,598.51,66
2026-05-14 16:00:00,25.12,39.29,572.25,59
2026-05-14 17:00:00,21.35,45.78,480.08,42
2026-05-14 18:00:00,21.7,53.3,495.54,44
2026-05-14 19:00:00,20.53,48.36,352.27,4
2026-05-14 20:00:00,21.02,54.59,310.09,9
2026-05-14 21:00:00,16.53,54.46,366.51,13
2026-05-14 22:00:00,19.65,59.14,352.88,9
2026-05-14 23:00:00,17.72,57.81,319.97,13
2026-05-15 00:00:00,13.64,60.76,372.84,7
2026-05-15 01:00:00,18.29,50.14,340.85,10
2026-05-15 02:00:00,20.21,50.37,360.5,13
2026-05-15 03:00:00,17.88,50.96,260.77,7
2026-05-15 04:00:00,19.13,44.08,350.8,8
2026-05-15 05:00:00,17.08,60.4,337.35,7
2026-05-15 06:00:00,14.42,58.64,377.15,10
2026-05-15 07:00:00,15.01,52.76,277.76,12
2026-05-15 08:00:00,20.25,57.35,492.84,48
2026-05-15 09:00:00,19.59,48.14,484.51,55
2026-05-15 10:00:00,19.91,41.87,561.67,58
2026-05-15 11:00:00,22.44,54.33,507.87,52
2026-05-15 12:00:00,24.43,41.5,523.12,38
2026-05-15 13:00:00,20.7,49.53,501.26,42
2026-05-15 14:00:00,22.84,50.04,591.55,64
2026-05-15 15:00:00,26.62,48.29,578.56,48
2026-05-15 16:00:00,21.05,54.51,481.65,47
2026-05-15 17:00:00,24.31,50.89,467.63,36
2026-05-15 18:00:00,20.77,53.21,514.12,44
2026-05-15 19:00:00,21.87,45.74,315.88,5
2026-05-15 20:00:00,21.93,51.12,338.53,12
2026-05-15 21:00:00,20.19,43.34,305.37,3
2026-05-15 22:00:00,19.56,59.12,301.08,3
2026-05-15 23:00:00,14.61,47.76,400.61,10
2026-05-16 00:00:00,18.62,50.23,360.13,11
2026-05-16 01:00:00,14.29,48.4,311.23,2
2026-05-16 02:00:00,16.38,49.89,281.51,1
2026-05-16 03:00:00,16.51,53.51,332.61,5
2026-05-16 04:00:00,17.36,50.2,367.46,11
2026-05-16 05:00:00,17.7,58.33,340.6,9
2026-05-16 06:00:00,16.17,54.82,304.72,5
2026-05-16 07:00:00,16.12,51.4,314.05,11
2026-05-16 08:00:00,21.6,49.21,342.72,8
2026-05-16 09:00:00,21.26,56.21,359.26,8
2026-05-16 10:00:00,24.16,52.63,335.77,2
2026-05-16 11:00:00,22.6,43.49,366.43,5
2026-05-16 12:00:00,20.51,47.24,384.37,16
2026-05-16 13:00:00,25.65,49.42,383.32,7
2026-05-16 14:00:00,23.12,50.58,360.78,4
2026-05-16 15:00:00,24.41,42.66,326.53,6
2026-05-16 16:00:00,22.03,53.33,346.33,8
2026-05-16 17:00:00,25.97,42.36,367.82,12
2026-05-16 18:00:00,20.1,57.45,364.34,10
2026-05-16 19:00:00,20.22,53.49,306.09,5
2026-05-16 20:00:00,20.07,45.29,357.21,13
2026-05-16 21:00:00,16.64,50.71,342.38,11
2026-05-16 22:00:00,18.52,49.3,333.47,6
2026-05-16 23:00:00,20.25,51.62,309.35,7
2026-05-17 00:00:00,15.53,53.11,365.16,10
2026-05-17 01:00:00,16.9,47.44,319.21,12
2026-05-17 02:00:00,10.48,50.7,334.35,2
2026-05-17 03:00:00,16.03,56.52,340.52,8
2026-05-17 04:00:00,15.88,55.31,372.54,8
2026-05-17 05:00:00,15.51,54.67,315.5,6
2026-05-17 06:00:00,20.14,52.26,287.24,6
2026-05-17 07:00:00,18.29,49.11,316.81,12
2026-05-17 08:00:00,19.62,52.19,335.63,10
2026-05-17 09:00:00,20.25,63.51,431.28,16
2026-05-17 10:00:00,18.14,58.17,330.25,6
2026-05-17 11:00:00,20.54,49.18,325.02,9
2026-05-17 12:00:00,25.36,44.63,378.01,9
2026-05-17 13:00:00,19.62,36.97,378.13,12
2026-05-17 14:00:00,22.44,54.63,376.96,13
2026-05-17 15:00:00,23.04,52.81,360.34,8
2026-05-17 16:00:00,26.93,43.43,360.5,4
2026-05-17 17:00:00,24.34,40.8,371.39,5
2026-05-17 18:00:00,20.86,44.62,329.72,9
2026-05-17 19:00:00,23.62,50.69,407.27,12
2026-05-17 20:00:00,18.49,51.61,330.66,2
2026-05-17 21:00:00,20.96,53.79,345.3,3
2026-05-17 22:00:00,15.26,54.75,354.26,11
2026-05-17 23:00:00,19.29,56.33,281.74,3
2026-05-18 00:00:00,15.81,55.78,320.54,3
2026-05-18 01:00:00,14.17,59.23,361.52,13
2026-05-18 02:00:00,15.65,43.59,312.63,7
2026-05-18 03:00:00,16.78,47.08,318.69,7
2026-05-18 04:00:00,15.63,52.23,376.59,13
2026-05-18 05:00:00,18.37,57.54,298.39,4
2026-05-18 06:00:00,16.92,62.56,286.08,3
2026-05-18 07:00:00,20.29,49.97,342.42,15
2026-05-18 08:00:00,20.97,47.26,530.39,44
2026-05-18 09:00:00,21.0,40.52,514.99,49
2026-05-18 10:00:00,21.2,54.47,528.59,58
2026-05-18 11:00:00,23.22,46.0,614.47,63
2026-05-18 12:00:00,24.65,62.54,490.4,36
2026-05-18 13:00:00,28.07,41.65,548.23,32
2026-05-18 14:00:00,25.97,57.35,559.19,48
2026-05-18 15:00:00,25.9,50.61,557.55,47
2026-05-18 16:00:00,29.73,39.05,527.92,33
2026-05-18 17:00:00,23.95,49.4,553.59,45
2026-05-18 18:00:00,23.06,52.72,525.55,51
2026-05-18 19:00:00,22.53,48.1,389.4,7
2026-05-18 20:00:00,18.07,56.54,305.02,6
2026-05-18 21:00:00,18.16,56.36,331.43,11
2026-05-18 22:00:00,17.08,56.03,341.83,10
2026-05-18 23:00:00,18.55,51.93,353.03,9
2026-05-19 00:00:00,16.39,47.66,341.0,12
2026-05-19 01:00:00,16.61,52.99,346.92,1
2026-05-19 02:00:00,18.37,53.02,350.91,6
2026-05-19 03:00:00,18.06,42.98,309.56,6
2026-05-19 04:00:00,16.41,54.36,318.08,9
2026-05-19 05:00:00,16.03,53.3,374.27,10
2026-05-19 06:00:00,20.47,44.19,284.69,8
2026-05-19 07:00:00,20.71,48.84,340.25,3
2026-05-19 08:00:00,16.99,51.55,531.12,63
2026-05-19 09:00:00,20.61,60.23,543.14,48
2026-05-19 10:00:00,22.53,50.33,392.81,25
2026-05-19 11:00:00,24.58,52.97,512.37,46
2026-05-19 12:00:00,25.48,46.57,515.23,39
2026-05-19 13:00:00,24.63,38.39,584.14,59
2026-05-19 14:00:00,25.37,50.6,552.36,55
2026-05-19 15:00:00,24.19,44.78,443.45,29
2026-05-19 16:00:00,22.31,47.7,580.5,59
2026-05-19 17:00:00,22.5,43.98,563.96,54
2026-05-19 18:00:00,22.24,49.8,481.95,42
2026-05-19 19:00:00,21.16,55.51,346.22,10
2026-05-19 20:00:00,16.43,58.17,308.97,9
2026-05-19 21:00:00,18.37,60.07,334.31,7
2026-05-19 22:00:00,18.31,60.82,360.78,10
2026-05-19 23:00:00,16.81,43.01,330.39,8
2026-05-20 00:00:00,16.35,47.59,311.94,8
2026-05-20 01:00:00,17.42,43.77,361.48,7
2026-05-20 02:00:00,14.15,58.26,290.4,4
2026-05-20 03:00:00,13.19,52.3,411.38,15
2026-05-20 04:00:00,16.14,51.25,365.67,14
2026-05-20 05:00:00,19.0,50.61,367.69,14
2026-05-20 06:00:00,21.68,51.74,324.53,6
2026-05-20 07:00:00,20.83,42.99,324.34,5
2026-05-20 08:00:00,17.37,46.55,484.52,46
2026-05-20 09:00:00,20.88,50.39,470.65,40
2026-05-20 10:00:00,22.82,55.02,419.76,33
2026-05-20 11:00:00,23.49,48.43,558.34,46
2026-05-20 12:00:00,24.85,43.65,566.65,53
2026-05-20 13:00:00,22.33,38.62,497.25,45
2026-05-20 14:00:00,24.44,52.66,483.44,34
2026-05-20 15:00:00,25.01,43.81,582.49,50
2026-05-20 16:00:00,25.42,41.47,545.38,55
2026-05-20 17:00:00,21.52,41.36,555.58,67
2026-05-20 18:00:00,21.61,42.67,571.98,59
2026-05-20 19:00:00,15.93,49.04,335.06,4
2026-05-20 20:00:00,19.06,50.46,304.9,8
2026-05-20 21:00:00,18.22,46.2,323.68,2
2026-05-20 22:00:00,16.27,54.54,323.16,2
2026-05-20 23:00:00,17.81,51.3,302.75,8
2026-05-21 00:00:00,16.83,64.33,366.28,11
2026-05-21 01:00:00,12.03,48.06,362.48,4
2026-05-21 02:00:00,16.84,54.02,328.1,7
2026-05-21 03:00:00,14.69,55.59,358.74,7
2026-05-21 04:00:00,17.92,47.31,311.17,2
2026-05-21 05:00:00,15.02,54.96,391.63,13
2026-05-21 06:00:00,18.47,55.92,330.25,7
2026-05-21 07:00:00,18.81,52.32,320.8,7
2026-05-21 08:00:00,21.02,57.21,512.58,47
2026-05-21 09:00:00,21.69,38.93,446.91,27
2026-05-21 10:00:00,21.9,45.46,528.83,49
2026-05-21 11:00:00,20.17,58.26,529.24,56
2026-05-21 12:00:00,20.92,54.92,489.95,43
2026-05-21 13:00:00,23.11,51.53,556.1,46
2026-05-21 14:00:00,24.39,54.09,566.0,51
2026-05-21 15:00:00,23.06,39.28,523.23,49
2026-05-21 16:00:00,25.12,51.39,489.87,28
2026-05-21 17:00:00,22.68,54.45,461.21,36
2026-05-21 18:00:00,20.48,47.37,480.12,41
2026-05-21 19:00:00,20.89,63.52,402.2,8
2026-05-21 20:00:00,20.86,51.38,379.44,12
2026-05-21 21:00:00,20.02,40.02,405.74,17
2026-05-21 22:00:00,22.17,51.39,352.59,8
2026-05-21 23:00:00,16.24,50.03,331.7,10
2026-05-22 00:00:00,16.9,59.0,354.17,5
2026-05-22 01:00:00,17.5,55.49,301.2,12
2026-05-22 02:00:00,16.46,50.49,330.9,6
2026-05-22 03:00:00,15.65,61.56,426.18,21
2026-05-22 04:00:00,13.95,59.93,349.69,1
2026-05-22 05:00:00,16.66,49.2,313.87,17
2026-05-22 06:00:00,16.36,52.79,319.53,12
2026-05-22 07:00:00,16.02,56.37,322.1,4
2026-05-22 08:00:00,18.92,49.94,588.61,70
2026-05-22 09:00:00,19.45,49.71,503.87,47
2026-05-22 10:00:00,23.68,48.61,560.03,56
2026-05-22 11:00:00,24.54,42.49,520.1,41
2026-05-22 12:00:00,22.17,38.32,524.89,50
2026-05-22 13:00:00,23.85,49.5,534.95,50
2026-05-22 14:00:00,20.79,40.5,461.04,36
2026-05-22 15:00:00,23.39,43.66,453.49,35
2026-05-22 16:00:00,24.77,38.8,522.96,43
2026-05-22 17:00:00,,39.27,540.37,56
2026-05-22 18:00:00,21.08,52.37,435.5,27
2026-05-22 19:00:00,23.65,47.33,367.83,6
2026-05-22 20:00:00,17.48,51.47,348.97,15
2026-05-22 21:00:00,16.98,46.53,342.71,8
2026-05-22 22:00:00,19.93,47.77,362.08,5
2026-05-22 23:00:00,21.02,52.17,306.22,4
2026-05-23 00:00:00,18.13,52.05,358.51,10
2026-05-23 01:00:00,16.66,57.45,361.4,7
2026-05-23 02:00:00,12.22,61.27,395.57,14
2026-05-23 03:00:00,12.7,54.85,384.93,7
2026-05-23 04:00:00,17.4,43.56,337.89,14
2026-05-23 05:00:00,17.06,49.27,338.23,2
2026-05-23 06:00:00,16.4,53.03,240.96,1
2026-05-23 07:00:00,19.7,47.32,382.89,11
2026-05-23 08:00:00,20.84,45.14,305.59,6
2026-05-23 09:00:00,23.53,48.88,363.4,7
2026-05-23 10:00:00,22.88,61.13,333.42,4
2026-05-23 11:00:00,25.89,44.43,400.74,4
2026-05-23 12:00:00,24.09,48.12,373.65,11
2026-05-23 13:00:00,24.24,41.47,351.26,8
2026-05-23 14:00:00,26.74,52.5,404.94,4
2026-05-23 15:00:00,22.52,53.61,391.97,11
2026-05-23 16:00:00,29.7,48.24,424.66,13
2026-05-23 17:00:00,24.19,54.87,348.88,8
2026-05-23 18:00:00,23.37,46.5,350.06,12
2026-05-23 19:00:00,22.69,47.6,373.48,4
2026-05-23 20:00:00,24.36,56.5,397.81,10
2026-05-23 21:00:00,21.16,53.35,356.87,9
2026-05-23 22:00:00,15.4,43.12,336.95,5
2026-05-23 23:00:00,20.59,52.86,329.12,16
2026-05-24 00:00:00,16.56,50.5,329.55,9
2026-05-24 01:00:00,17.05,57.55,318.7,6
2026-05-24 02:00:00,14.15,57.14,383.4,8
2026-05-24 03:00:00,17.89,43.77,267.24,5
2026-05-24 04:00:00,15.94,55.19,350.49,3
2026-05-24 05:00:00,18.08,53.4,363.0,6
2026-05-24 06:00:00,18.14,54.12,277.3,6
2026-05-24 07:00:00,23.52,51.41,354.83,5
2026-05-24 08:00:00,24.67,55.21,412.02,13
2026-05-24 09:00:00,21.83,51.79,363.66,5
2026-05-24 10:00:00,22.83,49.13,290.93,4
2026-05-24 11:00:00,22.79,54.79,353.58,3
2026-05-24 12:00:00,26.38,57.75,369.26,3
2026-05-24 13:00:00,23.91,52.84,380.91,12
2026-05-24 14:00:00,23.86,49.33,424.21,9
2026-05-24 15:00:00,26.52,48.6,394.73,11
2026-05-24 16:00:00,23.09,50.12,390.36,12
2026-05-24 17:00:00,23.46,48.67,356.25,7
2026-05-24 18:00:00,19.54,62.15,373.63,14
2026-05-24 19:00:00,23.15,45.05,363.01,5
2026-05-24 20:00:00,24.59,53.56,382.34,4
2026-05-24 21:00:00,21.11,49.59,333.12,9
2026-05-24 22:00:00,21.63,42.46,351.11,9
2026-05-24 23:00:00,16.18,52.73,345.71,9
2026-05-25 00:00:00,17.8,49.8,298.45,12
2026-05-25 01:00:00,15.05,57.36,329.38,8
2026-05-25 02:00:00,16.34,54.02,365.78,9
2026-05-25 03:00:00,18.48,46.96,333.59,13
2026-05-25 04:00:00,17.54,60.08,403.35,9
2026-05-25 05:00:00,15.14,59.85,384.73,10
2026-05-25 06:00:00,16.17,61.61,334.58,2
2026-05-25 07:00:00,17.0,54.29,430.71,23
2026-05-25 08:00:00,21.78,49.58,534.95,49
2026-05-25 09:00:00,25.96,50.35,570.51,53
2026-05-25 10:00:00,25.52,44.25,557.47,62
2026-05-25 11:00:00,19.83,51.77,527.28,51
2026-05-25 12:00:00,27.1,45.15,612.85,55
2026-05-25 13:00:00,26.53,39.12,516.91,46
2026-05-25 14:00:00,21.7,50.44,483.69,52
2026-05-25 15:00:00,24.05,45.96,487.09,45
2026-05-25 16:00:00,26.45,45.27,576.99,45
2026-05-25 17:00:00,24.72,49.51,530.2,46
2026-05-25 18:00:00,20.18,57.24,513.83,41
2026-05-25 19:00:00,23.05,44.62,368.62,11
2026-05-25 20:00:00,16.52,51.75,353.33,16
2026-05-25 21:00:00,19.31,47.65,363.81,3
2026-05-25 22:00:00,21.07,46.1,331.72,7
2026-05-25 23:00:00,18.0,49.42,313.56,8
2026-05-26 00:00:00,16.42,52.52,348.17,8
2026-05-26 01:00:00,18.8,54.77,366.06,18
2026-05-26 02:00:00,18.83,53.42,348.09,7
2026-05-26 03:00:00,19.64,45.97,311.05,0
2026-05-26 04:00:00,19.17,58.05,346.76,7
2026-05-26 05:00:00,20.22,55.57,326.89,8
2026-05-26 06:00:00,20.35,46.25,292.38,7
2026-05-26 07:00:00,20.38,56.85,314.22,5
2026-05-26 08:00:00,21.06,51.89,477.68,45
2026-05-26 09:00:00,21.44,49.21,502.2,44
2026-05-26 10:00:00,20.46,52.47,419.16,32
2026-05-26 11:00:00,21.8,49.61,499.77,54
2026-05-26 12:00:00,23.78,51.08,436.94,32
2026-05-26 13:00:00,25.23,48.28,478.45,31
2026-05-26 14:00:00,27.77,43.88,606.8,57
2026-05-26 15:00:00,24.66,37.61,572.32,63
2026-05-26 16:00:00,26.36,49.19,499.5,38
2026-05-26 17:00:00,25.87,45.02,584.46,55
2026-05-26 18:00:00,22.42,53.19,543.92,53
2026-05-26 19:00:00,23.11,51.23,424.76,16
2026-05-26 20:00:00,20.4,48.98,337.92,8
2026-05-26 21:00:00,22.49,54.37,308.66,0
2026-05-26 22:00:00,20.16,51.92,368.51,8
2026-05-26 23:00:00,15.67,54.85,344.38,10
2026-05-27 00:00:00,17.83,51.83,319.53,12
2026-05-27 01:00:00,20.4,59.14,394.42,14
2026-05-27 02:00:00,16.61,49.81,393.61,14
2026-05-27 03:00:00,18.0,50.79,325.12,7
2026-05-27 04:00:00,18.6,45.8,287.76,5
2026-05-27 05:00:00,16.07,57.39,363.84,4
2026-05-27 06:00:00,19.99,48.1,337.18,6
2026-05-27 07:00:00,17.15,50.65,342.46,10
2026-05-27 08:00:00,19.72,48.61,468.07,44
2026-05-27 09:00:00,24.16,48.4,512.92,37
2026-05-27 10:00:00,23.68,42.17,485.07,46
2026-05-27 11:00:00,23.19,37.55,434.01,36
2026-05-27 12:00:00,25.33,49.56,527.77,33
2026-05-27 13:00:00,24.71,37.13,401.35,22
2026-05-27 14:00:00,24.99,51.77,558.06,47
2026-05-27 15:00:00,26.15,54.49,481.28,22
2026-05-27 16:00:00,22.98,48.09,500.75,42
2026-05-27 17:00:00,23.88,54.78,526.61,52
2026-05-27 18:00:00,22.34,49.24,491.01,38
2026-05-27 19:00:00,18.83,59.81,367.34,7
2026-05-27 20:00:00,19.13,49.33,328.0,5
2026-05-27 21:00:00,23.07,37.03,342.24,10
2026-05-27 22:00:00,19.74,50.78,349.52,9
2026-05-27 23:00:00,15.49,62.69,326.26,10
2026-05-28 00:00:00,14.51,57.52,322.83,6
2026-05-28 01:00:00,16.96,50.55,323.47,8
2026-05-28 02:00:00,20.17,52.52,349.62,10
2026-05-28 03:00:00,16.81,58.09,332.63,14
2026-05-28 04:00:00,20.2,50.43,351.1,9
2026-05-28 05:00:00,18.93,64.88,338.31,4
2026-05-28 06:00:00,19.99,48.42,335.61,9
2026-05-28 07:00:00,17.34,57.87,276.94,7
2026-05-28 08:00:00,22.93,52.76,503.24,42
2026-05-28 09:00:00,21.42,46.51,541.1,45
2026-05-28 10:00:00,24.78,45.53,558.05,51
2026-05-28 11:00:00,22.25,54.51,488.01,40
2026-05-28 12:00:00,24.87,48.32,498.38,41
2026-05-28 13:00:00,25.62,48.76,524.93,40
2026-05-28 14:00:00,24.74,39.5,500.53,40
2026-05-28 15:00:00,25.72,50.27,556.63,47
2026-05-28 16:00:00,23.98,49.65,475.61,41
2026-05-28 17:00:00,22.58,48.87,568.71,60
2026-05-28 18:00:00,26.26,48.42,630.47,72
2026-05-28 19:00:00,24.18,46.02,364.83,5
2026-05-28 20:00:00,19.53,48.37,252.3,0
2026-05-28 21:00:00,21.15,48.98,304.59,0
2026-05-28 22:00:00,17.57,50.38,341.31,8
2026-05-28 23:00:00,15.85,64.8,350.54,3
2026-05-29 00:00:00,19.73,55.75,307.71,0
2026-05-29 01:00:00,13.86,50.46,311.49,10
2026-05-29 02:00:00,18.98,61.89,380.14,14
2026-05-29 03:00:00,16.76,51.1,370.88,8
2026-05-29 04:00:00,17.24,53.08,313.84,9
2026-05-29 05:00:00,19.12,56.1,329.64,9
2026-05-29 06:00:00,20.29,40.95,321.26,0
2026-05-29 07:00:00,18.44,50.91,361.31,12
2026-05-29 08:00:00,22.57,46.34,579.22,57
2026-05-29 09:00:00,22.39,50.35,558.07,52
2026-05-29 10:00:00,20.62,52.42,447.11,43
2026-05-29 11:00:00,23.62,48.08,572.1,63
2026-05-29 12:00:00,27.36,45.23,550.41,43
2026-05-29 13:00:00,28.35,50.48,590.51,55
2026-05-29 14:00:00,26.57,47.91,554.8,47
2026-05-29 15:00:00,22.61,49.38,580.47,64
2026-05-29 16:00:00,25.58,47.84,548.1,53
2026-05-29 17:00:00,25.66,56.22,532.06,45
2026-05-29 18:00:00,24.58,48.66,486.38,43
2026-05-29 19:00:00,23.74,45.81,340.88,7
2026-05-29 20:00:00,21.86,40.16,380.8,17
2026-05-29 21:00:00,19.95,43.87,340.25,10
2026-05-29 22:00:00,17.91,50.13,304.98,0
2026-05-29 23:00:00,14.51,54.3,346.24,8
2026-05-30 00:00:00,18.42,49.33,372.62,9
2026-05-30 01:00:00,17.71,54.36,350.93,6
2026-05-30 02:00:00,18.32,49.33,293.83,4
2026-05-30 03:00:00,14.67,50.16,364.3,11
2026-05-30 04:00:00,19.03,54.74,348.99,4
2026-05-30 05:00:00,22.49,56.11,355.97,10
2026-05-30 06:00:00,19.36,45.91,294.2,4
2026-05-30 07:00:00,20.05,52.19,364.07,6
2026-05-30 08:00:00,21.82,40.2,377.33,12
2026-05-30 09:00:00,26.31,39.21,414.49,10
2026-05-30 10:00:00,21.16,47.25,353.45,8
2026-05-30 11:00:00,24.44,53.57,369.53,8
2026-05-30 12:00:00,23.07,44.96,326.43,8
2026-05-30 13:00:00,23.98,44.14,355.87,5
2026-05-30 14:00:00,25.11,47.61,383.47,2
2026-05-30 15:00:00,27.76,45.75,436.92,10
2026-05-30 16:00:00,28.27,41.28,448.45,14
2026-05-30 17:00:00,24.93,57.48,412.78,10
2026-05-30 18:00:00,22.45,47.96,415.33,9
2026-05-30 19:00:00,27.23,46.51,334.89,3
2026-05-30 20:00:00,20.35,48.75,359.61,12
2026-05-30 21:00:00,19.03,53.88,317.62,10
2026-05-30 22:00:00,15.66,60.22,399.9,11
2026-05-30 23:00:00,21.17,58.5,356.88,12
2026-05-31 00:00:00,19.75,47.36,384.48,14
2026-05-31 01:00:00,22.25,54.93,330.88,4
2026-05-31 02:00:00,14.5,57.6,345.97,3
2026-05-31 03:00:00,20.33,55.64,344.82,9
2026-05-31 04:00:00,17.95,51.97,308.84,4
2026-05-31 05:00:00,20.06,50.02,329.32,4
2026-05-31 06:00:00,15.98,58.49,387.44,13
2026-05-31 07:00:00,23.18,53.55,347.39,4
2026-05-31 08:00:00,22.85,56.83,388.38,8
2026-05-31 09:00:00,22.24,50.43,356.07,1
2026-05-31 10:00:00,24.57,47.27,362.94,8
2026-05-31 11:00:00,22.58,36.9,414.18,13
2026-05-31 12:00:00,23.58,40.44,397.06,13
2026-05-31 13:00:00,24.22,46.08,374.52,12
2026-05-31 14:00:00,21.57,44.39,360.19,8
2026-05-31 15:00:00,26.87,50.26,436.88,12
2026-05-31 16:00:00,27.13,39.46,408.2,10
2026-05-31 17:00:00,22.7,46.6,354.94,6
2026-05-31 18:00:00,23.97,45.91,286.35,10
2026-05-31 19:00:00,21.78,55.78,346.87,12
2026-05-31 20:00:00,21.93,46.6,346.48,3
2026-05-31 21:00:00,18.99,53.97,291.43,4
2026-05-31 22:00:00,17.51,53.72,339.43,7
2026-05-31 23:00:00,20.55,55.13,349.11,3
2026-06-01 00:00:00,17.76,56.82,306.82,3
2026-06-01 01:00:00,21.53,49.76,299.19,6
2026-06-01 02:00:00,17.44,44.31,319.38,12
2026-06-01 03:00:00,15.63,52.9,375.96,12
2026-06-01 04:00:00,20.34,50.66,377.79,9
2026-06-01 05:00:00,19.78,52.58,289.15,9
2026-06-01 06:00:00,20.8,46.75,377.23,16
2026-06-01 07:00:00,22.69,54.82,318.08,6
2026-06-01 08:00:00,20.04,51.04,481.12,43
2026-06-01 09:00:00,22.13,44.91,503.71,47
2026-06-01 10:00:00,23.0,46.61,579.97,48
2026-06-01 11:00:00,21.59,59.53,498.78,46
2026-06-01 12:00:00,24.28,51.32,451.1,21
2026-06-01 13:00:00,27.88,50.72,578.2,46
2026-06-01 14:00:00,25.82,41.72,515.05,43
2026-06-01 15:00:00,22.52,45.79,540.32,54
2026-06-01 16:00:00,21.7,46.4,525.65,52
2026-06-01 17:00:00,27.51,46.67,534.42,47
2026-06-01 18:00:00,23.17,47.91,501.43,48
2026-06-01 19:00:00,21.09,47.79,305.97,1
2026-06-01 20:00:00,20.8,48.62,306.56,6
2026-06-01 21:00:00,17.36,48.88,330.07,12
2026-06-01 22:00:00,22.19,48.57,375.71,15
2026-06-01 23:00:00,17.73,58.15,346.16,11
2026-06-02 00:00:00,20.68,42.96,342.58,6
2026-06-02 01:00:00,17.65,54.38,307.88,4
2026-06-02 02:00:00,20.27,57.71,336.18,10
2026-06-02 03:00:00,18.06,51.44,327.47,6
2026-06-02 04:00:00,19.66,48.6,347.76,6
2026-06-02 05:00:00,20.02,55.61,326.93,7
2026-06-02 06:00:00,20.66,45.62,329.31,12
2026-06-02 07:00:00,21.07,50.14,364.44,15
2026-06-02 08:00:00,20.95,45.14,486.84,45
2026-06-02 09:00:00,26.28,37.25,559.58,46
2026-06-02 10:00:00,21.6,49.12,544.03,52
2026-06-02 11:00:00,24.25,41.71,487.62,39
2026-06-02 12:00:00,24.91,47.51,605.73,54
2026-06-02 13:00:00,26.08,52.32,492.01,34
2026-06-02 14:00:00,24.55,57.08,543.31,40
2026-06-02 15:00:00,25.91,47.33,629.61,62
2026-06-02 16:00:00,24.54,52.92,512.46,35
2026-06-02 17:00:00,21.08,52.24,478.09,38
2026-06-02 18:00:00,23.43,46.68,463.59,32
2026-06-02 19:00:00,20.25,41.2,331.41,8
2026-06-02 20:00:00,17.94,60.57,341.16,5
2026-06-02 21:00:00,20.65,45.3,361.15,18
2026-06-02 22:00:00,20.39,57.64,326.39,4
2026-06-02 23:00:00,19.64,53.94,364.19,4
2026-06-03 00:00:00,19.15,46.72,346.75,9
2026-06-03 01:00:00,13.75,56.94,382.2,7
2026-06-03 02:00:00,14.75,65.34,346.09,12
2026-06-03 03:00:00,21.56,57.59,362.65,12
2026-06-03 04:00:00,15.92,51.3,328.62,3
2026-06-03 05:00:00,19.87,47.53,321.84,5
2026-06-03 06:00:00,18.1,52.83,280.43,4
2026-06-03 07:00:00,20.6,49.75,374.14,11
2026-06-03 08:00:00,20.21,56.85,524.13,46
2026-06-03 09:00:00,23.63,52.15,565.4,59
2026-06-03 10:00:00,23.75,39.91,486.86,35
2026-06-03 11:00:00,23.41,50.91,550.76,42
2026-06-03 12:00:00,22.84,48.12,526.63,40
2026-06-03 13:00:00,25.87,47.07,550.53,51
2026-06-03 14:00:00,23.05,50.11,425.53,31
2026-06-03 15:00:00,26.19,52.66,601.35,59
2026-06-03 16:00:00,30.19,48.75,647.68,51
2026-06-03 17:00:00,27.0,42.35,639.37,63
2026-06-03 18:00:00,24.91,47.27,1284.56,45
2026-06-03 19:00:00,22.34,47.12,376.98,4
2026-06-03 20:00:00,17.6,44.27,344.64,7
2026-06-03 21:00:00,17.79,52.0,285.97,10
2026-06-03 22:00:00,22.04,58.8,387.8,8
2026-06-03 23:00:00,17.07,44.49,306.08,3
2026-06-04 00:00:00,16.67,53.21,306.48,6
2026-06-04 01:00:00,17.34,52.58,324.06,6
2026-06-04 02:00:00,15.41,55.65,354.88,7
2026-06-04 03:00:00,15.22,49.53,322.0,7
2026-06-04 04:00:00,17.97,45.3,340.55,14
2026-06-04 05:00:00,16.92,46.26,316.03,7
2026-06-04 06:00:00,18.05,59.02,322.02,1
2026-06-04 07:00:00,18.94,46.83,320.88,8
2026-06-04 08:00:00,22.58,46.7,478.46,49
2026-06-04 09:00:00,22.1,60.05,535.61,54
2026-06-04 10:00:00,23.18,45.11,518.64,54
2026-06-04 11:00:00,25.56,48.82,445.94,32
2026-06-04 12:00:00,24.71,53.02,583.57,52
2026-06-04 13:00:00,24.84,52.69,506.18,35
2026-06-04 14:00:00,26.47,39.81,498.61,43
2026-06-04 15:00:00,26.73,42.72,547.9,56
2026-06-04 16:00:00,24.7,49.22,523.67,46
2026-06-04 17:00:00,24.52,57.48,539.18,56
2026-06-04 18:00:00,21.97,45.81,544.33,58
2026-06-04 19:00:00,20.85,47.94,340.15,7
2026-06-04 20:00:00,23.07,50.95,371.66,8
2026-06-04 21:00:00,21.39,53.13,347.67,5
2026-06-04 22:00:00,20.44,54.09,323.84,8
2026-06-04 23:00:00,19.27,47.28,339.2,10
2026-06-05 00:00:00,18.22,49.59,336.44,3
2026-06-05 01:00:00,19.12,52.69,285.58,9
2026-06-05 02:00:00,19.46,57.69,330.52,4
2026-06-05 03:00:00,19.55,50.12,287.9,4
2026-06-05 04:00:00,17.92,52.34,348.98,5
2026-06-05 05:00:00,21.53,44.8,388.38,13
2026-06-05 06:00:00,20.05,60.28,338.78,1
2026-06-05 07:00:00,21.82,50.5,324.19,6
2026-06-05 08:00:00,22.15,54.88,479.35,36
2026-06-05 09:00:00,23.12,48.97,489.78,38
2026-06-05 10:00:00,22.12,49.94,532.98,67
2026-06-05 11:00:00,25.82,39.42,492.09,36
2026-06-05 12:00:00,30.74,32.73,588.26,49
2026-06-05 13:00:00,24.7,53.97,514.64,51
2026-06-05 14:00:00,25.73,47.38,542.63,44
2026-06-05 15:00:00,24.56,48.84,550.9,52
2026-06-05 16:00:00,24.08,41.9,559.83,48
2026-06-05 17:00:00,27.51,41.23,493.9,36
2026-06-05 18:00:00,22.24,54.74,533.65,50
2026-06-05 19:00:00,21.68,58.53,353.01,5
2026-06-05 20:00:00,18.41,49.0,261.64,10
2026-06-05 21:00:00,19.04,55.03,297.81,1
2026-06-05 22:00:00,16.17,54.63,343.98,8
2026-06-05 23:00:00,20.02,50.38,301.06,13
2026-06-06 00:00:00,23.78,57.62,387.66,7
2026-06-06 01:00:00,17.04,50.8,316.79,4
2026-06-06 02:00:00,14.31,61.19,339.7,2
2026-06-06 03:00:00,19.58,53.2,361.46,10
2026-06-06 04:00:00,16.72,53.21,339.36,12
2026-06-06 05:00:00,21.41,56.87,354.97,8
2026-06-06 06:00:00,19.08,53.1,347.3,6
2026-06-06 07:00:00,19.34,50.98,304.01,0
2026-06-06 08:00:00,21.28,57.0,309.77,8
2026-06-06 09:00:00,24.19,54.31,365.24,5
2026-06-06 10:00:00,23.19,54.78,358.8,5
2026-06-06 11:00:00,23.48,29.13,397.49,14
2026-06-06 12:00:00,24.71,49.91,338.18,1
2026-06-06 13:00:00,22.96,49.99,310.54,1
2026-06-06 14:00:00,26.43,46.32,365.87,9
2026-06-06 15:00:00,21.93,52.7,385.51,6
2026-06-06 16:00:00,24.22,49.35,370.14,6
2026-06-06 17:00:00,25.99,50.2,425.21,9
2026-06-06 18:00:00,24.25,46.69,411.83,9
2026-06-06 19:00:00,23.86,55.79,339.32,4
2026-06-06 20:00:00,21.51,53.84,323.19,6
2026-06-06 21:00:00,22.94,51.65,360.48,8
2026-06-06 22:00:00,21.49,52.43,369.89,9
2026-06-06 23:00:00,19.7,56.99,313.92,10
2026-06-07 00:00:00,20.08,56.05,345.53,6
2026-06-07 01:00:00,19.33,50.91,349.0,9
2026-06-07 02:00:00,16.81,58.18,325.14,12
2026-06-07 03:00:00,15.14,55.27,322.61,8
2026-06-07 04:00:00,19.07,61.24,348.98,8
2026-06-07 05:00:00,19.95,56.52,390.9,7
2026-06-07 06:00:00,21.87,46.56,332.96,6
2026-06-07 07:00:00,18.78,63.51,332.29,4
2026-06-07 08:00:00,19.88,40.58,309.58,7
2026-06-07 09:00:00,23.64,51.64,381.59,10
2026-06-07 10:00:00,23.55,45.04,332.54,4
2026-06-07 11:00:00,20.75,59.89,344.2,8
2026-06-07 12:00:00,25.9,48.13,441.9,7
2026-06-07 13:00:00,21.85,45.74,380.5,15
2026-06-07 14:00:00,23.8,47.01,338.46,11
2026-06-07 15:00:00,28.26,41.65,424.75,11
2026-06-07 16:00:00,28.8,43.31,446.03,12
2026-06-07 17:00:00,22.09,47.9,361.16,6
2026-06-07 18:00:00,23.03,45.12,375.95,14
2026-06-07 19:00:00,22.81,50.38,340.4,9
2026-06-07 20:00:00,25.25,49.28,356.4,8
2026-06-07 21:00:00,19.67,46.25,308.17,3
2026-06-07 22:00:00,18.74,43.59,307.16,6
2026-06-07 23:00:00,21.96,51.18,312.4,1
2026-06-08 00:00:00,17.52,55.4,356.56,7
2026-06-08 01:00:00,19.31,55.13,350.43,6
2026-06-08 02:00:00,14.78,57.41,378.99,6
2026-06-08 03:00:00,17.53,60.59,292.37,2
2026-06-08 04:00:00,14.95,59.52,342.25,11
2026-06-08 05:00:00,16.79,66.64,356.37,10
2026-06-08 06:00:00,21.41,65.51,399.12,15
2026-06-08 07:00:00,20.6,41.79,364.6,15
2026-06-08 08:00:00,21.1,39.25,444.79,32
2026-06-08 09:00:00,21.27,50.07,591.28,59
2026-06-08 10:00:00,23.29,51.22,494.37,42
2026-06-08 11:00:00,25.16,47.01,506.22,35
2026-06-08 12:00:00,27.16,49.5,577.65,50
2026-06-08 13:00:00,20.35,49.41,495.12,46
2026-06-08 14:00:00,24.07,44.68,519.0,41
2026-06-08 15:00:00,25.92,44.14,490.88,40
2026-06-08 16:00:00,25.0,46.5,498.75,45
2026-06-08 17:00:00,25.37,51.46,594.78,58
2026-06-08 18:00:00,24.27,45.58,494.45,50
2026-06-08 19:00:00,22.16,48.04,365.06,8
2026-06-08 20:00:00,20.68,53.37,330.04,11
2026-06-08 21:00:00,20.21,49.86,375.01,7
2026-06-08 22:00:00,22.03,55.16,332.29,4
2026-06-08 23:00:00,17.44,48.19,369.06,10
2026-06-09 00:00:00,18.19,46.59,325.33,10
2026-06-09 01:00:00,18.28,53.73,318.54,7
2026-06-09 02:00:00,20.9,52.39,373.69,9
2026-06-09 03:00:00,17.31,48.56,349.05,12
2026-06-09 04:00:00,20.23,57.56,343.38,8
2026-06-09 05:00:00,21.41,59.64,339.74,6
2026-06-09 06:00:00,19.65,48.11,312.46,5
2026-06-09 07:00:00,20.32,58.21,402.0,7
2026-06-09 08:00:00,21.12,38.31,479.04,54
2026-06-09 09:00:00,22.3,54.77,488.01,47
2026-06-09 10:00:00,25.48,42.87,686.69,78
2026-06-09 11:00:00,25.07,52.33,543.89,42
2026-06-09 12:00:00,25.71,42.2,563.87,60
2026-06-09 13:00:00,23.39,48.29,533.31,61
2026-06-09 14:00:00,23.84,44.26,565.29,50
2026-06-09 15:00:00,29.93,42.98,535.11,45
2026-06-09 16:00:00,24.88,56.73,521.97,46
2026-06-09 17:00:00,23.05,48.32,511.91,45
2026-06-09 18:00:00,26.64,56.9,563.14,56
2026-06-09 19:00:00,23.37,46.71,382.59,7
2026-06-09 20:00:00,22.93,56.41,373.04,9
2026-06-09 21:00:00,20.46,42.55,337.56,14
2026-06-09 22:00:00,19.14,50.17,294.76,4
2026-06-09 23:00:00,18.61,49.29,363.17,9
2026-06-10 00:00:00,15.58,61.78,318.68,2
2026-06-10 01:00:00,17.77,53.48,361.53,13
2026-06-10 02:00:00,18.41,41.68,316.61,8
2026-06-10 03:00:00,21.65,43.29,278.06,2
2026-06-10 04:00:00,18.52,46.97,322.01,3
2026-06-10 05:00:00,14.32,59.65,399.05,11
2026-06-10 06:00:00,19.63,55.29,358.66,1
2026-06-10 07:00:00,26.26,45.12,341.09,9
2026-06-10 08:00:00,23.55,45.77,428.95,44
2026-06-10 09:00:00,21.23,53.72,499.26,41
2026-06-10 10:00:00,25.0,41.86,500.12,44
2026-06-10 11:00:00,23.16,51.08,530.91,59
2026-06-10 12:00:00,22.57,51.06,486.95,39
2026-06-10 13:00:00,24.98,46.14,601.74,68
2026-06-10 14:00:00,26.0,48.79,475.7,39
2026-06-10 15:00:00,21.93,50.16,509.12,47
2026-06-10 16:00:00,22.98,51.4,547.97,51
2026-06-10 17:00:00,24.66,41.07,508.86,42
2026-06-10 18:00:00,23.0,51.97,571.42,59
2026-06-10 19:00:00,23.64,53.59,372.41,6
2026-06-10 20:00:00,19.38,53.04,277.96,4
2026-06-10 21:00:00,22.21,52.46,371.63,12
2026-06-10 22:00:00,17.45,52.24,321.21,5
2026-06-10 23:00:00,22.27,53.87,357.82,10
2026-06-11 00:00:00,14.95,54.86,330.03,8
2026-06-11 01:00:00,15.8,48.2,312.1,6
2026-06-11 02:00:00,18.68,56.02,331.82,10
2026-06-11 03:00:00,21.31,41.91,386.78,13
2026-06-11 04:00:00,19.01,53.1,380.79,11
2026-06-11 05:00:00,20.15,48.98,373.5,9
2026-06-11 06:00:00,19.88,48.84,323.06,14
2026-06-11 07:00:00,18.76,52.73,279.99,1
2026-06-11 08:00:00,20.87,46.85,469.66,36
2026-06-11 09:00:00,20.46,53.24,585.33,60
2026-06-11 10:00:00,21.29,50.38,443.71,38
2026-06-11 11:00:00,25.48,44.08,540.59,48
2026-06-11 12:00:00,23.07,55.54,540.7,59
2026-06-11 13:00:00,26.35,47.58,563.47,50
2026-06-11 14:00:00,23.24,51.88,467.07,37
2026-06-11 15:00:00,26.3,53.67,503.32,35
2026-06-11 16:00:00,24.33,54.97,569.15,64
2026-06-11 17:00:00,27.49,48.66,462.35,35
2026-06-11 18:00:00,24.5,46.34,574.36,39
2026-06-11 19:00:00,25.36,40.1,367.86,6
2026-06-11 20:00:00,20.34,51.8,393.97,8
2026-06-11 21:00:00,20.93,55.83,398.72,11
2026-06-11 22:00:00,17.89,54.25,322.98,17
2026-06-11 23:00:00,18.19,35.04,301.66,3
2026-06-12 00:00:00,17.89,56.83,321.39,14
2026-06-12 01:00:00,16.56,58.06,336.44,9
2026-06-12 02:00:00,15.45,52.68,310.56,11
2026-06-12 03:00:00,15.19,59.31,315.55,9
2026-06-12 04:00:00,13.74,58.52,364.03,14
2026-06-12 05:00:00,16.94,49.72,321.9,9
2026-06-12 06:00:00,21.13,56.56,342.91,5
2026-06-12 07:00:00,17.65,46.31,303.17,10
2026-06-12 08:00:00,19.14,51.31,456.05,38
2026-06-12 09:00:00,26.5,45.67,520.72,34
2026-06-12 10:00:00,22.61,45.05,484.41,39
2026-06-12 11:00:00,25.35,48.77,463.66,29
2026-06-12 12:00:00,26.63,52.91,569.69,50
2026-06-12 13:00:00,27.07,52.29,476.39,37
2026-06-12 14:00:00,22.83,52.63,550.57,49
2026-06-12 15:00:00,25.28,38.82,510.87,50
2026-06-12 16:00:00,22.11,42.85,574.57,55
2026-06-12 17:00:00,29.6,45.11,588.23,48
2026-06-12 18:00:00,20.69,50.35,550.72,56
2026-06-12 19:00:00,20.82,47.94,391.42,16
2026-06-12 20:00:00,19.8,60.67,344.64,8
2026-06-12 21:00:00,17.85,53.03,313.09,10
2026-06-12 22:00:00,22.58,51.9,338.65,9
2026-06-12 23:00:00,23.9,53.21,417.03,8
2026-06-13 00:00:00,17.49,53.03,359.29,15
2026-06-13 01:00:00,15.4,67.17,310.86,4
2026-06-13 02:00:00,13.43,50.9,361.5,5
2026-06-13 03:00:00,17.55,49.68,345.95,11
2026-06-13 04:00:00,17.81,47.82,317.65,9
2026-06-13 05:00:00,17.78,60.37,305.11,7
2026-06-13 06:00:00,20.35,54.77,361.87,8
2026-06-13 07:00:00,21.66,47.12,387.26,12
2026-06-13 08:00:00,22.55,44.89,370.16,10
2026-06-13 09:00:00,22.31,56.31,351.9,5
2026-06-13 10:00:00,21.7,51.62,337.16,9
2026-06-13 11:00:00,26.07,53.81,400.78,8
2026-06-13 12:00:00,25.4,46.92,370.36,10
2026-06-13 13:00:00,27.55,48.27,360.05,7
2026-06-13 14:00:00,27.49,47.26,404.51,3
2026-06-13 15:00:00,22.93,45.83,343.09,11
2026-06-13 16:00:00,22.5,48.53,318.2,10
2026-06-13 17:00:00,23.22,42.82,413.42,14
2026-06-13 18:00:00,21.79,52.21,289.45,3
2026-06-13 19:00:00,24.45,51.69,364.1,8
2026-06-13 20:00:00,22.61,54.12,331.1,7
2026-06-13 21:00:00,23.07,52.18,339.87,6
2026-06-13 22:00:00,20.7,49.87,374.44,2
2026-06-13 23:00:00,19.5,59.11,321.66,4
2026-06-14 00:00:00,20.87,54.86,362.14,9
2026-06-14 01:00:00,19.01,58.64,348.73,6
2026-06-14 02:00:00,18.07,59.61,300.83,5
2026-06-14 03:00:00,21.03,49.65,395.71,14
2026-06-14 04:00:00,18.7,53.85,378.04,17
2026-06-14 05:00:00,18.49,55.93,348.63,8
2026-06-14 06:00:00,18.25,46.48,279.07,2
2026-06-14 07:00:00,22.3,43.75,368.86,10
2026-06-14 08:00:00,24.4,41.42,334.15,0
2026-06-14 09:00:00,22.86,48.45,366.32,3
2026-06-14 10:00:00,26.55,44.75,379.28,10
2026-06-14 11:00:00,20.82,43.25,367.82,2
2026-06-14 12:00:00,25.28,48.05,382.44,7
2026-06-14 13:00:00,25.71,46.52,354.06,2
2026-06-14 14:00:00,24.48,53.78,371.68,8
2026-06-14 15:00:00,30.56,53.67,443.23,12
2026-06-14 16:00:00,25.26,49.6,354.26,6
2026-06-14 17:00:00,23.94,44.76,381.71,8
2026-06-14 18:00:00,23.98,51.45,357.67,5
2026-06-14 19:00:00,18.96,51.77,367.76,5
2026-06-14 20:00:00,20.41,49.51,316.76,5
2026-06-14 21:00:00,22.86,44.69,366.2,11
2026-06-14 22:00:00,18.67,49.61,293.59,2
2026-06-14 23:00:00,17.44,51.9,369.38,7
2026-06-15 00:00:00,21.11,54.25,320.66,10
2026-06-15 01:00:00,20.77,53.02,363.45,12
2026-06-15 02:00:00,18.99,60.84,353.43,10
2026-06-15 03:00:00,17.18,56.35,304.3,8
2026-06-15 04:00:00,18.01,54.52,382.65,6
2026-06-15 05:00:00,17.51,51.21,318.39,12
2026-06-15 06:00:00,17.96,47.24,307.06,5
2026-06-15 07:00:00,18.83,48.97,356.26,5
2026-06-15 08:00:00,20.71,47.0,500.49,50
2026-06-15 09:00:00,20.92,37.55,443.84,34
2026-06-15 10:00:00,20.82,45.38,509.95,52
2026-06-15 11:00:00,25.22,55.36,530.65,45
2026-06-15 12:00:00,25.88,48.72,596.81,54
2026-06-15 13:00:00,29.22,42.67,505.39,36
2026-06-15 14:00:00,24.61,49.76,434.95,40
2026-06-15 15:00:00,26.41,36.75,512.23,42
2026-06-15 16:00:00,26.04,48.18,475.15,30
2026-06-15 17:00:00,24.27,54.4,573.03,56
2026-06-15 18:00:00,25.44,46.59,457.19,29
2026-06-15 19:00:00,24.54,38.96,322.18,3
2026-06-15 20:00:00,22.61,47.11,348.11,7
2026-06-15 21:00:00,20.4,57.11,386.83,7
2026-06-15 22:00:00,19.24,52.83,331.19,8
2026-06-15 23:00:00,16.39,46.44,354.82,10
2026-06-16 00:00:00,16.89,65.01,326.98,10
2026-06-16 01:00:00,16.86,46.93,309.99,5
2026-06-16 02:00:00,15.72,52.78,331.37,11
2026-06-16 03:00:00,18.98,46.52,355.92,7
2026-06-16 04:00:00,20.9,45.19,330.49,15
2026-06-16 05:00:00,17.32,50.61,327.85,6
2026-06-16 06:00:00,20.53,53.81,328.06,2
2026-06-16 07:00:00,18.86,58.25,355.75,11
2026-06-16 08:00:00,21.36,48.12,420.02,41
2026-06-16 09:00:00,21.62,44.81,410.12,36
2026-06-16 10:00:00,25.17,49.77,528.0,44
2026-06-16 11:00:00,23.44,51.13,475.5,41
2026-06-16 12:00:00,27.46,46.98,487.61,35
2026-06-16 13:00:00,25.34,48.64,451.46,29
2026-06-16 14:00:00,24.67,47.17,416.03,25
2026-06-16 15:00:00,23.32,49.16,510.85,52
2026-06-16 16:00:00,25.94,45.93,513.35,41
2026-06-16 17:00:00,26.59,51.74,531.22,55
2026-06-16 18:00:00,24.51,58.98,499.35,41
2026-06-16 19:00:00,27.48,46.66,346.49,0
2026-06-16 20:00:00,24.83,47.59,373.0,8
2026-06-16 21:00:00,20.32,52.06,392.66,6
2026-06-16 22:00:00,19.33,48.18,300.6,6
2026-06-16 23:00:00,20.08,54.77,348.07,7
2026-06-17 00:00:00,16.84,55.42,356.76,12
2026-06-17 01:00:00,20.45,48.58,357.71,9
2026-06-17 02:00:00,18.7,56.42,319.32,6
2026-06-17 03:00:00,18.63,52.05,341.23,2
2026-06-17 04:00:00,19.89,46.23,375.77,14
2026-06-17 05:00:00,22.6,50.94,366.71,5
2026-06-17 06:00:00,20.32,51.96,304.7,7
2026-06-17 07:00:00,20.72,55.3,384.63,17
2026-06-17 08:00:00,25.0,51.66,512.47,44
2026-06-17 09:00:00,24.95,46.99,461.74,35
2026-06-17 10:00:00,23.34,46.3,434.9,30
2026-06-17 11:00:00,24.82,47.63,523.27,45
2026-06-17 12:00:00,25.84,48.73,401.88,10
2026-06-17 13:00:00,26.57,48.82,558.12,44
2026-06-17 14:00:00,23.27,50.22,497.9,36
2026-06-17 15:00:00,22.76,48.61,545.49,53
2026-06-17 16:00:00,23.67,53.41,561.39,55
2026-06-17 17:00:00,22.88,45.61,540.27,56
2026-06-17 18:00:00,22.69,61.51,496.71,42
2026-06-17 19:00:00,24.29,51.82,353.11,8
2026-06-17 20:00:00,21.64,44.21,341.57,9
2026-06-17 21:00:00,21.34,50.99,363.6,9
2026-06-17 22:00:00,17.53,56.59,366.92,7
2026-06-17 23:00:00,18.23,50.49,309.92,5
2026-06-18 00:00:00,19.7,43.73,307.34,7
2026-06-18 01:00:00,19.32,46.28,373.54,13
2026-06-18 02:00:00,16.54,56.13,278.92,6
2026-06-18 03:00:00,18.45,43.31,361.98,12
2026-06-18 04:00:00,22.92,41.71,337.14,13
2026-06-18 05:00:00,19.13,54.3,323.11,1
2026-06-18 06:00:00,18.6,50.86,313.58,7
2026-06-18 07:00:00,20.61,47.1,332.92,4
2026-06-18 08:00:00,22.18,47.0,555.62,46
2026-06-18 09:00:00,22.72,41.74,498.98,50
2026-06-18 10:00:00,23.93,50.67,479.45,42
2026-06-18 11:00:00,21.93,45.61,491.77,43
2026-06-18 12:00:00,23.53,45.85,545.38,44
2026-06-18 13:00:00,25.56,48.84,550.23,49
2026-06-18 14:00:00,25.66,45.75,546.29,49
2026-06-18 15:00:00,24.72,44.17,635.8,73
2026-06-18 16:00:00,25.1,37.48,558.94,62
2026-06-18 17:00:00,24.94,49.38,458.36,27
2026-06-18 18:00:00,25.77,47.36,514.5,44
2026-06-18 19:00:00,22.83,46.43,394.53,9
2026-06-18 20:00:00,22.79,43.86,379.09,9
2026-06-18 21:00:00,19.87,51.15,303.6,8
2026-06-18 22:00:00,21.14,52.61,343.77,8
2026-06-18 23:00:00,19.91,51.55,356.61,9
2026-06-19 00:00:00,20.26,59.0,308.44,4
2026-06-19 01:00:00,19.56,54.83,317.81,10
2026-06-19 02:00:00,19.17,51.04,334.5,11
2026-06-19 03:00:00,17.94,56.14,342.38,10
2026-06-19 04:00:00,19.02,51.93,351.99,7
2026-06-19 05:00:00,21.3,50.32,357.21,9
2026-06-19 06:00:00,18.69,58.4,390.0,7
2026-06-19 07:00:00,19.71,46.72,314.2,8
2026-06-19 08:00:00,22.36,49.46,491.41,37
2026-06-19 09:00:00,23.86,54.24,475.92,41
2026-06-19 10:00:00,22.35,50.9,590.61,56
2026-06-19 11:00:00,24.68,45.88,572.66,50
2026-06-19 12:00:00,25.27,38.78,562.54,51
2026-06-19 13:00:00,21.43,38.65,443.92,45
2026-06-19 14:00:00,25.56,57.49,586.93,53
2026-06-19 15:00:00,25.55,48.66,473.88,36
2026-06-19 16:00:00,25.14,44.48,504.74,38
2026-06-19 17:00:00,27.66,47.39,525.11,49
2026-06-19 18:00:00,21.57,45.17,490.24,42
2026-06-19 19:00:00,21.38,48.38,339.69,8
2026-06-19 20:00:00,16.77,48.55,305.3,7
2026-06-19 21:00:00,20.0,43.93,395.31,20
2026-06-19 22:00:00,19.21,41.03,314.7,6
2026-06-19 23:00:00,18.15,44.31,318.75,9
2026-06-20 00:00:00,20.75,55.58,387.58,13
2026-06-20 01:00:00,19.86,46.17,401.99,13
2026-06-20 02:00:00,18.16,54.97,351.64,12
2026-06-20 03:00:00,17.39,57.61,280.97,6
2026-06-20 04:00:00,20.59,50.67,301.85,7
2026-06-20 05:00:00,19.13,50.11,300.87,0
2026-06-20 06:00:00,18.36,52.81,351.63,8
2026-06-20 07:00:00,17.53,50.64,330.15,8
2026-06-20 08:00:00,21.12,56.24,376.58,11
2026-06-20 09:00:00,24.54,57.2,407.37,15
2026-06-20 10:00:00,28.55,52.26,443.67,11
2026-06-20 11:00:00,24.95,36.78,399.58,12
2026-06-20 12:00:00,23.93,46.06,340.55,8
2026-06-20 13:00:00,23.49,48.58,396.55,13
2026-06-20 14:00:00,27.1,48.34,355.12,8
2026-06-20 15:00:00,22.33,40.73,378.71,13
2026-06-20 16:00:00,26.56,37.69,386.48,11
2026-06-20 17:00:00,26.46,53.01,402.42,10
2026-06-20 18:00:00,24.87,44.79,356.26,2
2026-06-20 19:00:00,22.6,41.75,376.7,12
2026-06-20 20:00:00,23.13,43.29,399.16,10
2026-06-20 21:00:00,21.31,52.04,362.18,11
2026-06-20 22:00:00,18.44,47.98,333.67,9
2026-06-20 23:00:00,22.87,50.2,402.16,10
2026-06-21 00:00:00,17.83,47.62,389.68,13
2026-06-21 01:00:00,19.69,42.5,321.47,6
2026-06-21 02:00:00,13.16,62.91,365.71,10
2026-06-21 03:00:00,20.69,52.51,321.51,5
2026-06-21 04:00:00,21.47,48.3,368.91,10
2026-06-21 05:00:00,19.23,48.93,329.92,9
2026-06-21 06:00:00,21.12,57.54,299.14,5
2026-06-21 07:00:00,22.08,52.5,386.22,8
2026-06-21 08:00:00,20.71,56.23,359.98,6
2026-06-21 09:00:00,24.13,45.19,389.8,6
2026-06-21 10:00:00,22.38,49.59,396.0,9
2026-06-21 11:00:00,23.61,50.48,376.33,9
2026-06-21 12:00:00,27.72,42.85,369.8,0
2026-06-21 13:00:00,27.81,45.05,427.63,9
2026-06-21 14:00:00,24.59,44.87,335.36,7
2026-06-21 15:00:00,24.4,49.92,357.66,6
2026-06-21 16:00:00,24.17,41.47,345.04,3
2026-06-21 17:00:00,26.29,49.45,410.23,8
2026-06-21 18:00:00,22.0,51.15,333.08,6
2026-06-21 19:00:00,23.75,47.36,368.44,13
2026-06-21 20:00:00,23.49,50.8,327.82,1
2026-06-21 21:00:00,20.79,48.62,339.52,4
2026-06-21 22:00:00,22.02,46.24,332.93,4
2026-06-21 23:00:00,18.56,54.73,298.15,9
2026-06-22 00:00:00,18.1,55.26,314.46,13
2026-06-22 01:00:00,16.18,51.14,348.97,10
2026-06-22 02:00:00,20.03,48.01,323.38,4
2026-06-22 03:00:00,16.6,52.47,329.01,6
2026-06-22 04:00:00,19.23,48.78,306.15,5
2026-06-22 05:00:00,19.02,59.31,365.45,10
2026-06-22 06:00:00,17.89,54.06,328.17,6
2026-06-22 07:00:00,19.74,51.25,322.7,2
2026-06-22 08:00:00,24.76,43.0,568.55,55
2026-06-22 09:00:00,23.43,52.29,564.28,47
2026-06-22 10:00:00,21.98,46.56,484.24,48
2026-06-22 11:00:00,25.43,43.93,525.43,48
2026-06-22 12:00:00,25.17,51.25,588.17,62
2026-06-22 13:00:00,32.77,44.0,624.98,48
2026-06-22 14:00:00,26.56,33.89,484.92,37
2026-06-22 15:00:00,25.1,46.64,479.64,39
2026-06-22 16:00:00,28.3,45.82,579.08,53
2026-06-22 17:00:00,21.14,48.5,514.44,49
2026-06-22 18:00:00,24.18,48.87,487.26,30
2026-06-22 19:00:00,27.02,37.04,390.09,12
2026-06-22 20:00:00,21.76,35.61,337.36,11
2026-06-22 21:00:00,17.49,47.88,296.46,7
2026-06-22 22:00:00,19.2,52.97,309.34,4
2026-06-22 23:00:00,22.08,33.42,374.77,0
2026-06-23 00:00:00,19.27,47.29,362.53,14
2026-06-23 01:00:00,16.45,43.87,329.42,4
2026-06-23 02:00:00,16.62,52.16,310.85,2
2026-06-23 03:00:00,17.0,62.89,345.79,9
2026-06-23 04:00:00,19.24,50.44,328.18,2
2026-06-23 05:00:00,21.83,49.18,368.15,9
2026-06-23 06:00:00,22.09,53.73,361.06,7
2026-06-23 07:00:00,21.86,49.8,367.93,12
2026-06-23 08:00:00,19.32,50.4,522.29,58
2026-06-23 09:00:00,20.37,55.38,471.54,37
2026-06-23 10:00:00,25.05,49.82,527.63,45
2026-06-23 11:00:00,22.12,50.96,578.55,50
2026-06-23 12:00:00,25.0,46.81,577.48,52
2026-06-23 13:00:00,26.46,44.75,465.71,32
2026-06-23 14:00:00,23.71,52.99,454.16,36
2026-06-23 15:00:00,23.8,46.66,528.24,51
2026-06-23 16:00:00,25.26,53.47,489.09,41
2026-06-23 17:00:00,25.82,41.69,458.58,31
2026-06-23 18:00:00,26.11,53.89,510.91,44
2026-06-23 19:00:00,24.24,50.4,352.05,5
2026-06-23 20:00:00,22.13,44.66,354.61,11
2026-06-23 21:00:00,19.46,53.92,333.63,6
2026-06-23 22:00:00,17.84,49.26,322.1,9
2026-06-23 23:00:00,18.14,52.47,310.71,10
2026-06-24 00:00:00,19.33,49.04,354.34,6
2026-06-24 01:00:00,18.78,51.19,342.28,9
2026-06-24 02:00:00,13.78,60.06,375.84,14
2026-06-24 03:00:00,16.54,56.01,306.31,5
2026-06-24 04:00:00,20.92,44.73,325.53,13
2026-06-24 05:00:00,19.31,46.15,281.4,6
2026-06-24 06:00:00,17.14,54.36,387.38,15
2026-06-24 07:00:00,25.65,48.76,392.06,5
2026-06-24 08:00:00,21.92,46.29,440.95,34
2026-06-24 09:00:00,23.78,56.31,498.57,31
2026-06-24 10:00:00,24.77,51.73,572.53,53
2026-06-24 11:00:00,24.07,45.02,443.15,26
2026-06-24 12:00:00,23.98,44.6,531.95,44
2026-06-24 13:00:00,30.08,42.8,605.08,52
2026-06-24 14:00:00,27.98,43.75,556.21,47
2026-06-24 15:00:00,27.48,52.04,523.9,41
2026-06-24 16:00:00,26.59,51.31,550.96,48
2026-06-24 17:00:00,22.8,49.22,509.03,55
2026-06-24 18:00:00,26.53,49.82,513.77,44
2026-06-24 19:00:00,21.32,54.19,371.01,2
2026-06-24 20:00:00,22.54,49.51,364.65,15
2026-06-24 21:00:00,17.66,54.65,274.0,6
2026-06-24 22:00:00,15.89,56.85,359.1,6
2026-06-24 23:00:00,19.78,53.59,328.86,4
2026-06-25 00:00:00,16.88,49.29,359.92,13
2026-06-25 01:00:00,14.12,51.73,328.42,2
2026-06-25 02:00:00,19.04,50.23,334.01,3
2026-06-25 03:00:00,22.34,45.83,386.45,7
2026-06-25 04:00:00,21.27,42.74,329.01,8
2026-06-25 05:00:00,18.62,55.35,357.57,11
2026-06-25 06:00:00,19.98,52.75,357.17,5
2026-06-25 07:00:00,22.7,42.41,363.8,14
2026-06-25 08:00:00,24.2,46.85,535.03,40
2026-06-25 09:00:00,22.31,48.46,506.22,39
2026-06-25 10:00:00,24.03,49.09,468.25,40
2026-06-25 11:00:00,25.39,41.82,552.55,43
2026-06-25 12:00:00,26.53,39.66,523.6,51
2026-06-25 13:00:00,25.56,49.71,471.34,35
2026-06-25 14:00:00,25.72,39.33,598.65,60
2026-06-25 15:00:00,28.58,43.83,599.16,51
2026-06-25 16:00:00,27.84,43.88,436.8,18
2026-06-25 17:00:00,25.74,46.36,516.7,46
2026-06-25 18:00:00,27.4,47.08,577.98,55
2026-06-25 19:00:00,22.22,57.44,377.91,14
2026-06-25 20:00:00,25.21,39.36,412.47,13
2026-06-25 21:00:00,22.01,53.98,323.57,2
2026-06-25 22:00:00,26.5,33.89,339.51,3
2026-06-25 23:00:00,16.75,60.25,334.95,16
2026-06-26 00:00:00,17.1,42.82,304.54,7
2026-06-26 01:00:00,18.92,63.94,315.52,3
2026-06-26 02:00:00,18.74,49.94,316.89,12
2026-06-26 03:00:00,21.98,56.07,316.14,8
2026-06-26 04:00:00,17.14,58.42,369.23,10
2026-06-26 05:00:00,20.92,48.17,286.91,0
2026-06-26 06:00:00,22.27,47.61,316.27,7
2026-06-26 07:00:00,22.32,45.19,407.1,12
2026-06-26 08:00:00,20.02,54.92,500.69,42
2026-06-26 09:00:00,25.79,44.83,597.8,56
2026-06-26 10:00:00,26.4,42.43,593.33,57
2026-06-26 11:00:00,25.97,49.51,657.02,68
2026-06-26 12:00:00,25.81,42.44,547.08,45
2026-06-26 13:00:00,26.26,44.98,542.95,50
2026-06-26 14:00:00,25.78,47.49,475.16,38
2026-06-26 15:00:00,27.09,42.83,404.6,20
2026-06-26 16:00:00,25.47,44.71,520.43,45
2026-06-26 17:00:00,23.07,56.52,442.15,33
2026-06-26 18:00:00,21.84,48.69,505.5,51
2026-06-26 19:00:00,21.47,48.17,347.65,9
2026-06-26 20:00:00,22.39,48.45,389.15,8
2026-06-26 21:00:00,20.85,52.68,286.21,2
2026-06-26 22:00:00,20.37,45.57,355.77,12
2026-06-26 23:00:00,20.11,53.06,295.51,4
2026-06-27 00:00:00,17.2,54.24,295.31,2
2026-06-27 01:00:00,20.99,41.37,352.7,6
2026-06-27 02:00:00,17.38,61.8,300.88,4
2026-06-27 03:00:00,17.19,60.27,325.99,7
2026-06-27 04:00:00,19.42,47.4,314.93,3
2026-06-27 05:00:00,15.42,48.6,366.23,10
2026-06-27 06:00:00,18.34,53.3,335.75,14
2026-06-27 07:00:00,22.85,41.88,387.48,8
2026-06-27 08:00:00,18.44,58.91,298.45,2
2026-06-27 09:00:00,25.19,45.03,373.03,4
2026-06-27 10:00:00,26.94,54.25,395.72,9
2026-06-27 11:00:00,24.01,44.07,352.38,0
2026-06-27 12:00:00,25.97,46.26,413.71,3
2026-06-27 13:00:00,28.02,51.72,370.24,1
2026-06-27 14:00:00,24.99,45.89,376.05,8
2026-06-27 15:00:00,27.52,47.1,419.62,17
2026-06-27 16:00:00,24.04,53.63,338.41,3
2026-06-27 17:00:00,23.79,45.57,360.37,11
2026-06-27 18:00:00,22.32,43.07,341.53,6
2026-06-27 19:00:00,23.64,41.16,319.5,3
2026-06-27 20:00:00,24.24,50.95,379.0,14
2026-06-27 21:00:00,20.52,52.58,299.61,17
2026-06-27 22:00:00,17.38,58.14,374.72,10
2026-06-27 23:00:00,16.93,51.78,378.92,9
2026-06-28 00:00:00,19.22,44.39,344.48,8
2026-06-28 01:00:00,21.72,38.03,317.95,7
2026-06-28 02:00:00,18.68,66.26,314.31,9
2026-06-28 03:00:00,17.26,55.56,304.1,11
2026-06-28 04:00:00,19.96,51.71,381.65,15
2026-06-28 05:00:00,18.59,53.38,352.66,6
2026-06-28 06:00:00,19.14,44.45,332.84,9
2026-06-28 07:00:00,18.94,47.77,347.77,8
2026-06-28 08:00:00,24.71,56.42,408.32,12
2026-06-28 09:00:00,17.85,55.8,346.96,18
2026-06-28 10:00:00,25.49,43.34,418.76,12
2026-06-28 11:00:00,23.79,42.21,398.53,11
2026-06-28 12:00:00,24.54,45.25,360.25,12
2026-06-28 13:00:00,29.14,43.02,446.01,13
2026-06-28 14:00:00,24.47,58.12,415.16,18
2026-06-28 15:00:00,24.4,46.98,337.27,1
2026-06-28 16:00:00,25.1,41.48,391.32,10
2026-06-28 17:00:00,25.55,46.82,356.85,0
2026-06-28 18:00:00,23.01,50.21,399.69,12
2026-06-28 19:00:00,19.78,44.75,319.63,10
2026-06-28 20:00:00,20.16,52.9,347.0,6
2026-06-28 21:00:00,23.42,54.65,308.09,0
2026-06-28 22:00:00,20.04,51.66,334.97,8
2026-06-28 23:00:00,19.97,47.04,336.13,9
2026-06-29 00:00:00,17.88,,346.1,8
2026-06-29 01:00:00,16.68,45.03,318.86,6
2026-06-29 02:00:00,21.22,49.48,326.44,4
2026-06-29 03:00:00,17.62,54.22,363.2,8
2026-06-29 04:00:00,17.51,48.26,300.94,5
2026-06-29 05:00:00,21.23,59.84,356.87,11
2026-06-29 06:00:00,18.42,56.07,282.04,8
2026-06-29 07:00:00,19.64,42.29,295.93,1
2026-06-29 08:00:00,21.88,40.82,436.2,36
2026-06-29 09:00:00,22.9,44.05,532.35,54
2026-06-29 10:00:00,24.38,55.8,486.49,34
2026-06-29 11:00:00,28.88,49.24,533.94,46
2026-06-29 12:00:00,26.0,54.92,579.3,60
2026-06-29 13:00:00,20.97,50.37,382.69,27
2026-06-29 14:00:00,26.52,45.39,537.79,49
2026-06-29 15:00:00,25.8,40.7,549.85,57
2026-06-29 16:00:00,25.42,48.96,581.06,45
2026-06-29 17:00:00,25.18,46.39,525.1,36
2026-06-29 18:00:00,23.81,47.16,537.23,42
2026-06-29 19:00:00,22.79,57.13,354.09,13
2026-06-29 20:00:00,23.09,48.21,354.67,7
2026-06-29 21:00:00,19.74,57.83,321.42,10
2026-06-29 22:00:00,17.97,44.48,367.5,9
2026-06-29 23:00:00,25.08,60.88,396.8,5
2026-06-30 00:00:00,16.94,51.28,303.37,8
2026-06-30 01:00:00,18.17,55.82,366.0,15
2026-06-30 02:00:00,14.84,58.94,327.71,11
2026-06-30 03:00:00,18.2,49.77,352.96,16
2026-06-30 04:00:00,16.5,57.54,318.32,4
2026-06-30 05:00:00,18.12,56.67,340.67,6
2026-06-30 06:00:00,21.92,46.09,381.58,10
2026-06-30 07:00:00,21.74,46.28,361.33,11
2026-06-30 08:00:00,22.97,49.15,517.7,49
2026-06-30 09:00:00,19.32,50.9,358.34,34
2026-06-30 10:00:00,27.51,52.71,606.64,50
2026-06-30 11:00:00,22.28,52.92,427.87,29
2026-06-30 12:00:00,28.35,44.8,558.06,47
2026-06-30 13:00:00,27.74,48.61,540.44,29
2026-06-30 14:00:00,26.99,35.88,527.69,52
2026-06-30 15:00:00,23.99,45.13,498.78,41
2026-06-30 16:00:00,25.6,48.52,522.44,40
2026-06-30 17:00:00,23.72,53.97,591.29,56
2026-06-30 18:00:00,23.89,49.28,503.7,42
2026-06-30 19:00:00,22.37,56.63,406.33,12
2026-06-30 20:00:00,17.75,56.91,330.78,11
2026-06-30 21:00:00,23.04,46.43,375.2,9
2026-06-30 22:00:00,19.67,50.53,346.41,8
2026-06-30 23:00:00,18.03,54.42,326.61,9
2026-07-01 00:00:00,17.21,50.71,336.91,8
2026-07-01 01:00:00,18.65,59.6,292.44,3
2026-07-01 02:00:00,16.01,48.25,322.19,6
2026-07-01 03:00:00,13.42,57.19,333.37,8
2026-07-01 04:00:00,19.15,55.28,347.04,14
2026-07-01 05:00:00,20.0,49.43,377.11,11
2026-07-01 06:00:00,19.4,48.73,366.22,14
2026-07-01 07:00:00,18.46,51.69,312.29,2
2026-07-01 08:00:00,21.97,53.68,462.57,44
2026-07-01 09:00:00,19.9,48.57,474.72,41
2026-07-01 10:00:00,21.74,44.44,537.82,56
2026-07-01 11:00:00,23.12,54.57,495.96,37
2026-07-01 12:00:00,26.95,48.13,666.09,68
2026-07-01 13:00:00,24.93,52.59,510.25,43
2026-07-01 14:00:00,24.9,51.37,524.39,46
2026-07-01 15:00:00,29.57,55.2,651.38,60
2026-07-01 16:00:00,25.96,52.4,527.58,47
2026-07-01 17:00:00,25.3,43.67,573.09,57
2026-07-01 18:00:00,23.06,51.21,383.37,25
2026-07-01 19:00:00,21.64,47.07,332.21,6
2026-07-01 20:00:00,17.42,50.53,370.52,11
2026-07-01 21:00:00,22.7,42.05,389.43,15
2026-07-01 22:00:00,20.69,49.09,359.77,7
2026-07-01 23:00:00,18.61,54.7,349.02,7
2026-07-02 00:00:00,18.02,52.06,397.8,18
2026-07-02 01:00:00,19.36,45.95,309.61,5
2026-07-02 02:00:00,14.65,47.13,348.61,3
2026-07-02 03:00:00,16.71,63.86,421.63,14
2026-07-02 04:00:00,16.02,55.41,340.71,8
2026-07-02 05:00:00,22.47,45.15,325.42,9
2026-07-02 06:00:00,21.51,52.25,372.69,17
2026-07-02 07:00:00,16.31,64.53,336.36,2
2026-07-02 08:00:00,18.73,54.99,394.03,34
2026-07-02 09:00:00,22.53,35.3,397.84,26
2026-07-02 10:00:00,22.81,62.29,469.98,35
2026-07-02 11:00:00,21.94,40.4,529.6,53
2026-07-02 12:00:00,29.11,43.59,540.79,31
2026-07-02 13:00:00,26.24,40.96,510.71,36
2026-07-02 14:00:00,26.7,42.61,522.6,49
2026-07-02 15:00:00,24.24,49.46,575.04,35
2026-07-02 16:00:00,26.66,35.98,505.96,40
2026-07-02 17:00:00,23.82,47.87,476.14,46
2026-07-02 18:00:00,23.19,54.5,500.46,48
2026-07-02 19:00:00,24.01,43.97,343.11,9
2026-07-02 20:00:00,18.5,45.1,309.79,13
2026-07-02 21:00:00,23.91,47.56,390.86,11
2026-07-02 22:00:00,20.12,49.22,261.69,6
2026-07-02 23:00:00,21.49,46.98,376.44,9
2026-07-03 00:00:00,16.1,47.79,335.79,3
2026-07-03 01:00:00,16.0,56.39,333.87,9
2026-07-03 02:00:00,15.39,57.2,366.32,7
2026-07-03 03:00:00,18.35,46.83,278.31,4
2026-07-03 04:00:00,18.38,47.5,311.96,10
2026-07-03 05:00:00,17.95,53.11,306.95,0
2026-07-03 06:00:00,17.68,47.8,298.55,3
2026-07-03 07:00:00,18.14,53.19,293.03,4
2026-07-03 08:00:00,21.62,57.21,545.88,56
2026-07-03 09:00:00,21.82,49.43,548.45,49
2026-07-03 10:00:00,22.34,43.29,464.67,28
2026-07-03 11:00:00,27.63,47.62,524.14,37
2026-07-03 12:00:00,25.01,46.6,506.04,43
2026-07-03 13:00:00,28.12,44.57,556.13,44
2026-07-03 14:00:00,24.65,50.12,516.01,49
2026-07-03 15:00:00,26.07,50.21,531.64,37
2026-07-03 16:00:00,25.07,47.63,628.74,65
2026-07-03 17:00:00,21.15,49.89,539.27,44
2026-07-03 18:00:00,26.57,56.72,523.56,45
2026-07-03 19:00:00,22.48,55.27,347.0,10
2026-07-03 20:00:00,23.2,52.92,391.49,11
2026-07-03 21:00:00,19.17,52.24,351.66,14
2026-07-03 22:00:00,19.38,46.4,333.23,3
2026-07-03 23:00:00,17.15,58.63,384.74,12
2026-07-04 00:00:00,20.67,51.25,385.94,8
2026-07-04 01:00:00,18.42,49.22,318.86,6
2026-07-04 02:00:00,18.4,50.9,380.47,16
2026-07-04 03:00:00,20.52,45.81,337.1,11
2026-07-04 04:00:00,20.51,55.93,345.61,6
2026-07-04 05:00:00,20.37,54.16,358.25,12
2026-07-04 06:00:00,16.82,,331.32,8
2026-07-04 07:00:00,19.24,51.32,371.64,6
2026-07-04 08:00:00,19.66,47.84,290.28,6
2026-07-04 09:00:00,24.16,37.44,365.95,9
2026-07-04 10:00:00,24.01,41.13,354.48,6
2026-07-04 11:00:00,21.71,46.09,367.14,9
2026-07-04 12:00:00,24.75,43.21,357.35,12
2026-07-04 13:00:00,22.54,50.67,353.16,8
2026-07-04 14:00:00,25.56,51.17,400.14,16
2026-07-04 15:00:00,22.22,48.8,298.7,8
2026-07-04 16:00:00,26.19,53.71,441.11,13
2026-07-04 17:00:00,25.25,43.41,353.6,12
2026-07-04 18:00:00,27.48,45.09,378.24,14
2026-07-04 19:00:00,24.4,47.67,426.55,16
2026-07-04 20:00:00,20.82,55.89,312.71,1
2026-07-04 21:00:00,22.27,49.94,352.82,9
2026-07-04 22:00:00,16.87,53.86,325.31,8
2026-07-04 23:00:00,16.91,44.89,355.26,8
2026-07-05 00:00:00,18.82,47.33,306.25,6
2026-07-05 01:00:00,13.44,61.08,373.56,6
2026-07-05 02:00:00,17.54,42.34,273.43,4
2026-07-05 03:00:00,15.71,60.72,358.69,8
2026-07-05 04:00:00,18.35,54.65,366.06,12
2026-07-05 05:00:00,16.63,49.62,359.87,6
2026-07-05 06:00:00,20.46,46.52,294.94,7
2026-07-05 07:00:00,20.62,60.05,332.4,5
2026-07-05 08:00:00,24.42,54.97,401.35,4
2026-07-05 09:00:00,22.66,48.54,377.41,7
2026-07-05 10:00:00,22.08,50.22,355.31,9
2026-07-05 11:00:00,23.95,45.0,385.82,13
2026-07-05 12:00:00,22.39,50.0,345.48,3
2026-07-05 13:00:00,26.29,43.23,373.1,8
2026-07-05 14:00:00,26.79,45.85,421.57,13
2026-07-05 15:00:00,30.42,52.76,416.95,3
2026-07-05 16:00:00,23.84,47.84,359.36,13
2026-07-05 17:00:00,23.91,43.02,344.42,6
2026-07-05 18:00:00,22.46,42.44,351.69,11
2026-07-05 19:00:00,23.07,49.48,352.31,7
2026-07-05 20:00:00,22.38,45.53,367.54,10
2026-07-05 21:00:00,20.47,51.9,373.56,14
2026-07-05 22:00:00,21.79,41.65,325.69,8
2026-07-05 23:00:00,17.55,56.16,379.96,12
2026-07-06 00:00:00,20.07,45.65,339.6,9
2026-07-06 01:00:00,18.77,52.09,353.88,5
2026-07-06 02:00:00,17.54,51.03,360.2,7
2026-07-06 03:00:00,17.07,61.64,308.96,7
2026-07-06 04:00:00,22.95,49.79,326.59,2
2026-07-06 05:00:00,17.1,62.76,336.33,10
2026-07-06 06:00:00,20.16,53.69,360.58,11
2026-07-06 07:00:00,19.03,58.81,368.41,11
2026-07-06 08:00:00,25.13,46.36,520.05,43
2026-07-06 09:00:00,24.37,49.67,419.46,23
2026-07-06 10:00:00,22.2,55.55,610.58,60
2026-07-06 11:00:00,25.42,51.73,566.85,57
2026-07-06 12:00:00,25.54,49.78,481.63,28
2026-07-06 13:00:00,24.39,46.29,552.84,54
2026-07-06 14:00:00,27.08,45.25,536.89,45
2026-07-06 15:00:00,26.2,52.35,546.39,43
2026-07-06 16:00:00,25.46,53.91,591.07,50
2026-07-06 17:00:00,24.31,45.02,454.38,28
2026-07-06 18:00:00,24.42,44.18,504.07,45
2026-07-06 19:00:00,23.06,44.34,362.92,0
2026-07-06 20:00:00,21.68,53.97,378.06,11
2026-07-06 21:00:00,19.24,46.88,325.18,6
2026-07-06 22:00:00,22.95,53.02,397.2,10
2026-07-06 23:00:00,16.63,56.09,371.09,14
2026-07-07 00:00:00,18.9,49.05,373.62,4
2026-07-07 01:00:00,17.0,60.92,312.06,1
2026-07-07 02:00:00,21.02,42.97,364.89,7
2026-07-07 03:00:00,15.83,62.21,349.19,5
2026-07-07 04:00:00,16.57,55.0,348.0,8
2026-07-07 05:00:00,16.74,42.92,326.0,10
2026-07-07 06:00:00,20.15,58.85,342.59,9
2026-07-07 07:00:00,17.72,57.45,343.33,8
2026-07-07 08:00:00,20.55,48.48,491.5,51
2026-07-07 09:00:00,18.24,47.41,475.65,50
2026-07-07 10:00:00,23.99,40.36,468.23,34
2026-07-07 11:00:00,23.33,60.74,517.51,36
2026-07-07 12:00:00,21.99,44.99,488.92,42
2026-07-07 13:00:00,27.54,39.4,577.75,55
2026-07-07 14:00:00,22.89,50.32,492.23,47
2026-07-07 15:00:00,26.96,37.94,566.17,43
2026-07-07 16:00:00,23.57,43.6,591.98,59
2026-07-07 17:00:00,27.54,50.7,498.04,25
2026-07-07 18:00:00,25.0,49.82,437.74,32
2026-07-07 19:00:00,20.52,48.7,356.51,10
2026-07-07 20:00:00,19.67,51.32,327.03,12
2026-07-07 21:00:00,21.68,47.61,369.21,8
2026-07-07 22:00:00,18.98,51.4,325.17,5
2026-07-07 23:00:00,18.34,48.35,335.33,8
2026-07-08 00:00:00,20.52,47.73,299.92,2
2026-07-08 01:00:00,16.08,50.69,304.07,6
2026-07-08 02:00:00,17.63,49.03,290.48,4
2026-07-08 03:00:00,19.49,56.58,346.12,8
2026-07-08 04:00:00,19.6,55.13,312.53,3
2026-07-08 05:00:00,18.3,47.53,330.06,8
2026-07-08 06:00:00,18.87,45.82,318.11,13
2026-07-08 07:00:00,16.93,52.36,351.41,13
2026-07-08 08:00:00,19.33,62.24,533.25,47
2026-07-08 09:00:00,23.12,43.68,516.11,45
2026-07-08 10:00:00,23.17,47.98,503.69,41
2026-07-08 11:00:00,24.42,48.35,508.74,40
2026-07-08 12:00:00,26.99,45.57,586.75,60
2026-07-08 13:00:00,22.93,46.66,544.76,44
2026-07-08 14:00:00,24.97,53.3,634.85,69
2026-07-08 15:00:00,25.69,49.29,556.48,50
2026-07-08 16:00:00,23.5,52.78,521.81,42
2026-07-08 17:00:00,27.14,48.95,587.87,51
2026-07-08 18:00:00,25.26,51.79,502.74,46
2026-07-08 19:00:00,23.06,56.78,346.6,2
2026-07-08 20:00:00,25.03,54.13,460.05,14
2026-07-08 21:00:00,17.41,64.44,383.15,9
2026-07-08 22:00:00,19.43,57.49,348.1,11
2026-07-08 23:00:00,19.35,48.11,328.34,3
2026-07-09 00:00:00,16.09,57.98,314.44,3
2026-07-09 01:00:00,18.12,55.87,343.11,10
2026-07-09 02:00:00,15.17,63.98,360.83,12
2026-07-09 03:00:00,18.9,46.94,296.78,3
2026-07-09 04:00:00,20.03,53.77,324.84,8
2026-07-09 05:00:00,19.1,48.23,346.02,2
2026-07-09 06:00:00,15.67,56.59,322.64,5
2026-07-09 07:00:00,18.41,51.04,350.55,7
2026-07-09 08:00:00,22.51,51.64,483.24,42
2026-07-09 09:00:00,22.46,42.23,508.06,51
2026-07-09 10:00:00,17.99,56.37,556.72,63
2026-07-09 11:00:00,26.69,47.34,426.71,25
2026-07-09 12:00:00,25.12,48.18,556.55,49
2026-07-09 13:00:00,23.61,58.23,480.74,36
2026-07-09 14:00:00,27.37,43.93,546.64,50
2026-07-09 15:00:00,23.89,49.99,521.48,51
2026-07-09 16:00:00,23.47,49.07,552.96,43
2026-07-09 17:00:00,24.93,48.54,548.64,51
2026-07-09 18:00:00,26.94,57.25,591.02,56
2026-07-09 19:00:00,25.66,47.36,401.37,8
2026-07-09 20:00:00,22.1,46.69,342.63,11
2026-07-09 21:00:00,21.27,59.47,402.13,13
2026-07-09 22:00:00,20.96,48.79,337.73,6
2026-07-09 23:00:00,16.04,45.75,280.42,3
2026-07-10 00:00:00,19.14,47.9,317.33,8
2026-07-10 01:00:00,15.98,47.58,295.2,5
2026-07-10 02:00:00,17.95,43.44,309.93,6
2026-07-10 03:00:00,16.99,51.29,321.98,11
2026-07-10 04:00:00,18.85,51.45,315.15,10
2026-07-10 05:00:00,18.72,57.8,354.66,11
2026-07-10 06:00:00,13.17,58.93,363.51,7
2026-07-10 07:00:00,20.64,53.47,392.24,12
2026-07-10 08:00:00,22.6,44.72,536.91,46
2026-07-10 09:00:00,23.24,53.16,502.35,42
2026-07-10 10:00:00,23.11,55.78,542.89,49
2026-07-10 11:00:00,27.43,47.77,472.76,36
2026-07-10 12:00:00,25.4,49.33,539.36,43
2026-07-10 13:00:00,26.05,40.44,498.9,35
2026-07-10 14:00:00,27.4,51.09,577.44,47
2026-07-10 15:00:00,25.9,55.77,464.89,29
2026-07-10 16:00:00,22.98,50.53,508.9,47
2026-07-10 17:00:00,19.26,48.54,460.52,42
2026-07-10 18:00:00,22.36,48.54,546.81,47
2026-07-10 19:00:00,23.87,46.19,372.52,8
2026-07-10 20:00:00,20.61,48.77,303.5,8
2026-07-10 21:00:00,21.88,52.92,362.88,6
2026-07-10 22:00:00,19.61,52.67,335.58,11
2026-07-10 23:00:00,21.06,55.28,374.99,7
2026-07-11 00:00:00,17.19,54.82,344.6,8
2026-07-11 01:00:00,18.31,47.86,370.42,12
2026-07-11 02:00:00,18.25,49.72,362.45,11
2026-07-11 03:00:00,20.38,,359.87,7
2026-07-11 04:00:00,14.37,54.01,377.42,7
2026-07-11 05:00:00,17.5,61.73,350.42,7
2026-07-11 06:00:00,20.94,60.12,304.26,0
2026-07-11 07:00:00,23.3,52.87,355.65,12
2026-07-11 08:00:00,21.72,50.39,320.38,5
2026-07-11 09:00:00,21.69,43.01,377.89,11
2026-07-11 10:00:00,24.76,48.77,320.15,8
2026-07-11 11:00:00,25.81,42.98,400.74,14
2026-07-11 12:00:00,23.99,56.36,376.81,10
2026-07-11 13:00:00,25.77,38.93,420.47,12
2026-07-11 14:00:00,27.6,47.6,384.51,6
2026-07-11 15:00:00,28.89,40.41,371.64,3
2026-07-11 16:00:00,26.19,46.62,420.09,9
2026-07-11 17:00:00,24.16,51.42,339.44,0
2026-07-11 18:00:00,23.13,53.92,352.38,6
2026-07-11 19:00:00,23.39,48.32,332.54,3
2026-07-11 20:00:00,21.01,54.1,343.07,5
2026-07-11 21:00:00,20.59,47.28,341.76,10
2026-07-11 22:00:00,17.13,54.24,332.66,10
2026-07-11 23:00:00,21.01,55.31,383.97,7
2026-07-12 00:00:00,15.42,55.86,353.64,9
2026-07-12 01:00:00,16.44,50.84,315.29,6
2026-07-12 02:00:00,17.36,51.45,342.2,18
2026-07-12 03:00:00,21.29,55.18,362.21,9
2026-07-12 04:00:00,16.86,47.74,305.88,6
2026-07-12 05:00:00,17.01,48.37,333.43,12
2026-07-12 06:00:00,18.07,55.36,325.38,13
2026-07-12 07:00:00,23.45,46.39,355.26,5
2026-07-12 08:00:00,15.54,46.85,283.85,2
2026-07-12 09:00:00,20.2,57.62,336.44,3
2026-07-12 10:00:00,28.63,39.46,374.24,5
2026-07-12 11:00:00,25.18,46.38,393.58,8
2026-07-12 12:00:00,22.42,46.21,340.4,1
2026-07-12 13:00:00,24.95,46.05,370.33,6
2026-07-12 14:00:00,25.3,42.86,392.55,7
2026-07-12 15:00:00,26.72,49.86,435.81,9
2026-07-12 16:00:00,28.31,45.74,442.58,10
2026-07-12 17:00:00,24.77,52.58,351.91,10
2026-07-12 18:00:00,22.09,46.49,365.45,15
2026-07-12 19:00:00,23.78,59.02,380.87,12
2026-07-12 20:00:00,19.77,41.64,349.0,9
2026-07-12 21:00:00,18.07,44.43,289.49,4
2026-07-12 22:00:00,15.65,62.81,326.21,5
2026-07-12 23:00:00,15.21,56.72,308.49,2
2026-07-13 00:00:00,15.83,55.62,353.75,9
2026-07-13 01:00:00,14.87,56.75,373.59,9
2026-07-13 02:00:00,17.72,55.45,312.62,12
2026-07-13 03:00:00,14.83,56.12,343.68,9
2026-07-13 04:00:00,11.34,52.23,346.55,12
2026-07-13 05:00:00,16.18,57.77,300.21,12
2026-07-13 06:00:00,18.15,55.6,323.33,4
2026-07-13 07:00:00,18.85,58.95,335.52,6
2026-07-13 08:00:00,24.13,56.93,602.28,63
2026-07-13 09:00:00,20.9,52.02,526.9,43
2026-07-13 10:00:00,24.85,41.46,454.18,40
2026-07-13 11:00:00,23.88,57.15,387.15,24
2026-07-13 12:00:00,24.47,42.78,451.45,36
2026-07-13 13:00:00,23.28,50.39,480.71,50
2026-07-13 14:00:00,24.97,46.23,528.4,50
2026-07-13 15:00:00,23.42,46.45,499.08,38
2026-07-13 16:00:00,24.9,51.39,509.87,39
2026-07-13 17:00:00,23.45,49.81,613.51,64
2026-07-13 18:00:00,21.2,52.72,614.92,72
2026-07-13 19:00:00,24.11,44.04,375.7,13
2026-07-13 20:00:00,21.95,48.77,367.4,15
2026-07-13 21:00:00,19.16,47.74,344.16,9
2026-07-13 22:00:00,19.38,50.44,289.37,7
2026-07-13 23:00:00,18.1,51.74,261.45,12
2026-07-14 00:00:00,15.81,63.15,367.31,10
2026-07-14 01:00:00,17.29,51.6,331.46,7
2026-07-14 02:00:00,15.77,43.33,389.24,12
2026-07-14 03:00:00,15.26,61.3,357.43,5
2026-07-14 04:00:00,14.3,57.24,354.05,5
2026-07-14 05:00:00,17.47,52.12,325.99,9
2026-07-14 06:00:00,20.14,48.71,319.68,8
2026-07-14 07:00:00,18.59,47.25,327.69,11
2026-07-14 08:00:00,26.05,56.45,538.57,39
2026-07-14 09:00:00,23.82,48.59,479.17,33
2026-07-14 10:00:00,25.62,38.38,587.51,56
2026-07-14 11:00:00,25.43,48.84,531.44,45
2026-07-14 12:00:00,28.18,51.3,553.08,51
2026-07-14 13:00:00,23.3,49.47,559.7,50
2026-07-14 14:00:00,19.89,46.57,500.85,43
2026-07-14 15:00:00,23.98,43.26,556.63,55
2026-07-14 16:00:00,25.59,42.5,556.72,50
2026-07-14 17:00:00,24.14,55.71,523.49,42
2026-07-14 18:00:00,23.56,48.15,433.95,28
2026-07-14 19:00:00,24.69,39.32,360.32,8
2026-07-14 20:00:00,21.78,51.68,334.35,9
2026-07-14 21:00:00,21.57,50.6,345.31,8
2026-07-14 22:00:00,17.13,50.76,337.81,4
2026-07-14 23:00:00,15.99,48.7,359.29,8
2026-07-15 00:00:00,20.69,45.2,340.62,5
2026-07-15 01:00:00,17.27,58.35,328.58,1
2026-07-15 02:00:00,15.68,55.26,346.53,11
2026-07-15 03:00:00,15.82,56.32,317.4,9
2026-07-15 04:00:00,16.16,54.91,346.16,10
2026-07-15 05:00:00,16.68,54.96,326.03,6
2026-07-15 06:00:00,16.36,51.21,362.99,11
2026-07-15 07:00:00,16.89,52.15,361.73,12
2026-07-15 08:00:00,20.54,56.45,547.71,52
2026-07-15 09:00:00,20.78,57.53,485.32,54
2026-07-15 10:00:00,25.14,41.29,524.46,51
2026-07-15 11:00:00,24.34,46.92,507.7,43
2026-07-15 12:00:00,24.92,51.75,461.18,26
2026-07-15 13:00:00,23.3,58.1,630.54,60
2026-07-15 14:00:00,24.69,56.63,426.15,25
2026-07-15 15:00:00,25.51,43.16,530.33,51
2026-07-15 16:00:00,25.82,53.3,609.06,66
2026-07-15 17:00:00,23.57,48.8,500.92,46
2026-07-15 18:00:00,25.09,52.66,518.26,48
2026-07-15 19:00:00,21.98,53.56,347.05,5
2026-07-15 20:00:00,22.51,42.92,389.32,11
2026-07-15 21:00:00,18.91,54.51,317.17,3
2026-07-15 22:00:00,15.3,59.32,322.73,6
2026-07-15 23:00:00,18.64,51.85,342.8,13
2026-07-16 00:00:00,18.83,50.59,281.97,3
2026-07-16 01:00:00,18.13,44.45,340.45,7
2026-07-16 02:00:00,17.68,56.04,370.79,9
2026-07-16 03:00:00,16.28,54.65,288.1,5
2026-07-16 04:00:00,15.76,49.36,348.98,9
2026-07-16 05:00:00,19.12,49.99,311.71,8
2026-07-16 06:00:00,19.69,51.99,347.26,10
2026-07-16 07:00:00,18.68,49.13,354.1,15
2026-07-16 08:00:00,23.06,48.87,488.37,48
2026-07-16 09:00:00,20.11,42.17,492.56,40
2026-07-16 10:00:00,21.67,56.58,506.74,46
2026-07-16 11:00:00,26.94,46.22,513.2,42
2026-07-16 12:00:00,26.04,41.27,631.12,70
2026-07-16 13:00:00,23.99,35.91,463.56,40
2026-07-16 14:00:00,25.42,52.36,545.94,50
2026-07-16 15:00:00,25.01,50.28,420.37,30
2026-07-16 16:00:00,18.81,52.88,425.2,46
2026-07-16 17:00:00,21.86,54.02,468.33,42
2026-07-16 18:00:00,22.74,53.39,524.34,52
2026-07-16 19:00:00,21.16,51.16,310.26,9
2026-07-16 20:00:00,21.33,48.79,373.31,18
2026-07-16 21:00:00,22.06,47.47,326.2,5
2026-07-16 22:00:00,18.2,54.37,326.99,8
2026-07-16 23:00:00,15.9,60.86,362.96,8
2026-07-17 00:00:00,17.94,51.93,362.04,7
2026-07-17 01:00:00,16.23,61.02,354.89,8
2026-07-17 02:00:00,16.44,55.36,306.75,6
2026-07-17 03:00:00,16.3,55.49,400.52,19
2026-07-17 04:00:00,21.77,61.79,408.6,11
2026-07-17 05:00:00,13.44,63.86,334.26,6
2026-07-17 06:00:00,17.97,60.81,323.18,13
2026-07-17 07:00:00,19.71,47.22,302.01,9
2026-07-17 08:00:00,19.19,62.53,432.33,34
2026-07-17 09:00:00,23.58,48.08,514.11,43
2026-07-17 10:00:00,24.38,46.8,605.39,57
2026-07-17 11:00:00,23.48,37.77,514.86,42
2026-07-17 12:00:00,23.67,50.06,529.13,46
2026-07-17 13:00:00,24.39,42.51,542.84,52
2026-07-17 14:00:00,24.54,49.86,518.59,42
2026-07-17 15:00:00,24.46,42.07,541.88,49
2026-07-17 16:00:00,23.84,57.3,565.16,48
2026-07-17 17:00:00,24.08,50.9,473.63,34
2026-07-17 18:00:00,24.26,59.42,515.56,40
2026-07-17 19:00:00,19.32,46.36,314.75,7
2026-07-17 20:00:00,18.65,59.69,351.47,11
2026-07-17 21:00:00,16.22,44.63,326.09,8
2026-07-17 22:00:00,20.48,51.7,343.53,16
2026-07-17 23:00:00,18.42,48.95,358.46,11
2026-07-18 00:00:00,18.2,50.02,367.4,10
2026-07-18 01:00:00,13.93,52.66,368.52,11
2026-07-18 02:00:00,20.23,46.27,340.76,7
2026-07-18 03:00:00,15.58,47.8,334.89,1
2026-07-18 04:00:00,17.53,50.52,328.37,9
2026-07-18 05:00:00,19.54,51.9,371.62,16
2026-07-18 06:00:00,16.68,59.14,302.43,0
2026-07-18 07:00:00,18.53,53.51,322.8,10
2026-07-18 08:00:00,21.02,56.12,339.49,2
2026-07-18 09:00:00,27.41,38.42,400.43,8
2026-07-18 10:00:00,23.26,46.55,385.65,8
2026-07-18 11:00:00,26.7,49.87,403.34,11
2026-07-18 12:00:00,26.53,48.14,362.14,9
2026-07-18 13:00:00,25.26,43.01,424.13,13
2026-07-18 14:00:00,22.68,53.8,362.76,13
2026-07-18 15:00:00,26.64,43.7,364.13,7
2026-07-18 16:00:00,21.12,46.33,348.27,12
2026-07-18 17:00:00,26.69,48.75,341.9,7
2026-07-18 18:00:00,23.06,48.89,348.37,6
2026-07-18 19:00:00,16.39,50.91,331.81,3
2026-07-18 20:00:00,19.98,48.23,346.54,13
2026-07-18 21:00:00,20.93,45.0,370.09,7
2026-07-18 22:00:00,18.18,50.29,323.6,0
2026-07-18 23:00:00,19.26,57.02,368.59,10
2026-07-19 00:00:00,15.4,55.45,291.87,6
2026-07-19 01:00:00,14.08,59.93,392.34,7
2026-07-19 02:00:00,16.42,56.09,329.86,7
2026-07-19 03:00:00,16.76,50.21,368.66,7
2026-07-19 04:00:00,16.4,45.27,359.57,19
2026-07-19 05:00:00,20.19,46.24,359.59,15
2026-07-19 06:00:00,16.86,49.84,344.42,11
2026-07-19 07:00:00,20.15,47.15,317.48,9
2026-07-19 08:00:00,20.7,55.42,325.45,13
2026-07-19 09:00:00,18.48,56.92,275.35,9
2026-07-19 10:00:00,19.92,62.11,433.94,11
2026-07-19 11:00:00,23.41,44.79,328.35,10
2026-07-19 12:00:00,27.99,53.4,365.29,9
2026-07-19 13:00:00,25.58,55.05,416.04,12
2026-07-19 14:00:00,21.11,49.06,303.8,6
2026-07-19 15:00:00,18.2,54.63,288.02,8
2026-07-19 16:00:00,25.49,53.36,297.08,4
2026-07-19 17:00:00,23.2,48.47,355.84,5
2026-07-19 18:00:00,24.84,46.93,315.53,0
2026-07-19 19:00:00,19.83,47.98,358.45,10
2026-07-19 20:00:00,21.26,38.32,348.55,11
2026-07-19 21:00:00,21.22,50.5,367.64,12
2026-07-19 22:00:00,17.67,49.08,294.97,4
2026-07-19 23:00:00,16.88,47.81,329.35,10
2026-07-20 00:00:00,17.05,55.18,311.39,8
2026-07-20 01:00:00,17.68,45.37,312.64,11
2026-07-20 02:00:00,16.43,57.53,302.77,5
2026-07-20 03:00:00,18.54,54.44,362.38,7
2026-07-20 04:00:00,16.07,51.75,304.06,2
2026-07-20 05:00:00,14.98,54.2,281.47,5
2026-07-20 06:00:00,22.41,43.36,358.52,8
2026-07-20 07:00:00,18.22,56.0,311.22,9
2026-07-20 08:00:00,19.32,52.41,459.92,40
2026-07-20 09:00:00,21.36,51.35,556.26,61
2026-07-20 10:00:00,22.59,51.69,519.89,39
2026-07-20 11:00:00,22.52,46.03,402.65,22
2026-07-20 12:00:00,23.89,40.68,455.72,26
2026-07-20 13:00:00,24.24,52.82,475.37,29
2026-07-20 14:00:00,24.81,51.08,515.01,51
2026-07-20 15:00:00,19.61,48.6,575.02,67
2026-07-20 16:00:00,27.69,47.67,445.07,25
2026-07-20 17:00:00,22.99,55.19,452.59,37
2026-07-20 18:00:00,23.62,54.16,491.74,46
2026-07-20 19:00:00,18.74,49.06,364.46,12
2026-07-20 20:00:00,19.52,43.89,383.26,5
2026-07-20 21:00:00,18.08,45.76,284.55,4
2026-07-20 22:00:00,21.4,48.46,356.71,9
2026-07-20 23:00:00,16.46,60.79,350.79,8
2026-07-21 00:00:00,18.41,48.47,309.71,8
2026-07-21 01:00:00,15.19,51.38,384.82,9
2026-07-21 02:00:00,15.45,51.1,382.03,4
2026-07-21 03:00:00,16.0,51.14,309.56,4
2026-07-21 04:00:00,19.46,51.32,393.89,12
2026-07-21 05:00:00,13.75,48.98,339.18,7
2026-07-21 06:00:00,15.73,59.41,333.01,10
2026-07-21 07:00:00,15.43,53.48,361.46,13
2026-07-21 08:00:00,18.18,64.67,537.54,53
2026-07-21 09:00:00,19.77,45.29,454.56,39
2026-07-21 10:00:00,19.13,59.56,512.58,47
2026-07-21 11:00:00,21.72,56.75,461.98,33
2026-07-21 12:00:00,19.79,49.09,559.94,56
2026-07-21 13:00:00,22.19,47.49,540.82,52
2026-07-21 14:00:00,26.76,41.66,572.45,45
2026-07-21 15:00:00,25.03,42.93,505.88,47
2026-07-21 16:00:00,24.2,48.06,457.19,31
2026-07-21 17:00:00,21.18,50.28,441.67,32
2026-07-21 18:00:00,19.29,43.49,448.85,44
2026-07-21 19:00:00,19.11,63.09,314.33,8
2026-07-21 20:00:00,20.27,49.51,317.66,0
2026-07-21 21:00:00,21.06,50.59,354.51,6
2026-07-21 22:00:00,20.16,47.76,335.74,7
2026-07-21 23:00:00,18.79,50.51,353.13,7
2026-07-22 00:00:00,15.31,52.49,340.62,14
2026-07-22 01:00:00,16.44,53.48,336.76,10
2026-07-22 02:00:00,15.61,54.0,292.98,3
2026-07-22 03:00:00,15.99,57.83,324.03,2
2026-07-22 04:00:00,20.86,51.53,354.05,7
2026-07-22 05:00:00,13.9,58.79,397.4,9
2026-07-22 06:00:00,17.78,52.5,312.19,12
2026-07-22 07:00:00,21.64,51.01,388.92,15
2026-07-22 08:00:00,17.32,51.67,494.53,40
2026-07-22 09:00:00,20.0,56.02,429.84,36
2026-07-22 10:00:00,21.19,51.78,481.65,49
2026-07-22 11:00:00,22.63,48.37,518.65,57
2026-07-22 12:00:00,20.52,49.69,574.5,62
2026-07-22 13:00:00,25.31,46.74,409.6,20
2026-07-22 14:00:00,25.58,47.24,638.28,69
2026-07-22 15:00:00,25.13,47.13,536.03,49
2026-07-22 16:00:00,21.98,46.82,580.64,54
2026-07-22 17:00:00,23.25,52.55,464.16,28
2026-07-22 18:00:00,20.45,54.82,463.91,43
2026-07-22 19:00:00,20.62,59.48,363.5,13
2026-07-22 20:00:00,24.56,44.79,390.2,8
2026-07-22 21:00:00,19.41,54.75,301.72,6
2026-07-22 22:00:00,15.88,44.34,332.01,0
2026-07-22 23:00:00,17.78,56.7,330.16,10
2026-07-23 00:00:00,13.98,47.93,373.22,8
2026-07-23 01:00:00,13.88,50.36,341.54,6
2026-07-23 02:00:00,14.06,56.82,364.53,13
2026-07-23 03:00:00,15.39,51.12,307.53,3
2026-07-23 04:00:00,18.55,48.22,357.35,5
2026-07-23 05:00:00,18.47,49.65,314.19,7
2026-07-23 06:00:00,19.19,55.22,403.7,6
2026-07-23 07:00:00,16.91,48.5,342.13,10
2026-07-23 08:00:00,19.06,51.39,458.98,45
2026-07-23 09:00:00,21.72,47.9,485.3,52
2026-07-23 10:00:00,20.89,54.48,561.3,53
2026-07-23 11:00:00,22.41,53.55,516.05,48
2026-07-23 12:00:00,24.49,38.68,490.21,34
2026-07-23 13:00:00,23.31,53.91,498.85,26
2026-07-23 14:00:00,24.6,44.73,527.75,43
2026-07-23 15:00:00,27.19,47.15,588.54,55
2026-07-23 16:00:00,23.26,44.02,555.97,49
2026-07-23 17:00:00,25.33,49.12,557.72,47
2026-07-23 18:00:00,23.26,61.47,489.42,45
2026-07-23 19:00:00,18.24,52.87,346.9,5
2026-07-23 20:00:00,17.94,50.14,343.05,13
2026-07-23 21:00:00,17.44,51.63,348.61,4
2026-07-23 22:00:00,16.43,46.15,351.16,10
2026-07-23 23:00:00,17.13,60.25,359.14,6
2026-07-24 00:00:00,17.8,54.11,338.62,12
2026-07-24 01:00:00,18.68,46.68,300.97,12
2026-07-24 02:00:00,16.65,48.27,345.49,8
2026-07-24 03:00:00,15.28,54.38,396.6,14
2026-07-24 04:00:00,12.4,60.98,358.64,7
2026-07-24 05:00:00,17.34,47.1,333.96,12
2026-07-24 06:00:00,18.08,57.91,262.01,5
2026-07-24 07:00:00,19.36,50.99,336.28,10
2026-07-24 08:00:00,24.24,43.38,391.95,22
2026-07-24 09:00:00,23.55,46.18,515.23,43
2026-07-24 10:00:00,23.6,57.22,536.83,47
2026-07-24 11:00:00,20.94,43.4,494.62,47
2026-07-24 12:00:00,22.47,45.61,541.95,47
2026-07-24 13:00:00,23.71,53.17,503.94,40
2026-07-24 14:00:00,22.48,50.35,498.01,42
2026-07-24 15:00:00,24.9,43.62,483.05,34
2026-07-24 16:00:00,24.21,52.88,427.54,25
2026-07-24 17:00:00,20.68,55.58,516.46,44
2026-07-24 18:00:00,24.42,49.56,468.33,38
2026-07-24 19:00:00,21.27,47.05,360.24,9
2026-07-24 20:00:00,16.57,51.11,355.74,6
2026-07-24 21:00:00,18.89,53.2,336.01,15
2026-07-24 22:00:00,18.59,45.42,279.37,5
2026-07-24 23:00:00,19.15,58.24,309.3,7
2026-07-25 00:00:00,15.78,62.46,384.56,5
2026-07-25 01:00:00,17.71,51.42,297.44,5
2026-07-25 02:00:00,16.29,55.38,287.55,2
2026-07-25 03:00:00,13.42,61.53,387.76,11
2026-07-25 04:00:00,13.62,65.24,290.36,5
2026-07-25 05:00:00,19.33,59.25,303.45,5
2026-07-25 06:00:00,20.31,42.11,354.09,4
2026-07-25 07:00:00,19.53,49.75,315.0,9
2026-07-25 08:00:00,22.91,51.47,356.26,8
2026-07-25 09:00:00,23.06,46.38,367.4,8
2026-07-25 10:00:00,23.28,57.62,365.55,5
2026-07-25 11:00:00,20.92,58.5,345.83,10
2026-07-25 12:00:00,26.84,42.13,389.51,5
2026-07-25 13:00:00,24.85,46.79,411.53,8
2026-07-25 14:00:00,23.14,45.05,330.42,7
2026-07-25 15:00:00,22.44,48.31,317.07,1
2026-07-25 16:00:00,23.89,47.15,396.7,16
2026-07-25 17:00:00,19.4,56.19,364.87,10
2026-07-25 18:00:00,23.32,44.24,363.63,9
2026-07-25 19:00:00,19.04,38.59,323.45,9
2026-07-25 20:00:00,20.66,42.52,331.38,16
2026-07-25 21:00:00,17.84,47.37,311.06,13
2026-07-25 22:00:00,17.39,49.55,336.94,9
2026-07-25 23:00:00,15.57,55.03,321.26,5
2026-07-26 00:00:00,16.01,48.39,319.26,6
2026-07-26 01:00:00,19.71,45.15,301.43,1
2026-07-26 02:00:00,18.57,47.35,377.08,7
2026-07-26 03:00:00,16.64,47.77,329.22,11
2026-07-26 04:00:00,16.28,50.83,381.2,11
2026-07-26 05:00:00,18.66,48.95,369.13,10
2026-07-26 06:00:00,20.06,54.4,353.84,6
2026-07-26 07:00:00,17.1,48.08,315.27,10
2026-07-26 08:00:00,19.64,49.46,351.33,11
2026-07-26 09:00:00,17.19,50.24,286.91,0
2026-07-26 10:00:00,24.04,52.21,427.36,9
2026-07-26 11:00:00,26.76,45.5,432.02,16
2026-07-26 12:00:00,23.42,53.86,358.47,7
2026-07-26 13:00:00,19.41,45.65,342.44,0
2026-07-26 14:00:00,25.02,47.24,354.11,5
2026-07-26 15:00:00,21.85,46.82,335.05,1
2026-07-26 16:00:00,21.94,43.51,355.71,5
2026-07-26 17:00:00,23.88,47.95,356.5,3
2026-07-26 18:00:00,22.31,58.05,375.13,12
2026-07-26 19:00:00,19.86,46.84,367.72,11
2026-07-26 20:00:00,18.5,51.41,316.86,9
2026-07-26 21:00:00,19.01,45.13,373.68,13
2026-07-26 22:00:00,16.98,45.82,310.74,6
2026-07-26 23:00:00,14.75,50.74,383.2,8
2026-07-27 00:00:00,15.55,51.87,404.37,17
2026-07-27 01:00:00,16.49,51.43,358.29,10
2026-07-27 02:00:00,15.32,53.14,353.01,10
2026-07-27 03:00:00,12.99,47.67,375.52,5
2026-07-27 04:00:00,18.19,49.14,330.46,6
2026-07-27 05:00:00,11.37,59.55,286.2,4
2026-07-27 06:00:00,16.79,46.46,335.34,15
2026-07-27 07:00:00,17.4,51.04,306.9,2
2026-07-27 08:00:00,19.97,52.48,490.19,44
2026-07-27 09:00:00,21.84,45.8,569.91,59
2026-07-27 10:00:00,23.93,49.96,623.78,62
2026-07-27 11:00:00,21.08,42.64,458.71,34
2026-07-27 12:00:00,24.32,52.42,472.15,45
2026-07-27 13:00:00,23.93,50.08,554.39,53
2026-07-27 14:00:00,20.25,51.1,542.73,51
2026-07-27 15:00:00,27.34,51.48,532.4,41
2026-07-27 16:00:00,20.26,49.17,502.73,48
2026-07-27 17:00:00,23.35,45.57,433.52,29
2026-07-27 18:00:00,22.46,56.14,533.54,45
2026-07-27 19:00:00,21.26,59.32,327.73,3
2026-07-27 20:00:00,18.69,48.45,353.84,11
2026-07-27 21:00:00,20.3,50.22,356.47,9
2026-07-27 22:00:00,14.56,60.04,363.1,9
2026-07-27 23:00:00,16.72,52.91,340.86,7
2026-07-28 00:00:00,14.96,57.5,358.16,8
2026-07-28 01:00:00,14.34,58.87,378.56,5
2026-07-28 02:00:00,16.41,50.7,340.13,5
2026-07-28 03:00:00,17.85,54.6,380.28,15
2026-07-28 04:00:00,15.4,54.19,341.18,12
2026-07-28 05:00:00,18.29,46.11,291.54,6
2026-07-28 06:00:00,17.65,47.69,300.56,2
2026-07-28 07:00:00,16.73,50.02,323.67,1
2026-07-28 08:00:00,19.04,56.32,499.76,46
2026-07-28 09:00:00,19.99,55.81,441.23,37
2026-07-28 10:00:00,20.16,54.64,510.8,45
2026-07-28 11:00:00,23.24,50.93,487.33,43
2026-07-28 12:00:00,23.49,50.62,586.95,59
2026-07-28 13:00:00,20.24,52.22,495.05,45
2026-07-28 14:00:00,20.25,52.86,429.36,31
2026-07-28 15:00:00,24.27,50.39,527.0,50
2026-07-28 16:00:00,21.39,43.01,566.28,63
2026-07-28 17:00:00,22.99,44.96,555.81,57
2026-07-28 18:00:00,23.12,43.67,435.59,34
2026-07-28 19:00:00,18.05,57.9,376.99,16
2026-07-28 20:00:00,16.73,61.56,354.49,4
2026-07-28 21:00:00,21.87,38.85,347.69,4
2026-07-28 22:00:00,18.26,60.04,326.14,5
2026-07-28 23:00:00,15.89,54.31,325.77,7
2026-07-29 00:00:00,14.1,60.2,356.27,6
2026-07-29 01:00:00,14.54,57.35,335.6,4
2026-07-29 02:00:00,13.05,63.07,374.4,8
2026-07-29 03:00:00,17.33,53.92,378.88,14
2026-07-29 04:00:00,14.41,48.1,344.1,7
2026-07-29 05:00:00,18.79,51.32,281.87,8
2026-07-29 06:00:00,16.63,55.94,363.22,9
2026-07-29 07:00:00,16.31,52.51,357.85,11
2026-07-29 08:00:00,18.58,55.29,451.17,37
2026-07-29 09:00:00,15.21,54.02,416.02,32
2026-07-29 10:00:00,21.19,47.19,454.68,41
2026-07-29 11:00:00,21.92,44.23,471.53,43
2026-07-29 12:00:00,24.54,45.86,512.79,47
2026-07-29 13:00:00,19.52,52.36,404.49,28
2026-07-29 14:00:00,25.75,37.18,511.36,50
2026-07-29 15:00:00,24.93,43.65,538.4,36
2026-07-29 16:00:00,25.4,37.24,530.62,39
2026-07-29 17:00:00,22.15,46.41,554.21,57
2026-07-29 18:00:00,23.46,54.57,429.13,23
2026-07-29 19:00:00,17.52,46.81,353.24,4
2026-07-29 20:00:00,20.85,53.92,412.91,14
2026-07-29 21:00:00,16.85,67.45,325.75,8
2026-07-29 22:00:00,14.12,62.38,364.45,7
2026-07-29 23:00:00,14.35,55.62,360.01,10
2026-07-30 00:00:00,15.85,58.2,331.89,6
2026-07-30 01:00:00,13.79,48.5,338.33,5
2026-07-30 02:00:00,16.05,45.9,321.66,5
2026-07-30 03:00:00,11.82,56.87,371.66,5
2026-07-30 04:00:00,11.58,58.89,367.84,3
2026-07-30 05:00:00,19.21,57.02,353.47,3
2026-07-30 06:00:00,19.11,48.78,325.26,12
2026-07-30 07:00:00,16.16,54.65,375.28,11
2026-07-30 08:00:00,19.29,52.29,418.24,36
2026-07-30 09:00:00,22.37,48.68,477.23,37
2026-07-30 10:00:00,22.14,49.14,542.76,49
2026-07-30 11:00:00,22.42,45.03,524.74,47
2026-07-30 12:00:00,24.95,48.93,485.85,37
2026-07-30 13:00:00,21.7,50.78,514.55,47
2026-07-30 14:00:00,23.36,46.45,505.56,34
2026-07-30 15:00:00,23.13,52.14,480.88,41
2026-07-30 16:00:00,22.22,54.59,470.98,32
2026-07-30 17:00:00,21.35,53.44,517.65,43
2026-07-30 18:00:00,21.44,44.78,451.66,37
2026-07-30 19:00:00,20.4,51.22,383.18,7
2026-07-30 20:00:00,17.2,48.4,346.94,0
2026-07-30 21:00:00,19.87,51.58,354.0,5
2026-07-30 22:00:00,15.35,49.72,372.53,9
2026-07-30 23:00:00,16.03,60.16,319.96,12
2026-07-31 00:00:00,15.11,58.34,316.3,7
2026-07-31 01:00:00,16.02,59.55,343.85,8
2026-07-31 02:00:00,10.93,62.61,362.82,6
2026-07-31 03:00:00,17.08,51.69,371.29,14
2026-07-31 04:00:00,14.35,52.83,306.3,14
2026-07-31 05:00:00,18.78,60.56,341.34,5
2026-07-31 06:00:00,16.21,52.83,309.92,2
2026-07-31 07:00:00,18.03,45.6,276.29,1
2026-07-31 08:00:00,22.99,53.94,516.84,34
2026-07-31 09:00:00,19.65,51.97,478.78,45
2026-07-31 10:00:00,23.64,55.98,486.8,47
2026-07-31 11:00:00,22.07,50.76,509.73,44
2026-07-31 12:00:00,23.46,48.48,544.04,51
2026-07-31 13:00:00,23.17,56.41,488.75,39
2026-07-31 14:00:00,24.86,39.9,573.77,45
2026-07-31 15:00:00,21.66,46.91,461.92,35
2026-07-31 16:00:00,20.66,46.1,524.94,48
2026-07-31 17:00:00,20.72,39.52,494.47,46
2026-07-31 18:00:00,21.37,54.41,484.28,33
2026-07-31 19:00:00,19.76,48.38,345.17,13
2026-07-31 20:00:00,20.59,55.12,338.03,12
2026-07-31 21:00:00,20.74,52.43,367.57,9
2026-07-31 22:00:00,15.21,57.39,354.68,7
2026-07-31 23:00:00,14.87,52.31,359.67,6
2026-08-01 00:00:00,12.7,52.29,322.56,1
2026-08-01 01:00:00,19.23,51.99,345.12,8
2026-08-01 02:00:00,15.64,58.65,294.31,5
2026-08-01 03:00:00,16.13,53.46,347.24,13
2026-08-01 04:00:00,12.89,52.47,344.05,7
2026-08-01 05:00:00,16.2,47.66,358.87,11
2026-08-01 06:00:00,18.05,53.39,305.29,6
2026-08-01 07:00:00,17.49,49.99,280.93,5
2026-08-01 08:00:00,21.18,49.81,342.79,10
2026-08-01 09:00:00,24.69,46.52,392.15,9
2026-08-01 10:00:00,19.14,49.38,339.04,9
2026-08-01 11:00:00,19.82,52.6,318.48,8
2026-08-01 12:00:00,20.74,53.25,380.14,11
2026-08-01 13:00:00,26.11,56.55,441.56,11
2026-08-01 14:00:00,25.12,51.21,370.62,0
2026-08-01 15:00:00,22.62,57.13,302.9,7
2026-08-01 16:00:00,22.57,45.11,376.81,12
2026-08-01 17:00:00,20.23,42.84,314.23,4
2026-08-01 18:00:00,22.81,48.96,281.69,1
2026-08-01 19:00:00,19.31,55.77,302.6,7
2026-08-01 20:00:00,18.51,55.55,358.84,10
2026-08-01 21:00:00,19.21,57.61,335.07,6
2026-08-01 22:00:00,16.66,40.66,347.98,13
2026-08-01 23:00:00,15.73,60.25,361.58,15
2026-08-02 00:00:00,15.45,55.86,343.33,0
2026-08-02 01:00:00,16.62,45.64,292.65,6
2026-08-02 02:00:00,18.19,55.89,274.01,0
2026-08-02 03:00:00,16.2,54.51,342.62,11
2026-08-02 04:00:00,17.04,54.98,284.67,5
2026-08-02 05:00:00,15.67,59.03,318.24,6
2026-08-02 06:00:00,15.48,56.32,392.13,13
2026-08-02 07:00:00,19.17,44.22,284.35,3
2026-08-02 08:00:00,19.24,50.82,326.8,2
2026-08-02 09:00:00,17.08,44.95,309.16,0
2026-08-02 10:00:00,20.24,54.08,359.29,13
2026-08-02 11:00:00,21.56,56.9,337.12,12
2026-08-02 12:00:00,21.34,43.86,340.67,7
2026-08-02 13:00:00,25.72,43.64,305.51,3
2026-08-02 14:00:00,23.85,43.89,364.07,11
2026-08-02 15:00:00,25.5,44.88,428.1,19
2026-08-02 16:00:00,22.89,51.04,379.89,7
2026-08-02 17:00:00,21.89,47.46,328.02,3
2026-08-02 18:00:00,19.02,54.95,338.8,13
2026-08-02 19:00:00,19.95,56.36,307.4,3
2026-08-02 20:00:00,18.92,57.26,317.6,7
2026-08-02 21:00:00,15.13,48.82,327.66,0
2026-08-02 22:00:00,15.82,60.86,352.06,7
2026-08-02 23:00:00,15.42,61.54,330.87,3
2026-08-03 00:00:00,16.12,61.48,382.14,13
2026-08-03 01:00:00,15.81,53.14,326.4,4
2026-08-03 02:00:00,13.59,51.73,337.75,11
2026-08-03 03:00:00,15.83,49.0,309.13,8
2026-08-03 04:00:00,14.93,49.04,362.87,9
2026-08-03 05:00:00,10.19,57.93,364.85,10
2026-08-03 06:00:00,15.79,58.19,335.89,8
2026-08-03 07:00:00,19.88,57.62,329.9,5
2026-08-03 08:00:00,15.39,51.8,505.31,55
2026-08-03 09:00:00,20.02,50.8,428.32,41
2026-08-03 10:00:00,23.93,47.73,470.37,41
2026-08-03 11:00:00,20.06,47.78,423.79,41
2026-08-03 12:00:00,22.22,53.12,564.83,56
2026-08-03 13:00:00,20.01,52.81,495.54,44
2026-08-03 14:00:00,26.01,47.5,501.44,42
2026-08-03 15:00:00,22.45,51.08,487.93,49
2026-08-03 16:00:00,22.31,52.46,608.87,63
2026-08-03 17:00:00,24.29,51.02,535.13,46
2026-08-03 18:00:00,22.08,45.35,472.6,42
2026-08-03 19:00:00,18.04,56.85,356.22,8
2026-08-03 20:00:00,17.46,54.05,336.0,9
2026-08-03 21:00:00,18.71,49.73,359.14,14
2026-08-03 22:00:00,15.51,55.32,307.29,5
2026-08-03 23:00:00,11.69,58.54,339.33,7
2026-08-04 00:00:00,15.04,59.88,287.9,1
2026-08-04 01:00:00,11.79,51.52,433.79,10
2026-08-04 02:00:00,17.84,59.13,309.58,8
2026-08-04 03:00:00,15.1,54.54,350.73,8
2026-08-04 04:00:00,13.34,53.13,370.78,7
2026-08-04 05:00:00,14.39,52.25,342.93,6
2026-08-04 06:00:00,12.83,51.01,400.22,18
2026-08-04 07:00:00,15.38,45.53,335.6,8
2026-08-04 08:00:00,20.64,53.94,525.99,50
2026-08-04 09:00:00,24.11,58.03,519.38,50
2026-08-04 10:00:00,22.06,41.47,482.76,45
2026-08-04 11:00:00,21.26,45.37,418.02,41
2026-08-04 12:00:00,21.21,53.91,557.31,71
2026-08-04 13:00:00,20.56,50.38,410.22,33
2026-08-04 14:00:00,26.73,50.46,532.71,38
2026-08-04 15:00:00,22.1,49.02,523.52,52
2026-08-04 16:00:00,26.31,43.68,508.26,35
2026-08-04 17:00:00,24.23,46.91,483.44,34
2026-08-04 18:00:00,17.13,41.1,521.6,56
2026-08-04 19:00:00,18.32,46.46,279.8,3
2026-08-04 20:00:00,17.27,57.65,359.05,14
2026-08-04 21:00:00,17.42,58.77,355.76,12
2026-08-04 22:00:00,16.49,60.49,368.2,1
2026-08-04 23:00:00,21.78,51.96,347.59,9
2026-08-05 00:00:00,12.85,44.73,364.22,5
2026-08-05 01:00:00,15.06,51.28,349.31,9
2026-08-05 02:00:00,15.7,60.63,318.56,5
2026-08-05 03:00:00,14.6,62.9,372.63,6
2026-08-05 04:00:00,15.22,61.16,415.84,12
2026-08-05 05:00:00,13.55,54.33,380.74,11
2026-08-05 06:00:00,16.68,46.79,337.07,14
2026-08-05 07:00:00,18.45,51.88,335.35,7
2026-08-05 08:00:00,19.12,51.69,453.03,36
2026-08-05 09:00:00,20.64,58.38,630.32,64
2026-08-05 10:00:00,23.29,49.83,471.93,30
2026-08-05 11:00:00,23.17,48.86,454.34,37
2026-08-05 12:00:00,22.07,49.92,554.81,50
2026-08-05 13:00:00,19.99,53.01,488.89,40
2026-08-05 14:00:00,21.27,53.25,528.34,47
2026-08-05 15:00:00,21.89,46.05,566.28,59
2026-08-05 16:00:00,22.44,44.01,552.08,52
2026-08-05 17:00:00,20.34,57.62,487.07,40
2026-08-05 18:00:00,18.6,43.78,458.08,44
2026-08-05 19:00:00,17.13,61.2,353.99,11
2026-08-05 20:00:00,15.16,44.83,327.05,5
2026-08-05 21:00:00,16.96,50.2,327.45,5
2026-08-05 22:00:00,13.53,60.39,379.53,11
2026-08-05 23:00:00,13.64,55.46,377.35,14
2026-08-06 00:00:00,14.07,48.57,339.59,6
2026-08-06 01:00:00,11.78,58.88,371.44,6
2026-08-06 02:00:00,15.08,54.78,306.07,8
2026-08-06 03:00:00,15.94,52.76,344.11,2
2026-08-06 04:00:00,13.76,52.25,344.71,3
2026-08-06 05:00:00,14.62,54.6,318.64,3
2026-08-06 06:00:00,17.39,49.91,350.29,10
2026-08-06 07:00:00,15.86,66.07,343.66,9
2026-08-06 08:00:00,16.75,52.07,517.08,57
2026-08-06 09:00:00,21.75,47.91,635.77,77
2026-08-06 10:00:00,22.09,46.83,437.58,20
2026-08-06 11:00:00,22.35,58.24,530.57,48
2026-08-06 12:00:00,23.63,40.26,490.67,46
2026-08-06 13:00:00,18.23,54.04,459.04,43
2026-08-06 14:00:00,25.03,46.28,566.19,50
2026-08-06 15:00:00,22.97,41.81,519.28,46
2026-08-06 16:00:00,23.81,44.24,521.36,41
2026-08-06 17:00:00,21.92,51.24,1137.55,45
2026-08-06 18:00:00,20.42,46.39,527.98,51
2026-08-06 19:00:00,18.8,53.13,392.22,11
2026-08-06 20:00:00,19.05,60.31,285.51,3
2026-08-06 21:00:00,16.66,54.19,393.24,7
2026-08-06 22:00:00,18.06,45.09,360.53,13
2026-08-06 23:00:00,12.32,52.14,468.92,17
2026-08-07 00:00:00,13.62,54.04,313.97,3
2026-08-07 01:00:00,18.4,50.36,340.31,9
2026-08-07 02:00:00,12.92,56.72,368.98,7
2026-08-07 03:00:00,13.83,56.88,381.39,8
2026-08-07 04:00:00,12.94,64.59,373.27,5
2026-08-07 05:00:00,16.01,53.77,361.95,11
2026-08-07 06:00:00,14.7,48.95,378.33,11
2026-08-07 07:00:00,16.76,59.04,376.82,18
2026-08-07 08:00:00,19.87,57.41,435.17,34
2026-08-07 09:00:00,17.81,53.7,487.59,45
2026-08-07 10:00:00,21.75,48.55,541.76,59
2026-08-07 11:00:00,22.64,52.26,511.03,46
2026-08-07 12:00:00,23.74,47.32,430.53,33
2026-08-07 13:00:00,22.31,39.1,455.96,35
2026-08-07 14:00:00,28.65,47.76,515.13,41
2026-08-07 15:00:00,24.14,52.56,463.74,31
2026-08-07 16:00:00,22.28,56.61,494.58,48
2026-08-07 17:00:00,19.25,47.87,531.91,59
2026-08-07 18:00:00,19.98,52.15,486.98,39
2026-08-07 19:00:00,22.06,50.8,355.25,12
2026-08-07 20:00:00,21.59,50.32,330.68,9
2026-08-07 21:00:00,20.09,51.51,385.14,14
2026-08-07 22:00:00,17.74,52.77,358.35,10
2026-08-07 23:00:00,12.83,57.08,371.09,6
2026-08-08 00:00:00,15.53,57.83,323.47,5
2026-08-08 01:00:00,11.67,62.93,356.1,5
2026-08-08 02:00:00,11.04,53.49,381.59,10
2026-08-08 03:00:00,14.63,53.9,329.28,3
2026-08-08 04:00:00,15.6,51.97,302.13,9
2026-08-08 05:00:00,17.0,50.28,292.35,5
2026-08-08 06:00:00,17.01,45.01,337.14,3
2026-08-08 07:00:00,18.04,52.49,312.07,4
2026-08-08 08:00:00,16.05,56.16,372.84,8
2026-08-08 09:00:00,18.84,51.04,367.18,11
2026-08-08 10:00:00,17.0,53.05,313.8,5
2026-08-08 11:00:00,16.84,55.31,296.1,0
2026-08-08 12:00:00,22.96,55.98,441.12,21
2026-08-08 13:00:00,20.37,48.64,376.76,12
2026-08-08 14:00:00,23.76,42.51,401.7,12
2026-08-08 15:00:00,24.1,47.68,394.63,15
2026-08-08 16:00:00,20.24,60.25,353.18,8
2026-08-08 17:00:00,22.03,43.78,340.68,7
2026-08-08 18:00:00,18.69,55.16,352.04,13
2026-08-08 19:00:00,15.36,60.04,355.59,13
2026-08-08 20:00:00,18.26,40.39,324.39,10
2026-08-08 21:00:00,16.04,55.82,352.46,12
2026-08-08 22:00:00,15.14,57.42,319.56,3
2026-08-08 23:00:00,19.14,50.27,346.98,7
2026-08-09 00:00:00,11.35,53.83,370.3,15
2026-08-09 01:00:00,14.76,51.71,370.56,11
2026-08-09 02:00:00,11.87,55.05,328.62,2
2026-08-09 03:00:00,15.81,52.42,311.72,6
2026-08-09 04:00:00,14.99,52.05,353.28,14
2026-08-09 05:00:00,15.79,52.22,360.5,10
2026-08-09 06:00:00,13.97,61.17,309.63,9
2026-08-09 07:00:00,15.3,48.22,349.82,9
2026-08-09 08:00:00,19.72,42.45,329.49,8
2026-08-09 09:00:00,22.44,55.33,329.13,6
2026-08-09 10:00:00,20.82,49.46,335.37,5
2026-08-09 11:00:00,18.9,49.83,314.86,12
2026-08-09 12:00:00,22.0,49.04,355.97,9
2026-08-09 13:00:00,26.58,47.44,368.63,11
2026-08-09 14:00:00,22.07,46.93,412.09,10
2026-08-09 15:00:00,24.65,50.28,419.49,14
2026-08-09 16:00:00,19.85,46.3,347.24,10
2026-08-09 17:00:00,20.61,49.07,331.4,11
2026-08-09 18:00:00,21.1,39.16,333.92,9
2026-08-09 19:00:00,19.69,57.08,320.18,4
2026-08-09 20:00:00,16.33,52.69,339.96,7
2026-08-09 21:00:00,15.21,57.71,369.91,10
2026-08-09 22:00:00,17.84,54.9,343.67,11
2026-08-09 23:00:00,17.42,55.56,362.89,14
2026-08-10 00:00:00,17.26,52.88,318.58,6
2026-08-10 01:00:00,17.45,54.73,342.37,9
2026-08-10 02:00:00,13.97,50.41,336.52,7
2026-08-10 03:00:00,13.22,49.89,359.57,14
2026-08-10 04:00:00,16.94,52.63,384.79,10
2026-08-10 05:00:00,16.3,50.19,352.46,10
2026-08-10 06:00:00,13.74,62.51,410.67,8
2026-08-10 07:00:00,14.6,56.65,344.04,7
2026-08-10 08:00:00,18.69,48.34,453.53,25
2026-08-10 09:00:00,18.39,50.77,517.5,55
2026-08-10 10:00:00,19.65,51.91,556.37,56
2026-08-10 11:00:00,22.68,48.79,494.02,42
2026-08-10 12:00:00,22.69,50.48,455.82,31
2026-08-10 13:00:00,24.23,48.38,537.89,51
2026-08-10 14:00:00,17.84,45.56,435.94,40
2026-08-10 15:00:00,22.08,38.79,457.54,30
2026-08-10 16:00:00,22.56,47.34,580.48,64
2026-08-10 17:00:00,17.48,55.57,464.0,36
2026-08-10 18:00:00,18.39,50.31,437.12,30
2026-08-10 19:00:00,17.06,59.24,389.31,12
2026-08-10 20:00:00,17.75,52.34,336.24,8
2026-08-10 21:00:00,19.93,57.84,309.92,9
2026-08-10 22:00:00,19.75,56.93,320.48,5
2026-08-10 23:00:00,13.25,60.98,385.21,12
2026-08-11 00:00:00,15.13,48.39,366.97,14
2026-08-11 01:00:00,14.8,54.73,362.54,3
2026-08-11 02:00:00,14.32,61.09,395.13,10
2026-08-11 03:00:00,14.48,56.23,349.8,8
2026-08-11 04:00:00,14.69,57.49,419.78,9
2026-08-11 05:00:00,18.09,45.4,317.56,10
2026-08-11 06:00:00,17.75,62.17,295.04,0
2026-08-11 07:00:00,14.39,50.97,336.5,11
2026-08-11 08:00:00,19.14,41.63,465.59,53
2026-08-11 09:00:00,20.37,48.99,514.12,59
2026-08-11 10:00:00,20.18,38.64,476.55,38
2026-08-11 11:00:00,22.64,43.73,616.79,69
2026-08-11 12:00:00,21.39,62.82,456.75,38
2026-08-11 13:00:00,21.81,47.83,473.03,38
2026-08-11 14:00:00,21.79,42.61,536.15,50
2026-08-11 15:00:00,17.37,52.97,444.22,49
2026-08-11 16:00:00,20.85,45.92,536.7,46
2026-08-11 17:00:00,19.04,56.0,542.14,53
2026-08-11 18:00:00,17.17,48.53,505.82,48
2026-08-11 19:00:00,21.45,51.34,372.4,6
2026-08-11 20:00:00,18.55,46.28,284.73,11
2026-08-11 21:00:00,16.45,66.48,386.56,19
2026-08-11 22:00:00,14.42,57.43,392.93,9
2026-08-11 23:00:00,15.31,53.56,329.68,4
2026-08-12 00:00:00,15.9,52.4,348.41,5
2026-08-12 01:00:00,11.87,53.93,420.95,11
2026-08-12 02:00:00,13.37,51.83,356.53,3
2026-08-12 03:00:00,15.26,50.38,355.36,12
2026-08-12 04:00:00,10.05,66.36,417.48,9
2026-08-12 05:00:00,14.44,52.13,308.41,7
2026-08-12 06:00:00,14.52,44.19,330.45,1
2026-08-12 07:00:00,16.08,47.91,369.15,12
2026-08-12 08:00:00,16.38,58.17,582.02,67
2026-08-12 09:00:00,18.69,50.65,524.02,50
2026-08-12 10:00:00,23.23,48.07,522.73,46
2026-08-12 11:00:00,19.56,57.15,525.61,53
2026-08-12 12:00:00,21.43,46.11,522.8,41
2026-08-12 13:00:00,25.24,50.5,520.63,49
2026-08-12 14:00:00,20.28,47.46,574.27,58
2026-08-12 15:00:00,24.88,50.47,590.99,53
2026-08-12 16:00:00,20.86,48.44,511.51,45
2026-08-12 17:00:00,23.78,47.15,511.83,47
2026-08-12 18:00:00,20.88,54.48,535.53,53
2026-08-12 19:00:00,19.03,55.42,304.13,5
2026-08-12 20:00:00,17.25,52.1,304.97,5
2026-08-12 21:00:00,15.1,52.07,318.14,0
2026-08-12 22:00:00,15.53,62.12,330.5,8
2026-08-12 23:00:00,16.35,56.5,307.91,1
2026-08-13 00:00:00,13.73,53.43,332.58,8
2026-08-13 01:00:00,12.72,52.83,359.45,2
2026-08-13 02:00:00,12.72,61.22,394.81,3
2026-08-13 03:00:00,15.34,54.84,412.77,11
2026-08-13 04:00:00,16.21,52.84,313.18,8
2026-08-13 05:00:00,13.06,56.44,315.09,0
2026-08-13 06:00:00,13.88,56.97,350.33,6
2026-08-13 07:00:00,16.94,52.86,357.49,9
2026-08-13 08:00:00,20.27,56.83,545.68,59
2026-08-13 09:00:00,20.55,56.91,526.84,46
2026-08-13 10:00:00,16.72,55.96,577.52,64
2026-08-13 11:00:00,19.52,58.21,440.82,43
2026-08-13 12:00:00,18.82,51.87,483.56,45
2026-08-13 13:00:00,20.55,54.07,425.87,35
2026-08-13 14:00:00,24.43,52.92,498.59,42
2026-08-13 15:00:00,18.24,57.33,422.71,33
2026-08-13 16:00:00,17.45,57.37,439.88,30
2026-08-13 17:00:00,18.39,55.28,432.53,33
2026-08-13 18:00:00,19.79,60.93,890.31,46
2026-08-13 19:00:00,19.5,48.65,382.96,7
2026-08-13 20:00:00,18.09,51.56,292.96,5
2026-08-13 21:00:00,18.54,50.95,344.41,10
2026-08-13 22:00:00,11.69,54.97,403.41,10
2026-08-13 23:00:00,16.77,43.32,366.83,16
2026-08-14 00:00:00,12.97,62.8,364.73,11
2026-08-14 01:00:00,14.65,49.61,339.67,11
2026-08-14 02:00:00,10.41,58.56,419.38,11
2026-08-14 03:00:00,13.2,48.65,377.19,5
2026-08-14 04:00:00,14.06,58.26,341.45,3
2026-08-14 05:00:00,16.54,49.5,287.09,4
2026-08-14 06:00:00,11.88,51.0,385.78,11
2026-08-14 07:00:00,16.08,54.72,404.53,14
2026-08-14 08:00:00,14.88,51.08,469.14,44
2026-08-14 09:00:00,19.1,48.76,495.18,51
2026-08-14 10:00:00,20.61,51.43,498.22,45
2026-08-14 11:00:00,22.46,53.28,547.28,47
2026-08-14 12:00:00,19.45,47.29,459.08,43
2026-08-14 13:00:00,22.77,44.1,501.73,41
2026-08-14 14:00:00,23.78,48.47,592.37,55
2026-08-14 15:00:00,17.63,55.35,364.95,25
2026-08-14 16:00:00,21.74,57.09,494.75,50
2026-08-14 17:00:00,21.8,44.38,477.25,40
2026-08-14 18:00:00,18.54,50.43,425.7,26
2026-08-14 19:00:00,15.67,59.91,327.68,0
2026-08-14 20:00:00,18.94,61.61,383.95,12
2026-08-14 21:00:00,13.62,50.5,295.79,3
2026-08-14 22:00:00,14.7,51.02,372.25,11
2026-08-14 23:00:00,14.14,57.0,258.09,0
2026-08-15 00:00:00,14.85,51.71,360.89,2
2026-08-15 01:00:00,11.77,52.97,416.61,10
2026-08-15 02:00:00,11.52,58.16,394.4,13
2026-08-15 03:00:00,13.22,63.49,315.92,8
2026-08-15 04:00:00,15.43,47.65,376.51,18
2026-08-15 05:00:00,18.63,59.45,348.93,4
2026-08-15 06:00:00,11.87,53.82,370.63,4
2026-08-15 07:00:00,16.48,55.19,382.46,7
2026-08-15 08:00:00,14.71,62.66,348.18,7
2026-08-15 09:00:00,19.96,52.66,397.84,9
2026-08-15 10:00:00,17.01,51.61,271.53,5
2026-08-15 11:00:00,18.36,55.74,322.35,10
2026-08-15 12:00:00,19.17,50.71,310.99,10
2026-08-15 13:00:00,20.6,53.19,392.28,14
2026-08-15 14:00:00,21.53,48.9,313.98,6
2026-08-15 15:00:00,21.72,54.1,388.31,9
2026-08-15 16:00:00,20.34,43.79,365.32,10
2026-08-15 17:00:00,17.05,47.99,335.09,8
2026-08-15 18:00:00,20.34,43.72,332.2,7
2026-08-15 19:00:00,17.81,52.25,269.66,0
2026-08-15 20:00:00,19.21,43.91,345.85,8
2026-08-15 21:00:00,14.43,51.44,351.14,10
2026-08-15 22:00:00,11.68,51.29,394.42,8
2026-08-15 23:00:00,13.99,62.61,391.66,5
2026-08-16 00:00:00,15.84,48.96,306.38,1
2026-08-16 01:00:00,13.17,49.35,402.9,10
2026-08-16 02:00:00,12.32,57.62,381.4,8
2026-08-16 03:00:00,11.11,65.66,429.35,14
2026-08-16 04:00:00,16.77,52.68,280.32,2
2026-08-16 05:00:00,11.83,56.53,354.46,6
2026-08-16 06:00:00,13.26,62.17,333.59,3
2026-08-16 07:00:00,16.82,57.62,390.13,12
2026-08-16 08:00:00,13.0,58.02,381.99,13
2026-08-16 09:00:00,20.3,47.88,387.71,16
2026-08-16 10:00:00,19.96,53.31,349.34,10
2026-08-16 11:00:00,21.34,43.26,349.59,11
2026-08-16 12:00:00,21.3,46.97,318.66,10
2026-08-16 13:00:00,20.26,57.98,310.42,10
2026-08-16 14:00:00,18.59,58.5,328.37,8
2026-08-16 15:00:00,20.3,52.98,348.2,10
2026-08-16 16:00:00,18.23,42.59,332.72,17
2026-08-16 17:00:00,20.52,44.6,347.47,9
2026-08-16 18:00:00,20.33,47.37,390.54,8
2026-08-16 19:00:00,20.7,49.65,386.38,9
2026-08-16 20:00:00,17.46,46.53,323.29,7
2026-08-16 21:00:00,17.53,51.5,333.9,9
2026-08-16 22:00:00,14.12,63.95,378.81,7
2026-08-16 23:00:00,12.93,57.95,394.91,13
2026-08-17 00:00:00,14.03,56.28,393.11,12
2026-08-17 01:00:00,11.91,51.58,415.06,17
2026-08-17 02:00:00,13.08,47.65,362.94,8
2026-08-17 03:00:00,10.56,51.47,372.54,9
2026-08-17 04:00:00,11.32,48.68,388.61,9
2026-08-17 05:00:00,14.99,54.89,297.84,9
2026-08-17 06:00:00,16.32,55.5,365.74,13
2026-08-17 07:00:00,13.54,50.7,281.77,2
2026-08-17 08:00:00,17.88,53.22,518.52,54
2026-08-17 09:00:00,16.51,60.79,525.87,60
2026-08-17 10:00:00,18.58,61.79,451.77,29
2026-08-17 11:00:00,22.21,53.31,534.51,51
2026-08-17 12:00:00,21.62,48.99,474.79,39
2026-08-17 13:00:00,22.0,53.29,632.88,74
2026-08-17 14:00:00,24.36,54.71,559.57,59
2026-08-17 15:00:00,19.0,41.66,568.63,62
2026-08-17 16:00:00,18.04,59.79,528.73,53
2026-08-17 17:00:00,17.93,49.73,473.06,49
2026-08-17 18:00:00,18.03,49.7,428.65,41
2026-08-17 19:00:00,12.87,54.22,364.03,10
2026-08-17 20:00:00,16.13,55.31,351.41,11
2026-08-17 21:00:00,14.42,49.35,327.71,9
2026-08-17 22:00:00,16.11,52.3,336.63,10
2026-08-17 23:00:00,14.42,57.53,309.88,0
2026-08-18 00:00:00,11.7,57.9,378.67,9
2026-08-18 01:00:00,13.68,57.32,350.71,6
2026-08-18 02:00:00,13.82,53.71,370.01,8
2026-08-18 03:00:00,10.97,60.79,391.28,9
2026-08-18 04:00:00,11.92,61.94,378.8,5
2026-08-18 05:00:00,9.09,63.62,393.19,4
2026-08-18 06:00:00,12.19,58.61,358.58,5
2026-08-18 07:00:00,13.85,60.0,357.13,2
2026-08-18 08:00:00,16.52,57.79,470.79,58
2026-08-18 09:00:00,15.51,67.52,450.54,34
2026-08-18 10:00:00,17.34,58.95,450.53,41
2026-08-18 11:00:00,16.75,52.83,553.71,62
2026-08-18 12:00:00,20.18,46.32,425.61,34
2026-08-18 13:00:00,21.08,48.94,506.16,45
2026-08-18 14:00:00,21.17,48.52,537.59,51
2026-08-18 15:00:00,20.26,53.38,459.47,46
2026-08-18 16:00:00,16.75,49.77,531.38,56
2026-08-18 17:00:00,17.96,58.39,506.06,60
2026-08-18 18:00:00,17.55,45.76,501.36,50
2026-08-18 19:00:00,16.6,45.22,326.83,10
2026-08-18 20:00:00,16.52,52.76,317.31,8
2026-08-18 21:00:00,18.18,48.06,275.34,7
2026-08-18 22:00:00,15.99,47.51,358.96,14
2026-08-18 23:00:00,11.57,53.72,331.89,4
2026-08-19 00:00:00,14.09,51.33,333.86,12
2026-08-19 01:00:00,13.61,55.52,359.64,6
2026-08-19 02:00:00,10.58,54.49,408.89,8
2026-08-19 03:00:00,14.03,52.49,353.64,5
2026-08-19 04:00:00,12.41,56.29,325.02,5
2026-08-19 05:00:00,10.54,62.69,381.4,6
2026-08-19 06:00:00,15.1,61.78,341.2,0
2026-08-19 07:00:00,15.59,54.82,347.27,9
2026-08-19 08:00:00,15.74,55.11,526.26,51
2026-08-19 09:00:00,17.15,52.08,466.66,45
2026-08-19 10:00:00,16.75,55.68,406.96,28
2026-08-19 11:00:00,20.24,52.78,514.41,55
2026-08-19 12:00:00,19.57,57.93,528.41,51
2026-08-19 13:00:00,20.39,41.28,514.6,49
2026-08-19 14:00:00,20.91,49.19,439.48,35
2026-08-19 15:00:00,17.75,54.27,572.68,65
2026-08-19 16:00:00,17.87,52.36,443.37,47
2026-08-19 17:00:00,14.6,50.08,447.32,34
2026-08-19 18:00:00,19.32,44.98,390.63,32
2026-08-19 19:00:00,14.8,58.67,349.07,14
2026-08-19 20:00:00,16.46,49.69,299.68,8
2026-08-19 21:00:00,15.9,45.1,325.31,10
2026-08-19 22:00:00,15.4,58.5,382.69,12
2026-08-19 23:00:00,10.96,59.63,352.09,0
2026-08-20 00:00:00,12.42,55.73,374.77,13
2026-08-20 01:00:00,15.49,49.58,329.31,6
2026-08-20 02:00:00,15.44,53.62,301.94,10
2026-08-20 03:00:00,14.13,61.19,402.87,15
2026-08-20 04:00:00,13.23,47.67,297.24,7
2026-08-20 05:00:00,11.18,49.36,351.11,6
2026-08-20 06:00:00,15.45,51.04,340.37,8
2026-08-20 07:00:00,14.66,54.6,340.28,2
2026-08-20 08:00:00,17.14,50.52,520.49,54
2026-08-20 09:00:00,15.78,57.16,533.83,55
2026-08-20 10:00:00,17.67,58.08,538.92,51
2026-08-20 11:00:00,19.17,52.97,514.11,40
2026-08-20 12:00:00,19.97,53.82,456.84,37
2026-08-20 13:00:00,20.87,51.75,491.15,45
2026-08-20 14:00:00,18.86,51.85,474.04,45
2026-08-20 15:00:00,17.19,46.5,502.68,56
2026-08-20 16:00:00,22.73,43.95,493.2,40
2026-08-20 17:00:00,23.82,41.57,525.75,41
2026-08-20 18:00:00,18.91,51.02,498.04,66
2026-08-20 19:00:00,14.4,56.08,369.25,12
2026-08-20 20:00:00,14.47,47.63,407.99,14
2026-08-20 21:00:00,16.0,54.16,376.14,14
2026-08-20 22:00:00,16.7,48.94,331.12,5
2026-08-20 23:00:00,10.76,52.12,332.32,6
2026-08-21 00:00:00,12.12,53.39,381.74,6
2026-08-21 01:00:00,12.36,50.74,404.41,11
2026-08-21 02:00:00,13.56,58.54,350.16,3
2026-08-21 03:00:00,11.28,56.26,346.1,3
2026-08-21 04:00:00,9.24,62.61,401.78,5
2026-08-21 05:00:00,14.25,52.81,313.29,4
2026-08-21 06:00:00,16.08,51.71,323.59,12
2026-08-21 07:00:00,14.63,64.12,393.34,11
2026-08-21 08:00:00,16.65,45.23,448.88,31
2026-08-21 09:00:00,15.92,60.28,495.6,50
2026-08-21 10:00:00,16.14,61.97,469.14,46
2026-08-21 11:00:00,20.72,54.33,444.69,38
2026-08-21 12:00:00,20.07,49.3,473.98,41
2026-08-21 13:00:00,20.68,57.66,452.45,41
2026-08-21 14:00:00,22.84,47.4,528.94,43
2026-08-21 15:00:00,17.59,49.16,531.35,63
2026-08-21 16:00:00,18.2,50.32,564.59,66
2026-08-21 17:00:00,18.98,48.86,349.31,18
2026-08-21 18:00:00,16.71,48.57,513.33,50
2026-08-21 19:00:00,18.44,57.64,346.51,8
2026-08-21 20:00:00,15.46,50.31,320.52,13
2026-08-21 21:00:00,12.81,55.88,324.49,1
2026-08-21 22:00:00,13.97,48.0,321.35,1
2026-08-21 23:00:00,13.35,55.81,337.99,5
2026-08-22 00:00:00,14.06,49.38,387.98,11
2026-08-22 01:00:00,12.58,50.29,350.72,8
2026-08-22 02:00:00,12.58,55.65,384.8,7
2026-08-22 03:00:00,12.43,61.58,367.28,3
2026-08-22 04:00:00,11.81,58.93,373.9,7
2026-08-22 05:00:00,11.39,59.57,391.12,5
2026-08-22 06:00:00,14.23,54.39,302.45,4
2026-08-22 07:00:00,13.95,53.56,339.56,4
2026-08-22 08:00:00,19.03,55.63,318.49,9
2026-08-22 09:00:00,19.37,48.62,317.69,5
2026-08-22 10:00:00,18.92,55.93,322.26,8
2026-08-22 11:00:00,19.24,57.71,311.28,1
2026-08-22 12:00:00,18.94,47.53,335.85,10
2026-08-22 13:00:00,17.0,49.63,337.06,9
2026-08-22 14:00:00,19.22,48.82,331.58,7
2026-08-22 15:00:00,19.72,43.86,347.77,9
2026-08-22 16:00:00,19.58,48.95,317.25,12
2026-08-22 17:00:00,19.42,57.91,329.25,2
2026-08-22 18:00:00,19.5,46.12,294.12,8
2026-08-22 19:00:00,15.3,60.91,261.55,3
2026-08-22 20:00:00,14.29,52.83,404.68,8
2026-08-22 21:00:00,17.52,63.31,308.87,7
2026-08-22 22:00:00,15.2,50.95,333.6,8
2026-08-22 23:00:00,12.04,55.85,341.31,11
2026-08-23 00:00:00,11.79,52.19,375.15,11
2026-08-23 01:00:00,11.4,53.58,400.21,12
2026-08-23 02:00:00,11.53,63.62,384.35,6
2026-08-23 03:00:00,12.55,58.59,353.53,11
2026-08-23 04:00:00,17.08,58.19,332.95,10
2026-08-23 05:00:00,13.02,49.31,364.55,7
2026-08-23 06:00:00,14.8,57.92,361.8,8
2026-08-23 07:00:00,11.06,52.4,380.51,7
2026-08-23 08:00:00,14.5,48.16,389.85,14
2026-08-23 09:00:00,18.96,52.92,342.28,11
2026-08-23 10:00:00,18.28,53.35,356.32,7
2026-08-23 11:00:00,9.52,58.6,382.9,6
2026-08-23 12:00:00,20.28,54.39,376.46,12
2026-08-23 13:00:00,23.17,53.15,405.58,13
2026-08-23 14:00:00,15.48,61.51,315.45,9
2026-08-23 15:00:00,22.37,43.39,373.26,11
2026-08-23 16:00:00,13.39,63.14,374.23,13
2026-08-23 17:00:00,20.18,60.29,319.62,7
2026-08-23 18:00:00,17.45,50.95,317.86,8
2026-08-23 19:00:00,11.81,48.39,382.09,10
2026-08-23 20:00:00,16.36,46.63,286.41,6
2026-08-23 21:00:00,16.74,50.97,360.74,15
2026-08-23 22:00:00,14.2,65.13,352.07,6
2026-08-23 23:00:00,13.81,55.42,386.77,8
2026-08-24 00:00:00,11.0,54.21,396.21,16
2026-08-24 01:00:00,7.7,56.18,409.31,1
2026-08-24 02:00:00,12.67,49.52,377.38,9
2026-08-24 03:00:00,14.92,58.93,342.36,5
2026-08-24 04:00:00,14.08,54.68,388.94,8
2026-08-24 05:00:00,8.48,69.56,442.56,3
2026-08-24 06:00:00,10.26,60.96,381.52,7
2026-08-24 07:00:00,12.56,60.36,355.71,8
2026-08-24 08:00:00,12.1,55.32,586.67,59
2026-08-24 09:00:00,16.41,48.06,439.54,43
2026-08-24 10:00:00,18.07,47.98,415.27,40
2026-08-24 11:00:00,15.25,47.48,567.58,56
2026-08-24 12:00:00,20.3,55.34,490.8,41
2026-08-24 13:00:00,20.35,48.83,443.25,39
2026-08-24 14:00:00,18.19,57.03,510.43,34
2026-08-24 15:00:00,18.8,52.52,411.09,37
2026-08-24 16:00:00,14.85,53.14,483.82,38
2026-08-24 17:00:00,17.45,46.94,476.88,51
2026-08-24 18:00:00,17.3,54.4,482.87,35
2026-08-24 19:00:00,16.66,52.25,327.7,10
2026-08-24 20:00:00,16.04,58.28,322.16,4
2026-08-24 21:00:00,14.74,51.11,314.83,11
2026-08-24 22:00:00,12.76,59.15,422.45,8
2026-08-24 23:00:00,13.03,64.08,357.82,8
2026-08-25 00:00:00,13.64,56.81,370.4,7
2026-08-25 01:00:00,11.05,61.19,380.2,6
2026-08-25 02:00:00,11.74,59.64,362.32,7
2026-08-25 03:00:00,10.86,66.89,355.81,13
2026-08-25 04:00:00,10.34,59.62,360.7,2
2026-08-25 05:00:00,13.32,59.18,349.64,5
2026-08-25 06:00:00,11.99,56.43,400.1,12
2026-08-25 07:00:00,14.84,50.74,414.65,11
2026-08-25 08:00:00,15.16,48.35,498.55,43
2026-08-25 09:00:00,15.53,60.47,466.51,32
2026-08-25 10:00:00,16.44,48.45,479.95,47
2026-08-25 11:00:00,16.91,56.89,439.27,42
2026-08-25 12:00:00,15.27,56.39,499.33,47
2026-08-25 13:00:00,19.73,55.78,417.57,32
2026-08-25 14:00:00,19.56,48.73,508.31,52
2026-08-25 15:00:00,20.66,46.58,544.12,62
2026-08-25 16:00:00,17.5,54.64,495.22,60
2026-08-25 17:00:00,21.72,48.33,606.25,64
2026-08-25 18:00:00,16.34,47.41,479.38,45
2026-08-25 19:00:00,14.39,64.62,338.34,4
2026-08-25 20:00:00,13.11,51.86,350.12,12
2026-08-25 21:00:00,10.6,52.61,388.2,12
2026-08-25 22:00:00,16.17,52.47,300.15,4
2026-08-25 23:00:00,15.01,60.75,318.2,6
2026-08-26 00:00:00,12.65,45.31,375.79,11
2026-08-26 01:00:00,9.26,64.37,373.52,3
2026-08-26 02:00:00,14.53,50.27,374.49,9
2026-08-26 03:00:00,10.35,59.08,376.27,7
2026-08-26 04:00:00,10.91,53.98,365.31,3
2026-08-26 05:00:00,14.96,64.49,388.52,15
2026-08-26 06:00:00,14.23,55.66,360.85,7
2026-08-26 07:00:00,18.28,48.66,310.52,10
2026-08-26 08:00:00,15.41,52.71,509.28,43
2026-08-26 09:00:00,15.15,54.84,431.99,36
2026-08-26 10:00:00,15.69,54.91,543.72,58
2026-08-26 11:00:00,14.05,57.36,454.93,39
2026-08-26 12:00:00,17.82,52.52,456.69,42
2026-08-26 13:00:00,21.07,43.37,553.48,55
2026-08-26 14:00:00,20.11,49.22,553.13,58
2026-08-26 15:00:00,18.82,54.86,565.79,60
2026-08-26 16:00:00,16.39,50.18,409.75,29
2026-08-26 17:00:00,18.19,55.63,518.1,50
2026-08-26 18:00:00,18.94,51.9,472.52,48
2026-08-26 19:00:00,16.81,52.15,312.35,6
2026-08-26 20:00:00,15.25,60.3,349.76,7
2026-08-26 21:00:00,12.28,47.71,362.91,2
2026-08-26 22:00:00,14.65,51.37,346.71,11
2026-08-26 23:00:00,5.82,67.09,429.06,3
2026-08-27 00:00:00,12.02,65.73,412.82,14
2026-08-27 01:00:00,16.0,65.23,347.68,5
2026-08-27 02:00:00,7.71,59.86,403.68,11
2026-08-27 03:00:00,10.38,60.03,392.63,11
2026-08-27 04:00:00,11.24,61.22,366.93,4
2026-08-27 05:00:00,10.97,63.7,388.43,6
2026-08-27 06:00:00,14.8,56.21,325.1,6
2026-08-27 07:00:00,14.63,59.39,317.91,6
2026-08-27 08:00:00,15.03,56.78,465.53,50
2026-08-27 09:00:00,17.35,55.46,439.1,30
2026-08-27 10:00:00,16.76,48.68,545.75,56
2026-08-27 11:00:00,23.91,46.62,467.07,46
2026-08-27 12:00:00,18.49,49.44,464.14,42
2026-08-27 13:00:00,18.98,45.77,550.27,66
2026-08-27 14:00:00,15.3,46.03,561.63,56
2026-08-27 15:00:00,17.5,50.63,427.66,35
2026-08-27 16:00:00,20.48,49.34,498.59,44
2026-08-27 17:00:00,14.88,55.11,597.86,72
2026-08-27 18:00:00,12.41,59.09,583.99,65
2026-08-27 19:00:00,15.82,54.86,378.5,12
2026-08-27 20:00:00,17.46,51.49,366.89,11
2026-08-27 21:00:00,13.77,50.78,300.68,2
2026-08-27 22:00:00,12.05,60.95,390.82,4
2026-08-27 23:00:00,8.18,58.77,394.35,11
2026-08-28 00:00:00,11.97,54.45,296.69,3
2026-08-28 01:00:00,11.99,55.67,387.76,11
2026-08-28 02:00:00,6.97,56.46,459.07,16
2026-08-28 03:00:00,12.94,53.29,333.21,9
2026-08-28 04:00:00,12.6,53.37,303.56,4
2026-08-28 05:00:00,13.97,53.79,347.73,9
2026-08-28 06:00:00,13.7,58.69,364.19,12
2026-08-28 07:00:00,14.8,56.67,388.72,8
2026-08-28 08:00:00,15.57,61.83,455.85,34
2026-08-28 09:00:00,17.3,58.95,526.09,51
2026-08-28 10:00:00,12.89,65.76,580.36,58
2026-08-28 11:00:00,14.36,57.74,531.59,42
2026-08-28 12:00:00,16.52,56.15,421.57,34
2026-08-28 13:00:00,18.14,49.87,431.89,36
2026-08-28 14:00:00,19.31,55.61,404.53,35
2026-08-28 15:00:00,19.05,48.39,509.69,48
2026-08-28 16:00:00,20.23,43.49,507.69,44
2026-08-28 17:00:00,19.66,58.87,529.21,49
2026-08-28 18:00:00,14.79,48.4,505.9,49
2026-08-28 19:00:00,16.04,55.96,315.71,11
2026-08-28 20:00:00,12.84,51.61,364.37,8
2026-08-28 21:00:00,13.12,61.45,358.92,9
2026-08-28 22:00:00,13.18,62.09,390.34,7
2026-08-28 23:00:00,4.89,64.23,433.8,10
2026-08-29 00:00:00,15.7,60.24,325.72,5
2026-08-29 01:00:00,11.61,56.91,464.68,16
2026-08-29 02:00:00,9.15,69.77,396.6,0
2026-08-29 03:00:00,14.33,58.7,394.34,10
2026-08-29 04:00:00,10.18,53.37,379.55,9
2026-08-29 05:00:00,11.78,57.1,355.9,9
2026-08-29 06:00:00,11.37,56.28,387.84,3
2026-08-29 07:00:00,16.61,52.12,345.28,1
2026-08-29 08:00:00,14.13,46.82,327.94,10
2026-08-29 09:00:00,15.67,55.96,353.89,13
2026-08-29 10:00:00,18.75,44.95,304.61,9
2026-08-29 11:00:00,18.34,39.54,341.26,11
2026-08-29 12:00:00,17.7,50.89,344.97,6
2026-08-29 13:00:00,20.43,46.92,335.04,9
2026-08-29 14:00:00,23.42,44.3,371.11,13
2026-08-29 15:00:00,18.84,36.3,263.82,7
2026-08-29 16:00:00,18.04,48.12,315.92,13
2026-08-29 17:00:00,17.51,51.87,338.95,1
2026-08-29 18:00:00,18.96,48.56,331.04,6
2026-08-29 19:00:00,14.18,57.01,390.08,10
2026-08-29 20:00:00,13.78,62.31,386.9,16
2026-08-29 21:00:00,10.23,60.42,385.9,8
2026-08-29 22:00:00,9.97,63.15,380.66,4
2026-08-29 23:00:00,10.48,63.21,430.94,16
2026-08-30 00:00:00,10.57,52.51,415.82,7
2026-08-30 01:00:00,13.82,57.52,355.26,11
2026-08-30 02:00:00,11.22,62.12,377.14,7
2026-08-30 03:00:00,8.46,56.9,386.29,9
2026-08-30 04:00:00,9.23,54.59,337.65,6
2026-08-30 05:00:00,14.07,57.8,418.82,17
2026-08-30 06:00:00,14.4,47.51,411.55,13
2026-08-30 07:00:00,13.17,50.34,408.35,15
2026-08-30 08:00:00,13.26,52.38,354.95,5
2026-08-30 09:00:00,17.43,55.05,347.72,1
2026-08-30 10:00:00,14.16,56.18,364.44,7
2026-08-30 11:00:00,17.76,57.73,390.44,18
2026-08-30 12:00:00,22.16,44.88,349.53,7
2026-08-30 13:00:00,18.42,47.23,347.33,12
2026-08-30 14:00:00,16.6,56.0,318.31,4
2026-08-30 15:00:00,18.83,47.82,334.46,5
2026-08-30 16:00:00,16.67,50.31,304.32,8
2026-08-30 17:00:00,14.19,45.78,393.36,16
2026-08-30 18:00:00,17.55,54.17,325.22,12
2026-08-30 19:00:00,17.42,60.51,315.81,0
2026-08-30 20:00:00,13.53,50.39,428.63,11
2026-08-30 21:00:00,12.36,61.46,375.42,3
2026-08-30 22:00:00,10.22,57.55,408.69,5
2026-08-30 23:00:00,11.02,48.46,407.34,10
2026-08-31 00:00:00,9.36,53.97,358.5,14
2026-08-31 01:00:00,8.07,54.57,423.42,13
2026-08-31 02:00:00,13.74,53.8,375.65,9
2026-08-31 03:00:00,11.02,59.38,338.64,9
2026-08-31 04:00:00,11.63,66.1,400.25,13
2026-08-31 05:00:00,12.89,48.82,334.74,2
2026-08-31 06:00:00,13.49,53.13,358.99,15
2026-08-31 07:00:00,12.09,52.06,334.9,5
2026-08-31 08:00:00,14.5,48.51,524.28,44
2026-08-31 09:00:00,14.45,55.36,385.04,38
2026-08-31 10:00:00,16.83,53.23,562.58,63
2026-08-31 11:00:00,17.46,43.71,479.28,40
2026-08-31 12:00:00,16.65,53.43,392.69,22
2026-08-31 13:00:00,15.16,48.36,597.97,63
2026-08-31 14:00:00,18.25,52.29,429.26,37
2026-08-31 15:00:00,17.41,59.16,495.43,54
2026-08-31 16:00:00,13.64,57.77,483.65,38
2026-08-31 17:00:00,17.8,53.43,487.6,51
2026-08-31 18:00:00,17.88,49.84,454.58,45
2026-08-31 19:00:00,20.04,51.3,308.69,1
2026-08-31 20:00:00,13.17,58.6,357.75,11
2026-08-31 21:00:00,11.84,59.03,368.3,11
2026-08-31 22:00:00,9.73,57.69,378.57,11
2026-08-31 23:00:00,11.54,58.01,372.23,3
2026-09-01 00:00:00,10.7,50.93,369.79,11
2026-09-01 01:00:00,8.27,55.54,398.2,14
2026-09-01 02:00:00,9.41,61.95,357.74,4
2026-09-01 03:00:00,5.94,65.05,446.65,11
2026-09-01 04:00:00,12.15,56.97,378.15,5
2026-09-01 05:00:00,9.39,65.82,420.67,8
2026-09-01 06:00:00,11.69,59.36,370.16,4
2026-09-01 07:00:00,9.87,56.93,400.37,7
2026-09-01 08:00:00,12.59,50.09,516.01,46
2026-09-01 09:00:00,14.23,62.23,548.76,52
2026-09-01 10:00:00,15.73,57.84,498.23,43
2026-09-01 11:00:00,17.55,61.71,434.06,37
2026-09-01 12:00:00,20.1,61.76,468.43,45
2026-09-01 13:00:00,19.09,45.2,496.28,42
2026-09-01 14:00:00,19.68,44.8,469.94,42
2026-09-01 15:00:00,20.51,36.32,542.69,54
2026-09-01 16:00:00,18.36,56.74,466.9,49
2026-09-01 17:00:00,16.51,56.72,499.21,51
2026-09-01 18:00:00,17.78,53.05,453.03,48
2026-09-01 19:00:00,16.94,47.01,341.77,7
2026-09-01 20:00:00,15.05,54.02,335.89,9
2026-09-01 21:00:00,9.81,59.05,400.48,13
2026-09-01 22:00:00,10.07,61.86,436.95,6
2026-09-01 23:00:00,10.38,59.1,420.51,11
2026-09-02 00:00:00,11.66,60.16,420.32,14
2026-09-02 01:00:00,9.65,57.62,386.92,14
2026-09-02 02:00:00,11.83,62.62,331.98,7
2026-09-02 03:00:00,12.33,59.53,383.71,4
2026-09-02 04:00:00,12.49,50.32,298.93,5
2026-09-02 05:00:00,13.14,62.75,333.12,2
2026-09-02 06:00:00,9.49,64.49,392.38,11
2026-09-02 07:00:00,13.49,57.88,353.22,11
2026-09-02 08:00:00,12.35,57.76,489.76,40
2026-09-02 09:00:00,11.3,65.38,496.1,42
2026-09-02 10:00:00,14.99,46.34,431.01,38
2026-09-02 11:00:00,19.04,57.88,537.62,57
2026-09-02 12:00:00,17.95,50.06,531.88,54
2026-09-02 13:00:00,21.46,55.45,439.27,40
2026-09-02 14:00:00,17.92,53.06,505.38,52
2026-09-02 15:00:00,22.32,43.16,502.81,43
2026-09-02 16:00:00,17.38,50.35,472.9,42
2026-09-02 17:00:00,16.43,58.6,481.89,45
2026-09-02 18:00:00,13.0,54.85,524.67,51
2026-09-02 19:00:00,16.82,50.12,350.83,8
2026-09-02 20:00:00,12.56,53.07,373.64,7
2026-09-02 21:00:00,11.23,60.35,334.6,7
2026-09-02 22:00:00,14.12,63.87,346.03,5
2026-09-02 23:00:00,13.05,45.16,365.11,9
2026-09-03 00:00:00,12.16,70.49,380.06,14
2026-09-03 01:00:00,8.77,59.88,425.34,15
2026-09-03 02:00:00,9.26,61.42,440.6,15
2026-09-03 03:00:00,9.38,56.25,359.99,4
2026-09-03 04:00:00,11.46,56.96,385.36,8
2026-09-03 05:00:00,13.64,56.41,332.24,7
2026-09-03 06:00:00,12.1,51.29,348.79,10
2026-09-03 07:00:00,16.28,49.58,349.51,8
2026-09-03 08:00:00,15.16,60.31,542.31,48
2026-09-03 09:00:00,13.93,47.49,473.42,46
2026-09-03 10:00:00,17.02,55.29,515.04,47
2026-09-03 11:00:00,19.6,49.43,440.91,35
2026-09-03 12:00:00,20.82,45.62,414.49,40
2026-09-03 13:00:00,19.6,61.14,501.68,56
2026-09-03 14:00:00,17.41,48.04,466.97,40
2026-09-03 15:00:00,16.79,47.59,331.39,19
2026-09-03 16:00:00,17.98,51.48,449.86,43
2026-09-03 17:00:00,19.54,47.48,574.72,69
2026-09-03 18:00:00,16.23,53.67,532.25,53
2026-09-03 19:00:00,15.31,55.06,347.4,7
2026-09-03 20:00:00,13.47,56.75,415.01,11
2026-09-03 21:00:00,11.67,56.21,377.94,13
2026-09-03 22:00:00,11.04,53.76,373.7,6
2026-09-03 23:00:00,10.81,60.65,426.39,15
2026-09-04 00:00:00,13.14,55.25,360.01,2
2026-09-04 01:00:00,8.82,56.35,436.24,10
2026-09-04 02:00:00,9.27,65.91,379.47,4
2026-09-04 03:00:00,7.57,59.09,418.74,5
2026-09-04 04:00:00,11.13,62.67,364.88,8
2026-09-04 05:00:00,13.07,61.99,362.71,6
2026-09-04 06:00:00,14.41,61.35,340.31,0
2026-09-04 07:00:00,12.54,59.68,407.63,10
2026-09-04 08:00:00,14.31,54.98,547.18,52
2026-09-04 09:00:00,13.89,54.96,536.97,52
2026-09-04 10:00:00,16.22,52.43,491.86,47
2026-09-04 11:00:00,16.62,42.53,478.43,42
2026-09-04 12:00:00,16.74,56.87,531.44,43
2026-09-04 13:00:00,17.3,54.11,481.81,40
2026-09-04 14:00:00,18.07,56.48,469.25,41
2026-09-04 15:00:00,16.44,52.91,378.15,27
2026-09-04 16:00:00,16.14,57.02,420.79,33
2026-09-04 17:00:00,19.41,44.53,462.24,43
2026-09-04 18:00:00,20.59,44.74,419.59,23
2026-09-04 19:00:00,11.79,44.37,355.21,11
2026-09-04 20:00:00,10.65,56.88,389.84,5
2026-09-04 21:00:00,10.21,53.99,394.03,9
2026-09-04 22:00:00,10.96,52.81,384.73,7
2026-09-04 23:00:00,12.13,58.18,365.61,7
2026-09-05 00:00:00,10.68,55.39,388.18,13
2026-09-05 01:00:00,9.44,51.22,392.27,14
2026-09-05 02:00:00,10.02,70.71,385.68,0
2026-09-05 03:00:00,7.72,59.41,405.8,7
2026-09-05 04:00:00,9.01,53.28,364.68,7
2026-09-05 05:00:00,10.1,54.58,413.07,13
2026-09-05 06:00:00,7.8,58.68,472.95,2
2026-09-05 07:00:00,9.61,57.4,358.03,0
2026-09-05 08:00:00,10.72,64.01,445.92,11
2026-09-05 09:00:00,15.53,53.73,295.54,12
2026-09-05 10:00:00,15.45,63.46,317.82,1
2026-09-05 11:00:00,17.01,50.93,352.5,8
2026-09-05 12:00:00,12.75,58.21,395.45,14
2026-09-05 13:00:00,13.86,60.41,330.12,4
2026-09-05 14:00:00,18.29,58.17,331.82,8
2026-09-05 15:00:00,11.27,63.67,419.53,10
2026-09-05 16:00:00,18.88,50.43,360.11,2
2026-09-05 17:00:00,12.15,56.47,391.62,6
2026-09-05 18:00:00,16.65,40.95,285.88,1
2026-09-05 19:00:00,12.22,55.46,364.14,7
2026-09-05 20:00:00,15.06,59.91,335.14,5
2026-09-05 21:00:00,18.35,56.64,311.72,9
2026-09-05 22:00:00,6.42,60.08,429.0,11
2026-09-05 23:00:00,11.53,65.43,401.5,14
2026-09-06 00:00:00,5.68,59.1,435.12,17
2026-09-06 01:00:00,9.75,54.59,415.92,9
2026-09-06 02:00:00,8.35,56.81,410.11,7
2026-09-06 03:00:00,9.16,52.98,373.09,7
2026-09-06 04:00:00,7.48,62.88,404.75,4
2026-09-06 05:00:00,11.5,58.39,363.8,10
2026-09-06 06:00:00,7.87,62.54,391.37,6
2026-09-06 07:00:00,14.21,52.98,380.17,10
2026-09-06 08:00:00,11.95,56.35,372.36,4
2026-09-06 09:00:00,10.99,46.41,354.89,6
2026-09-06 10:00:00,17.95,54.31,340.53,10
2026-09-06 11:00:00,15.46,54.67,342.22,8
2026-09-06 12:00:00,20.04,45.47,279.06,0
2026-09-06 13:00:00,19.07,51.13,327.04,8
2026-09-06 14:00:00,15.17,53.09,345.11,5
2026-09-06 15:00:00,16.46,62.3,370.74,13
2026-09-06 16:00:00,16.47,48.17,306.0,12
2026-09-06 17:00:00,18.64,53.61,302.19,0
2026-09-06 18:00:00,15.64,48.6,353.23,11
2026-09-06 19:00:00,14.15,52.3,313.4,10
2026-09-06 20:00:00,12.36,57.73,329.33,2
2026-09-06 21:00:00,11.63,55.8,403.97,12
2026-09-06 22:00:00,13.37,55.61,377.65,3
2026-09-06 23:00:00,9.94,59.7,371.53,13
2026-09-07 00:00:00,8.31,56.72,419.05,5
2026-09-07 01:00:00,7.57,64.12,345.44,2
2026-09-07 02:00:00,7.45,58.25,481.84,16
2026-09-07 03:00:00,5.89,60.39,396.45,2
2026-09-07 04:00:00,7.6,61.49,383.65,5
2026-09-07 05:00:00,12.73,57.22,369.04,6
2026-09-07 06:00:00,10.15,61.12,362.35,6
2026-09-07 07:00:00,12.94,57.53,392.62,11
2026-09-07 08:00:00,7.6,62.02,594.62,54
2026-09-07 09:00:00,14.73,53.06,463.04,60
2026-09-07 10:00:00,14.24,49.69,447.02,37
2026-09-07 11:00:00,14.43,47.76,522.4,50
2026-09-07 12:00:00,16.39,45.17,451.03,31
2026-09-07 13:00:00,15.43,63.01,454.1,31
2026-09-07 14:00:00,12.31,45.32,514.87,39
2026-09-07 15:00:00,18.27,58.18,472.73,49
2026-09-07 16:00:00,16.51,49.34,566.64,62
2026-09-07 17:00:00,14.76,60.6,597.34,64
2026-09-07 18:00:00,12.63,45.15,454.11,41
2026-09-07 19:00:00,10.66,56.36,406.6,6
2026-09-07 20:00:00,13.01,63.16,390.77,11
2026-09-07 21:00:00,14.75,58.24,352.58,9
2026-09-07 22:00:00,10.97,55.64,366.38,6
2026-09-07 23:00:00,6.97,50.41,365.08,3
2026-09-08 00:00:00,9.35,51.85,408.86,8
2026-09-08 01:00:00,8.39,66.07,428.68,10
2026-09-08 02:00:00,10.09,56.2,405.09,8
2026-09-08 03:00:00,9.71,57.84,393.65,7
2026-09-08 04:00:00,2.92,64.37,459.68,8
2026-09-08 05:00:00,10.62,51.05,369.87,7
2026-09-08 06:00:00,8.35,61.19,459.84,14
2026-09-08 07:00:00,8.48,56.96,423.2,9
2026-09-08 08:00:00,11.98,58.08,603.98,64
2026-09-08 09:00:00,14.22,52.16,513.4,49
2026-09-08 10:00:00,11.08,49.38,464.0,41
2026-09-08 11:00:00,16.6,51.24,407.54,39
2026-09-08 12:00:00,17.35,56.06,472.73,45
2026-09-08 13:00:00,16.32,55.55,541.73,51
2026-09-08 14:00:00,14.62,54.92,473.53,43
2026-09-08 15:00:00,14.27,59.51,432.04,30
2026-09-08 16:00:00,17.88,51.47,1015.6,38
2026-09-08 17:00:00,12.17,56.77,490.54,45
2026-09-08 18:00:00,16.49,51.06,489.7,52
2026-09-08 19:00:00,13.06,60.64,369.36,6
2026-09-08 20:00:00,12.17,57.94,364.1,8
2026-09-08 21:00:00,7.91,56.68,394.25,8
2026-09-08 22:00:00,10.07,50.51,367.85,7
2026-09-08 23:00:00,10.76,62.99,399.6,9
2026-09-09 00:00:00,6.02,57.07,434.56,8
2026-09-09 01:00:00,9.29,58.86,381.95,15
2026-09-09 02:00:00,8.34,70.93,400.64,9
2026-09-09 03:00:00,7.01,64.1,422.96,9
2026-09-09 04:00:00,10.4,65.77,395.02,5
2026-09-09 05:00:00,4.92,58.86,442.98,10
2026-09-09 06:00:00,10.85,62.76,393.6,4
2026-09-09 07:00:00,14.36,55.08,338.28,13
2026-09-09 08:00:00,15.04,56.3,533.03,51
2026-09-09 09:00:00,13.97,65.32,628.6,61
2026-09-09 10:00:00,13.55,54.12,438.6,27
2026-09-09 11:00:00,13.71,55.5,467.37,34
2026-09-09 12:00:00,15.02,49.97,512.6,46
2026-09-09 13:00:00,17.11,57.47,404.74,29
2026-09-09 14:00:00,14.54,52.02,482.49,47
2026-09-09 15:00:00,17.54,57.84,506.36,51
2026-09-09 16:00:00,19.89,42.83,386.76,32
2026-09-09 17:00:00,14.86,57.34,516.18,46
2026-09-09 18:00:00,11.47,53.75,490.88,33
2026-09-09 19:00:00,10.5,61.3,353.12,9
2026-09-09 20:00:00,13.71,55.33,350.09,4
2026-09-09 21:00:00,11.0,54.62,359.06,4
2026-09-09 22:00:00,11.91,54.73,420.15,10
2026-09-09 23:00:00,8.26,54.97,430.73,7
2026-09-10 00:00:00,10.15,62.08,422.75,10
2026-09-10 01:00:00,7.77,54.32,462.35,14
2026-09-10 02:00:00,6.49,59.12,939.2,6
2026-09-10 03:00:00,7.29,61.62,413.89,6
2026-09-10 04:00:00,6.1,68.8,420.78,7
2026-09-10 05:00:00,13.1,55.78,341.49,8
2026-09-10 06:00:00,9.76,56.95,405.37,10
2026-09-10 07:00:00,12.21,57.82,372.06,8
2026-09-10 08:00:00,10.88,47.02,516.65,44
2026-09-10 09:00:00,10.89,51.39,512.92,42
2026-09-10 10:00:00,13.49,53.68,520.16,47
2026-09-10 11:00:00,16.98,49.55,470.77,38
2026-09-10 12:00:00,14.38,46.93,524.26,56
2026-09-10 13:00:00,14.08,59.44,520.91,56
2026-09-10 14:00:00,16.26,54.91,465.43,35
2026-09-10 15:00:00,16.82,53.93,530.73,52
2026-09-10 16:00:00,18.7,48.44,469.07,41
2026-09-10 17:00:00,15.49,54.55,467.32,46
2026-09-10 18:00:00,15.24,56.9,555.31,60
2026-09-10 19:00:00,14.43,53.58,362.79,9
2026-09-10 20:00:00,9.65,60.47,368.1,7
2026-09-10 21:00:00,8.99,54.73,370.17,6
2026-09-10 22:00:00,7.79,60.04,425.07,12
2026-09-10 23:00:00,6.46,66.19,451.37,7
2026-09-11 00:00:00,9.88,64.25,403.2,8
2026-09-11 01:00:00,8.47,65.71,401.12,9
2026-09-11 02:00:00,7.91,60.89,410.93,9
2026-09-11 03:00:00,2.7,63.27,454.57,12
2026-09-11 04:00:00,12.4,54.08,358.67,8
2026-09-11 05:00:00,7.13,50.97,449.79,14
2026-09-11 06:00:00,13.85,48.58,302.06,7
2026-09-11 07:00:00,7.82,58.69,449.23,9
2026-09-11 08:00:00,10.12,57.37,582.69,42
2026-09-11 09:00:00,8.38,66.2,573.33,47
2026-09-11 10:00:00,14.47,61.44,516.35,52
2026-09-11 11:00:00,12.38,52.9,520.37,38
2026-09-11 12:00:00,13.07,59.94,474.87,33
2026-09-11 13:00:00,12.87,53.61,498.54,44
2026-09-11 14:00:00,17.3,56.3,479.07,51
2026-09-11 15:00:00,17.04,57.1,482.64,47
2026-09-11 16:00:00,18.84,58.02,452.55,36
2026-09-11 17:00:00,13.21,53.29,603.55,63
2026-09-11 18:00:00,14.19,60.14,511.77,44
2026-09-11 19:00:00,10.21,48.49,386.42,6
2026-09-11 20:00:00,11.08,63.73,381.55,8
2026-09-11 21:00:00,9.68,58.1,416.56,8
2026-09-11 22:00:00,10.68,57.51,400.18,13
2026-09-11 23:00:00,10.96,47.14,406.68,4
2026-09-12 00:00:00,10.06,56.01,397.26,14
2026-09-12 01:00:00,6.0,67.58,439.62,7
2026-09-12 02:00:00,9.54,56.19,451.73,9
2026-09-12 03:00:00,7.59,63.25,424.87,4
2026-09-12 04:00:00,7.43,59.97,442.15,10
2026-09-12 05:00:00,7.3,65.2,411.82,4
2026-09-12 06:00:00,8.43,60.06,413.94,9
2026-09-12 07:00:00,13.99,50.54,354.55,9
2026-09-12 08:00:00,12.16,56.77,354.88,7
2026-09-12 09:00:00,12.93,63.96,303.34,0
2026-09-12 10:00:00,13.02,58.37,419.12,17
2026-09-12 11:00:00,19.27,50.93,277.55,4
2026-09-12 12:00:00,17.62,63.95,356.85,9
2026-09-12 13:00:00,13.97,61.02,343.68,5
2026-09-12 14:00:00,15.0,58.59,345.77,12
2026-09-12 15:00:00,14.98,56.1,380.11,6
2026-09-12 16:00:00,15.3,57.94,301.69,5
2026-09-12 17:00:00,12.97,59.73,362.89,10
2026-09-12 18:00:00,14.42,43.99,311.14,3
2026-09-12 19:00:00,15.48,56.14,344.16,6
2026-09-12 20:00:00,8.92,57.95,396.75,11
2026-09-12 21:00:00,8.25,56.72,466.0,14
2026-09-12 22:00:00,8.58,58.02,354.1,4
2026-09-12 23:00:00,7.84,51.73,496.99,6
2026-09-13 00:00:00,11.87,47.67,348.32,9
2026-09-13 01:00:00,9.48,64.6,443.78,0
2026-09-13 02:00:00,9.23,60.85,449.9,13
2026-09-13 03:00:00,6.95,48.07,390.13,4
2026-09-13 04:00:00,7.3,57.01,411.85,6
2026-09-13 05:00:00,5.61,65.48,428.22,9
2026-09-13 06:00:00,10.9,55.97,393.04,8
2026-09-13 07:00:00,11.29,63.32,352.52,4
2026-09-13 08:00:00,13.91,60.51,408.38,15
2026-09-13 09:00:00,11.95,49.85,342.8,0
2026-09-13 10:00:00,13.06,55.14,322.97,4
2026-09-13 11:00:00,14.51,52.6,352.51,5
2026-09-13 12:00:00,16.59,46.44,324.39,4
2026-09-13 13:00:00,12.26,49.14,368.79,13
2026-09-13 14:00:00,16.81,49.2,293.64,1
2026-09-13 15:00:00,15.16,51.18,383.38,14
2026-09-13 16:00:00,12.69,57.54,393.35,7
2026-09-13 17:00:00,10.0,63.22,371.25,3
2026-09-13 18:00:00,13.07,58.42,359.47,0
2026-09-13 19:00:00,15.27,58.06,376.02,7
2026-09-13 20:00:00,14.69,53.38,372.54,5
2026-09-13 21:00:00,11.02,60.3,400.33,9
2026-09-13 22:00:00,13.26,54.97,334.11,6
2026-09-13 23:00:00,8.43,56.89,441.69,12
2026-09-14 00:00:00,9.58,67.78,396.54,7
2026-09-14 01:00:00,6.37,48.89,420.05,6
2026-09-14 02:00:00,6.11,51.36,418.09,12
2026-09-14 03:00:00,5.92,62.77,417.54,9
2026-09-14 04:00:00,3.55,61.19,441.42,11
2026-09-14 05:00:00,10.88,50.2,364.37,13
2026-09-14 06:00:00,7.85,54.23,387.21,7
2026-09-14 07:00:00,8.5,54.43,376.36,8
2026-09-14 08:00:00,8.77,63.32,579.79,48
2026-09-14 09:00:00,11.76,62.83,466.41,36
2026-09-14 10:00:00,16.66,61.53,485.89,48
2026-09-14 11:00:00,18.15,44.35,442.32,39
2026-09-14 12:00:00,11.28,50.27,611.19,55
2026-09-14 13:00:00,14.29,47.82,482.89,46
2026-09-14 14:00:00,13.07,62.3,454.38,37
2026-09-14 15:00:00,16.97,55.2,477.13,52
2026-09-14 16:00:00,15.17,54.78,490.26,49
2026-09-14 17:00:00,12.69,57.27,482.88,40
2026-09-14 18:00:00,13.28,55.42,598.92,52
2026-09-14 19:00:00,11.21,51.54,369.68,0
2026-09-14 20:00:00,14.36,57.51,377.82,15
2026-09-14 21:00:00,11.19,56.23,451.34,14
2026-09-14 22:00:00,10.47,51.67,359.19,6
2026-09-14 23:00:00,2.97,65.79,461.0,12
2026-09-15 00:00:00,7.33,57.74,403.84,9
2026-09-15 01:00:00,11.23,58.28,434.89,15
2026-09-15 02:00:00,9.58,57.67,408.95,12
2026-09-15 03:00:00,3.37,67.1,525.49,17
2026-09-15 04:00:00,6.84,61.31,406.21,2
2026-09-15 05:00:00,5.7,56.59,451.48,9
2026-09-15 06:00:00,12.35,57.96,300.58,1
2026-09-15 07:00:00,10.38,59.51,339.77,6
2026-09-15 08:00:00,9.39,60.98,495.87,42
2026-09-15 09:00:00,12.03,61.76,533.98,49
2026-09-15 10:00:00,7.71,56.52,520.34,45
2026-09-15 11:00:00,11.59,60.23,581.52,50
2026-09-15 12:00:00,14.47,46.25,494.43,46
2026-09-15 13:00:00,16.48,52.86,479.12,40
2026-09-15 14:00:00,11.05,55.89,481.84,36
2026-09-15 15:00:00,14.03,62.42,595.93,61
2026-09-15 16:00:00,16.41,52.73,453.3,49
2026-09-15 17:00:00,10.85,60.44,567.52,53
2026-09-15 18:00:00,13.39,46.82,532.84,49
2026-09-15 19:00:00,12.1,54.77,377.77,6
2026-09-15 20:00:00,14.36,50.72,341.68,7
2026-09-15 21:00:00,9.43,70.77,372.78,10
2026-09-15 22:00:00,8.59,55.66,441.28,12
2026-09-15 23:00:00,9.81,58.5,365.35,3
2026-09-16 00:00:00,4.61,62.41,418.73,5
2026-09-16 01:00:00,6.42,52.56,484.24,11
2026-09-16 02:00:00,5.81,58.3,437.99,10
2026-09-16 03:00:00,6.58,62.42,431.82,13
2026-09-16 04:00:00,8.96,59.16,408.06,13
2026-09-16 05:00:00,9.0,47.2,446.5,18
2026-09-16 06:00:00,7.23,57.11,388.68,7
2026-09-16 07:00:00,9.96,63.13,434.87,14
2026-09-16 08:00:00,13.7,58.35,567.25,52
2026-09-16 09:00:00,10.1,64.02,545.27,46
2026-09-16 10:00:00,13.01,50.96,525.02,42
2026-09-16 11:00:00,13.16,62.19,451.84,29
2026-09-16 12:00:00,14.06,54.94,530.29,56
2026-09-16 13:00:00,11.32,65.03,514.29,50
2026-09-16 14:00:00,17.54,52.74,482.2,45
2026-09-16 15:00:00,13.04,45.64,425.51,23
2026-09-16 16:00:00,16.24,57.88,495.29,40
2026-09-16 17:00:00,12.31,54.17,558.34,49
2026-09-16 18:00:00,11.47,55.09,576.84,45
2026-09-16 19:00:00,14.18,47.81,360.89,14
2026-09-16 20:00:00,12.71,64.21,380.34,7
2026-09-16 21:00:00,10.1,55.32,367.76,7
2026-09-16 22:00:00,10.24,65.7,417.23,7
2026-09-16 23:00:00,7.32,57.72,385.58,7
2026-09-17 00:00:00,7.04,55.44,444.69,10
2026-09-17 01:00:00,5.33,67.87,412.93,6
2026-09-17 02:00:00,8.32,58.81,403.05,2
2026-09-17 03:00:00,5.27,61.0,458.55,7
2026-09-17 04:00:00,10.02,51.58,355.53,10
2026-09-17 05:00:00,7.06,57.77,359.65,2
2026-09-17 06:00:00,8.56,61.15,421.65,10
2026-09-17 07:00:00,11.0,50.81,400.76,13
2026-09-17 08:00:00,10.56,54.91,543.68,49
2026-09-17 09:00:00,10.96,55.23,622.92,71
2026-09-17 10:00:00,12.46,56.61,461.43,36
2026-09-17 11:00:00,15.13,61.81,639.7,77
2026-09-17 12:00:00,12.65,54.64,442.09,32
2026-09-17 13:00:00,14.13,51.66,526.89,49
2026-09-17 14:00:00,14.54,68.56,450.4,33
2026-09-17 15:00:00,16.11,51.56,488.06,48
2026-09-17 16:00:00,13.78,54.4,576.95,55
2026-09-17 17:00:00,16.96,51.34,504.55,45
2026-09-17 18:00:00,12.2,55.07,534.43,55
2026-09-17 19:00:00,11.08,57.64,366.74,9
2026-09-17 20:00:00,10.17,62.48,417.23,9
2026-09-17 21:00:00,6.85,62.23,406.44,13
2026-09-17 22:00:00,6.44,65.88,450.21,5
2026-09-17 23:00:00,6.63,65.58,432.52,9
2026-09-18 00:00:00,9.12,59.66,818.84,8
2026-09-18 01:00:00,6.38,62.42,401.05,2
2026-09-18 02:00:00,5.34,66.81,490.47,13
2026-09-18 03:00:00,8.9,53.21,357.36,11
2026-09-18 04:00:00,9.95,70.53,429.04,8
2026-09-18 05:00:00,9.99,55.44,416.1,7
2026-09-18 06:00:00,6.6,58.62,412.05,8
2026-09-18 07:00:00,8.28,53.14,411.77,11
2026-09-18 08:00:00,13.94,49.33,515.69,48
2026-09-18 09:00:00,11.83,61.59,530.98,41
2026-09-18 10:00:00,11.77,68.11,497.42,40
2026-09-18 11:00:00,14.57,51.96,533.49,54
2026-09-18 12:00:00,15.79,55.68,477.44,42
2026-09-18 13:00:00,13.03,56.98,546.95,49
2026-09-18 14:00:00,14.75,59.68,532.14,35
2026-09-18 15:00:00,16.03,64.87,534.15,59
2026-09-18 16:00:00,11.45,64.59,523.12,42
2026-09-18 17:00:00,13.16,54.59,536.87,56
2026-09-18 18:00:00,10.08,60.59,501.45,38
2026-09-18 19:00:00,9.38,61.58,386.95,11
2026-09-18 20:00:00,9.18,58.47,377.38,12
2026-09-18 21:00:00,10.23,52.36,414.42,8
2026-09-18 22:00:00,7.67,55.64,422.61,9
2026-09-18 23:00:00,6.18,66.41,427.78,7
2026-09-19 00:00:00,6.74,66.54,423.53,13
2026-09-19 01:00:00,3.95,61.2,461.83,13
2026-09-19 02:00:00,6.96,61.43,415.54,14
2026-09-19 03:00:00,8.5,65.03,413.58,9
2026-09-19 04:00:00,6.48,51.94,458.74,17
2026-09-19 05:00:00,6.87,57.96,402.63,8
2026-09-19 06:00:00,8.85,68.89,424.14,16
2026-09-19 07:00:00,5.01,62.99,416.58,6
2026-09-19 08:00:00,11.18,51.53,377.42,3
2026-09-19 09:00:00,17.34,53.45,367.5,16
2026-09-19 10:00:00,11.86,61.81,350.97,11
2026-09-19 11:00:00,12.69,43.38,385.55,10
2026-09-19 12:00:00,15.05,55.34,357.65,7
2026-09-19 13:00:00,17.26,51.06,319.94,5
2026-09-19 14:00:00,16.05,45.55,363.15,5
2026-09-19 15:00:00,9.66,58.65,398.49,9
2026-09-19 16:00:00,14.69,54.03,360.04,7
2026-09-19 17:00:00,18.08,52.23,305.07,0
2026-09-19 18:00:00,13.35,53.91,411.38,15
2026-09-19 19:00:00,8.83,53.71,386.05,6
2026-09-19 20:00:00,10.67,50.26,384.57,13
2026-09-19 21:00:00,6.51,56.99,432.58,5
2026-09-19 22:00:00,10.57,61.9,416.48,9
2026-09-19 23:00:00,5.36,62.41,480.45,12
2026-09-20 00:00:00,6.58,60.05,445.13,11
2026-09-20 01:00:00,4.32,56.78,391.38,7
2026-09-20 02:00:00,4.8,59.77,447.63,10
2026-09-20 03:00:00,9.01,62.38,415.52,11
2026-09-20 04:00:00,6.64,62.88,451.55,7
2026-09-20 05:00:00,5.95,58.45,433.8,4
2026-09-20 06:00:00,5.61,48.02,424.89,6
2026-09-20 07:00:00,5.12,58.04,373.6,6
2026-09-20 08:00:00,7.39,57.41,392.57,8
2026-09-20 09:00:00,11.16,52.66,395.25,14
2026-09-20 10:00:00,13.86,53.23,363.72,12
2026-09-20 11:00:00,11.6,60.96,373.05,5
2026-09-20 12:00:00,16.5,53.26,402.98,15
2026-09-20 13:00:00,12.33,61.32,394.67,8
2026-09-20 14:00:00,13.42,48.06,344.87,11
2026-09-20 15:00:00,11.6,55.35,341.73,4
2026-09-20 16:00:00,15.34,44.57,308.7,6
2026-09-20 17:00:00,16.92,51.02,345.14,12
2026-09-20 18:00:00,8.37,53.91,408.22,4
2026-09-20 19:00:00,10.24,64.24,420.46,8
2026-09-20 20:00:00,12.43,58.35,371.4,10
2026-09-20 21:00:00,5.97,65.9,413.86,4
2026-09-20 22:00:00,9.03,56.53,412.4,1
2026-09-20 23:00:00,9.51,53.24,369.9,12
2026-09-21 00:00:00,6.38,55.27,480.92,19
2026-09-21 01:00:00,6.93,61.48,440.36,10
2026-09-21 02:00:00,9.21,67.6,409.38,11
2026-09-21 03:00:00,9.72,60.26,381.81,4
2026-09-21 04:00:00,6.1,58.85,458.29,14
2026-09-21 05:00:00,5.8,60.0,414.23,6
2026-09-21 06:00:00,5.85,60.75,430.48,13
2026-09-21 07:00:00,10.61,67.71,387.19,10
2026-09-21 08:00:00,6.95,66.31,600.08,41
2026-09-21 09:00:00,10.22,59.15,551.87,51
2026-09-21 10:00:00,11.9,57.22,566.82,54
2026-09-21 11:00:00,11.51,58.44,511.0,36
2026-09-21 12:00:00,13.71,57.87,558.51,58
2026-09-21 13:00:00,18.68,49.86,515.92,55
2026-09-21 14:00:00,13.45,51.37,490.41,38
2026-09-21 15:00:00,12.68,61.28,537.36,54
2026-09-21 16:00:00,15.18,54.48,490.22,53
2026-09-21 17:00:00,13.0,60.65,534.31,54
2026-09-21 18:00:00,14.57,63.03,614.13,61
2026-09-21 19:00:00,11.05,59.86,384.47,11
2026-09-21 20:00:00,9.19,60.36,383.21,3
2026-09-21 21:00:00,5.09,77.44,425.79,11
2026-09-21 22:00:00,4.45,62.92,476.48,9
2026-09-21 23:00:00,3.19,57.31,450.19,11
2026-09-22 00:00:00,6.78,58.85,407.65,8
2026-09-22 01:00:00,2.9,70.73,463.51,10
2026-09-22 02:00:00,7.99,52.93,437.92,1
2026-09-22 03:00:00,5.68,57.26,423.08,4
2026-09-22 04:00:00,5.53,66.66,443.0,11
2026-09-22 05:00:00,4.97,60.16,404.26,18
2026-09-22 06:00:00,8.73,58.34,442.55,9
2026-09-22 07:00:00,6.84,65.58,395.29,5
2026-09-22 08:00:00,7.51,56.16,560.88,51
2026-09-22 09:00:00,12.9,48.63,459.97,37
2026-09-22 10:00:00,12.19,49.52,485.66,28
2026-09-22 11:00:00,11.84,59.62,540.57,49
2026-09-22 12:00:00,14.23,56.33,464.56,44
2026-09-22 13:00:00,13.37,52.18,559.87,59
2026-09-22 14:00:00,14.25,49.23,485.87,47
2026-09-22 15:00:00,11.71,55.45,564.78,53
2026-09-22 16:00:00,17.09,58.62,494.88,50
2026-09-22 17:00:00,11.15,53.01,528.79,55
2026-09-22 18:00:00,14.6,51.47,460.89,36
2026-09-22 19:00:00,10.14,51.95,390.76,9
2026-09-22 20:00:00,11.1,55.39,355.68,9
2026-09-22 21:00:00,9.92,59.75,362.24,12
2026-09-22 22:00:00,9.78,68.73,419.78,10
2026-09-22 23:00:00,4.97,62.61,435.56,10
2026-09-23 00:00:00,7.96,59.16,418.3,12
2026-09-23 01:00:00,9.11,62.94,400.5,3
2026-09-23 02:00:00,4.76,65.15,379.53,5
2026-09-23 03:00:00,5.48,58.27,408.1,2
2026-09-23 04:00:00,4.77,73.17,471.75,10
2026-09-23 05:00:00,5.76,60.85,430.68,10
2026-09-23 06:00:00,10.7,58.69,374.11,14
2026-09-23 07:00:00,6.23,63.39,415.95,9
2026-09-23 08:00:00,7.39,61.55,568.18,49
2026-09-23 09:00:00,13.53,63.15,458.1,40
2026-09-23 10:00:00,12.53,53.28,541.8,49
2026-09-23 11:00:00,16.35,57.47,516.55,52
2026-09-23 12:00:00,11.84,57.53,509.37,45
2026-09-23 13:00:00,13.39,60.54,510.21,38
2026-09-23 14:00:00,11.96,55.56,461.58,33
2026-09-23 15:00:00,13.43,53.85,554.07,47
2026-09-23 16:00:00,9.19,62.23,1202.73,30
2026-09-23 17:00:00,13.48,57.36,469.35,40
2026-09-23 18:00:00,11.92,52.55,400.27,21
2026-09-23 19:00:00,10.2,64.59,375.39,2
2026-09-23 20:00:00,8.5,62.71,389.53,10
2026-09-23 21:00:00,6.45,60.11,413.1,5
2026-09-23 22:00:00,8.73,56.55,364.46,1
2026-09-23 23:00:00,4.11,63.95,453.34,13
2026-09-24 00:00:00,6.63,63.66,444.11,13
2026-09-24 01:00:00,9.36,50.48,408.02,6
2026-09-24 02:00:00,8.04,61.25,388.3,6
2026-09-24 03:00:00,2.2,66.72,462.39,7
2026-09-24 04:00:00,4.53,50.06,427.93,5
2026-09-24 05:00:00,7.09,61.02,377.74,5
2026-09-24 06:00:00,6.93,63.62,441.72,10
2026-09-24 07:00:00,5.24,64.24,489.06,16
2026-09-24 08:00:00,9.84,62.12,612.95,56
2026-09-24 09:00:00,10.09,56.3,501.49,43
2026-09-24 10:00:00,14.9,49.37,469.18,45
2026-09-24 11:00:00,11.39,48.03,480.81,35
2026-09-24 12:00:00,14.87,60.05,489.46,42
2026-09-24 13:00:00,10.4,61.23,626.59,67
2026-09-24 14:00:00,11.02,63.13,491.45,36
2026-09-24 15:00:00,14.38,51.31,522.17,49
2026-09-24 16:00:00,14.7,58.73,421.33,40
2026-09-24 17:00:00,9.99,50.5,462.41,23
2026-09-24 18:00:00,11.12,52.87,586.49,51
2026-09-24 19:00:00,7.34,60.49,419.73,12
2026-09-24 20:00:00,8.71,62.22,412.77,8
2026-09-24 21:00:00,9.71,66.6,461.18,12
2026-09-24 22:00:00,6.2,59.46,443.98,13
2026-09-24 23:00:00,5.74,56.65,444.46,11
2026-09-25 00:00:00,3.14,58.21,481.61,5
2026-09-25 01:00:00,3.71,58.97,487.71,6
2026-09-25 02:00:00,8.38,70.24,400.65,11
2026-09-25 03:00:00,5.15,65.18,440.97,12
2026-09-25 04:00:00,3.4,68.18,478.25,9
2026-09-25 05:00:00,5.41,60.02,438.19,7
2026-09-25 06:00:00,3.67,62.42,467.29,9
2026-09-25 07:00:00,5.8,64.43,361.14,7
2026-09-25 08:00:00,11.59,54.36,506.89,53
2026-09-25 09:00:00,9.62,56.81,607.69,50
2026-09-25 10:00:00,14.65,51.37,560.93,56
2026-09-25 11:00:00,11.5,54.71,499.1,36
2026-09-25 12:00:00,12.26,56.66,423.33,28
2026-09-25 13:00:00,14.01,51.08,473.32,40
2026-09-25 14:00:00,7.52,61.17,628.1,58
2026-09-25 15:00:00,13.14,57.23,453.65,38
2026-09-25 16:00:00,12.23,55.54,521.57,50
2026-09-25 17:00:00,14.67,50.6,529.47,51
2026-09-25 18:00:00,12.79,56.57,541.41,47
2026-09-25 19:00:00,7.63,57.13,390.47,6
2026-09-25 20:00:00,11.35,57.29,425.16,13
2026-09-25 21:00:00,7.31,65.38,441.35,7
2026-09-25 22:00:00,5.06,55.2,395.3,11
2026-09-25 23:00:00,6.43,71.37,463.43,6
2026-09-26 00:00:00,4.79,61.28,466.59,8
2026-09-26 01:00:00,7.87,61.55,432.91,12
2026-09-26 02:00:00,5.34,57.5,412.05,5
2026-09-26 03:00:00,5.21,67.07,466.17,10
2026-09-26 04:00:00,7.0,59.47,398.94,0
2026-09-26 05:00:00,8.02,57.42,421.25,13
2026-09-26 06:00:00,8.23,56.36,436.53,6
2026-09-26 07:00:00,10.46,56.33,333.37,8
2026-09-26 08:00:00,9.88,60.18,376.93,8
2026-09-26 09:00:00,10.03,58.84,388.43,4
2026-09-26 10:00:00,13.14,55.6,347.25,4
2026-09-26 11:00:00,11.31,53.53,404.2,10
2026-09-26 12:00:00,12.19,52.62,344.8,10
2026-09-26 13:00:00,15.97,51.52,318.95,4
2026-09-26 14:00:00,15.9,56.17,381.12,10
2026-09-26 15:00:00,12.51,59.56,345.17,10
2026-09-26 16:00:00,11.22,61.13,373.11,6
2026-09-26 17:00:00,14.41,54.9,320.64,3
2026-09-26 18:00:00,12.26,58.34,383.06,8
2026-09-26 19:00:00,10.33,56.93,404.6,9
2026-09-26 20:00:00,8.02,50.68,403.9,8
2026-09-26 21:00:00,8.29,58.12,389.46,6
2026-09-26 22:00:00,6.62,58.49,428.91,10
2026-09-26 23:00:00,4.5,56.65,451.43,13
2026-09-27 00:00:00,5.25,58.49,417.66,5
2026-09-27 01:00:00,5.12,62.09,466.35,7
2026-09-27 02:00:00,3.7,56.74,455.59,19
2026-09-27 03:00:00,6.4,56.97,433.58,9
2026-09-27 04:00:00,7.57,67.44,375.58,3
2026-09-27 05:00:00,7.57,51.69,448.05,6
2026-09-27 06:00:00,5.9,59.95,416.86,5
2026-09-27 07:00:00,8.93,52.92,371.27,10
2026-09-27 08:00:00,8.61,55.21,400.41,9
2026-09-27 09:00:00,7.02,59.1,370.47,5
2026-09-27 10:00:00,11.8,51.8,386.91,15
2026-09-27 11:00:00,11.58,59.77,397.96,8
2026-09-27 12:00:00,17.11,59.78,363.71,6
2026-09-27 13:00:00,15.23,58.55,358.45,3
2026-09-27 14:00:00,13.88,60.41,346.37,4
2026-09-27 15:00:00,12.82,49.13,357.08,3
2026-09-27 16:00:00,12.25,55.21,389.36,7
2026-09-27 17:00:00,9.28,60.84,442.55,4
2026-09-27 18:00:00,6.98,64.47,419.21,11
2026-09-27 19:00:00,7.75,68.35,447.1,6
2026-09-27 20:00:00,8.36,64.49,396.86,11
2026-09-27 21:00:00,3.21,67.24,491.48,10
2026-09-27 22:00:00,5.37,74.41,437.41,11
2026-09-27 23:00:00,5.13,61.89,431.72,12
2026-09-28 00:00:00,4.36,60.51,464.34,16
2026-09-28 01:00:00,3.06,63.74,419.5,5
2026-09-28 02:00:00,3.57,57.93,467.99,11
2026-09-28 03:00:00,7.83,59.85,448.24,10
2026-09-28 04:00:00,6.11,52.09,383.01,12
2026-09-28 05:00:00,4.3,59.34,436.47,8
2026-09-28 06:00:00,6.11,60.14,416.86,13
2026-09-28 07:00:00,7.16,64.74,422.48,3
2026-09-28 08:00:00,6.71,65.86,543.42,29
2026-09-28 09:00:00,7.75,54.76,586.86,54
2026-09-28 10:00:00,12.27,66.79,441.19,27
2026-09-28 11:00:00,10.24,58.57,469.46,38
2026-09-28 12:00:00,9.53,59.53,541.53,32
2026-09-28 13:00:00,12.03,48.49,514.35,36
2026-09-28 14:00:00,12.49,53.16,475.25,47
2026-09-28 15:00:00,8.17,64.53,626.06,57
2026-09-28 16:00:00,11.63,57.71,436.86,29
2026-09-28 17:00:00,12.81,56.57,481.74,39
2026-09-28 18:00:00,11.15,58.33,430.27,28
2026-09-28 19:00:00,13.75,48.16,307.22,9
2026-09-28 20:00:00,10.75,56.99,413.13,15
2026-09-28 21:00:00,10.11,64.96,457.45,11
2026-09-28 22:00:00,11.85,62.14,369.55,11
2026-09-28 23:00:00,6.94,59.52,446.23,9
2026-09-29 00:00:00,4.91,69.38,477.02,10
2026-09-29 01:00:00,6.13,54.41,435.0,7
2026-09-29 02:00:00,2.93,58.09,500.56,8
2026-09-29 03:00:00,4.4,71.24,502.43,16
2026-09-29 04:00:00,3.29,65.59,496.17,8
2026-09-29 05:00:00,6.01,59.35,375.38,3
2026-09-29 06:00:00,4.74,61.4,466.97,11
2026-09-29 07:00:00,5.64,57.02,478.3,12
2026-09-29 08:00:00,8.87,60.17,556.01,51
2026-09-29 09:00:00,8.81,59.82,507.27,56
2026-09-29 10:00:00,6.19,60.77,581.86,55
2026-09-29 11:00:00,7.96,53.63,534.28,45
2026-09-29 12:00:00,9.22,59.87,607.11,56
2026-09-29 13:00:00,10.14,55.25,482.05,35
2026-09-29 14:00:00,12.88,51.06,583.24,63
2026-09-29 15:00:00,12.35,62.69,469.2,35
2026-09-29 16:00:00,13.64,66.3,433.49,25
2026-09-29 17:00:00,12.38,66.05,580.76,59
2026-09-29 18:00:00,12.19,59.72,480.04,38
2026-09-29 19:00:00,10.3,56.46,395.48,5
2026-09-29 20:00:00,8.47,58.72,457.97,13
2026-09-29 21:00:00,9.21,60.58,340.07,0
2026-09-29 22:00:00,7.89,57.38,422.38,10
2026-09-29 23:00:00,5.97,67.41,376.22,3
2026-09-30 00:00:00,6.92,49.98,359.4,6
2026-09-30 01:00:00,-0.71,64.02,504.98,7
2026-09-30 02:00:00,3.26,66.72,518.03,12
2026-09-30 03:00:00,3.37,58.42,472.84,17
2026-09-30 04:00:00,6.68,59.12,437.18,1
2026-09-30 05:00:00,8.16,62.26,401.49,10
2026-09-30 06:00:00,2.94,70.53,488.26,17
2026-09-30 07:00:00,9.63,51.79,422.92,6
2026-09-30 08:00:00,5.5,54.31,531.97,40
2026-09-30 09:00:00,6.6,55.65,596.37,47
2026-09-30 10:00:00,9.37,50.75,515.37,41
2026-09-30 11:00:00,10.03,50.64,535.71,50
2026-09-30 12:00:00,8.19,54.4,520.04,40
2026-09-30 13:00:00,13.01,62.06,497.02,53
2026-09-30 14:00:00,13.2,54.2,604.01,60
2026-09-30 15:00:00,13.81,55.49,516.63,46
2026-09-30 16:00:00,10.44,52.91,617.84,67
2026-09-30 17:00:00,10.59,60.75,565.64,56
2026-09-30 18:00:00,9.78,67.53,643.09,66
2026-09-30 19:00:00,12.25,51.98,415.52,14
2026-09-30 20:00:00,2.17,72.1,440.41,3
2026-09-30 21:00:00,4.89,63.4,486.01,14
2026-09-30 22:00:00,5.85,60.99,455.74,13
2026-09-30 23:00:00,2.84,65.01,456.53,9
2026-10-01 00:00:00,3.66,64.39,439.05,0
2026-10-01 01:00:00,3.52,71.82,423.62,3
2026-10-01 02:00:00,2.32,65.97,418.76,5
2026-10-01 03:00:00,3.91,64.97,473.1,15
2026-10-01 04:00:00,5.43,59.09,421.59,6
2026-10-01 05:00:00,4.34,66.16,426.29,5
2026-10-01 06:00:00,4.73,56.9,466.41,9
2026-10-01 07:00:00,6.27,61.15,414.7,2
2026-10-01 08:00:00,7.63,74.08,602.47,53
2026-10-01 09:00:00,5.19,48.84,523.6,33
2026-10-01 10:00:00,10.56,58.77,533.26,44
2026-10-01 11:00:00,9.57,59.66,603.2,56
2026-10-01 12:00:00,13.63,54.32,507.8,45
2026-10-01 13:00:00,12.69,55.1,447.59,29
2026-10-01 14:00:00,13.98,55.67,523.01,57
2026-10-01 15:00:00,9.48,57.1,474.25,32
2026-10-01 16:00:00,10.36,58.86,548.27,46
2026-10-01 17:00:00,7.98,56.97,583.72,51
2026-10-01 18:00:00,8.23,69.35,531.31,46
2026-10-01 19:00:00,11.18,55.91,373.93,10
2026-10-01 20:00:00,10.61,60.42,363.4,7
2026-10-01 21:00:00,4.31,58.64,461.77,5
2026-10-01 22:00:00,4.72,66.36,444.93,7
2026-10-01 23:00:00,4.66,65.41,448.96,7
2026-10-02 00:00:00,5.14,63.49,430.8,7
2026-10-02 01:00:00,0.05,59.83,458.99,8
2026-10-02 02:00:00,0.23,61.08,439.32,2
2026-10-02 03:00:00,4.55,70.24,441.65,4
2026-10-02 04:00:00,0.08,61.13,481.11,11
2026-10-02 05:00:00,3.72,65.6,429.33,0
2026-10-02 06:00:00,5.76,56.24,447.63,13
2026-10-02 07:00:00,7.23,64.98,418.56,6
2026-10-02 08:00:00,7.15,56.56,576.33,46
2026-10-02 09:00:00,7.74,54.77,512.31,37
2026-10-02 10:00:00,11.13,53.65,490.92,38
2026-10-02 11:00:00,10.84,54.65,512.19,35
2026-10-02 12:00:00,9.61,60.3,628.97,54
2026-10-02 13:00:00,11.38,57.38,599.43,57
2026-10-02 14:00:00,12.2,50.98,448.47,45
2026-10-02 15:00:00,14.74,54.54,459.32,40
2026-10-02 16:00:00,12.47,50.55,449.79,28
2026-10-02 17:00:00,12.7,59.33,524.26,53
2026-10-02 18:00:00,8.22,63.38,503.28,38
2026-10-02 19:00:00,7.42,59.68,386.07,4
2026-10-02 20:00:00,6.97,61.48,430.7,9
2026-10-02 21:00:00,6.12,69.48,441.48,6
2026-10-02 22:00:00,3.42,61.82,436.24,7
2026-10-02 23:00:00,7.14,55.28,393.99,6
2026-10-03 00:00:00,5.54,64.02,391.74,3
2026-10-03 01:00:00,2.76,57.4,489.66,15
2026-10-03 02:00:00,4.52,60.78,451.96,9
2026-10-03 03:00:00,3.82,59.33,442.52,2
2026-10-03 04:00:00,5.21,57.84,436.73,9
2026-10-03 05:00:00,1.72,62.55,453.84,14
2026-10-03 06:00:00,4.95,66.04,445.89,12
2026-10-03 07:00:00,6.08,66.27,443.46,6
2026-10-03 08:00:00,8.48,63.69,357.78,6
2026-10-03 09:00:00,7.01,61.77,401.87,4
2026-10-03 10:00:00,4.24,60.75,435.96,5
2026-10-03 11:00:00,7.9,47.68,440.45,5
2026-10-03 12:00:00,10.58,59.43,350.4,2
2026-10-03 13:00:00,11.23,45.74,362.63,6
2026-10-03 14:00:00,14.6,45.16,392.99,9
2026-10-03 15:00:00,12.27,55.61,351.03,6
2026-10-03 16:00:00,10.86,58.72,416.41,9
2026-10-03 17:00:00,10.0,55.74,426.36,14
2026-10-03 18:00:00,11.44,64.67,410.02,15
2026-10-03 19:00:00,7.09,62.35,429.35,8
2026-10-03 20:00:00,6.96,58.88,427.86,12
2026-10-03 21:00:00,4.02,69.12,502.89,7
2026-10-03 22:00:00,8.07,67.17,355.7,6
2026-10-03 23:00:00,5.19,63.93,410.67,4
2026-10-04 00:00:00,2.16,59.61,451.5,8
2026-10-04 01:00:00,2.94,60.19,464.61,12
2026-10-04 02:00:00,4.06,54.93,444.12,3
2026-10-04 03:00:00,2.67,62.92,439.2,7
2026-10-04 04:00:00,2.5,58.0,459.31,7
2026-10-04 05:00:00,2.9,61.33,461.61,9
2026-10-04 06:00:00,5.71,62.3,455.3,9
2026-10-04 07:00:00,5.28,51.38,430.0,10
2026-10-04 08:00:00,6.13,54.39,458.89,16
2026-10-04 09:00:00,5.4,58.69,412.74,5
2026-10-04 10:00:00,9.19,58.3,359.66,4
2026-10-04 11:00:00,9.5,55.88,438.62,9
2026-10-04 12:00:00,9.86,56.75,396.73,14
2026-10-04 13:00:00,11.3,53.56,343.11,2
2026-10-04 14:00:00,12.53,48.98,348.81,9
2026-10-04 15:00:00,12.3,53.71,377.38,7
2026-10-04 16:00:00,11.61,55.81,379.52,11
2026-10-04 17:00:00,9.38,56.88,444.37,11
2026-10-04 18:00:00,7.9,60.03,424.93,8
2026-10-04 19:00:00,5.98,62.91,429.34,10
2026-10-04 20:00:00,5.85,64.31,397.38,5
2026-10-04 21:00:00,6.04,57.6,433.8,11
2026-10-04 22:00:00,3.46,54.7,477.24,14
2026-10-04 23:00:00,4.4,68.28,445.88,8
2026-10-05 00:00:00,1.44,65.92,457.17,6
2026-10-05 01:00:00,-0.35,60.47,449.34,7
2026-10-05 02:00:00,4.47,63.26,509.52,11
2026-10-05 03:00:00,2.02,68.92,459.25,8
2026-10-05 04:00:00,1.7,72.46,416.83,3
2026-10-05 05:00:00,1.82,64.98,451.78,12
2026-10-05 06:00:00,5.68,66.32,409.27,4
2026-10-05 07:00:00,8.55,52.97,455.38,10
2026-10-05 08:00:00,6.03,60.6,597.51,52
2026-10-05 09:00:00,7.44,58.12,560.01,47
2026-10-05 10:00:00,10.98,59.03,482.96,27
2026-10-05 11:00:00,6.04,68.83,716.56,73
2026-10-05 12:00:00,14.23,56.29,530.13,47
2026-10-05 13:00:00,15.59,49.4,440.2,32
2026-10-05 14:00:00,5.42,54.89,559.48,48
2026-10-05 15:00:00,10.5,65.88,541.05,49
2026-10-05 16:00:00,8.86,61.37,552.18,55
2026-10-05 17:00:00,9.13,60.85,581.08,54
2026-10-05 18:00:00,8.0,57.68,536.98,43
2026-10-05 19:00:00,9.49,59.69,400.3,12
2026-10-05 20:00:00,6.61,55.44,437.82,11
2026-10-05 21:00:00,3.98,64.15,464.17,17
2026-10-05 22:00:00,4.49,55.98,418.15,6
2026-10-05 23:00:00,5.04,59.68,412.58,6
2026-10-06 00:00:00,0.81,61.22,469.89,9
2026-10-06 01:00:00,-0.52,49.08,472.84,7
2026-10-06 02:00:00,6.62,58.63,376.99,6
2026-10-06 03:00:00,1.49,59.46,473.86,8
2026-10-06 04:00:00,2.9,61.92,470.21,11
2026-10-06 05:00:00,3.01,62.9,430.68,0
2026-10-06 06:00:00,5.73,69.83,430.17,6
2026-10-06 07:00:00,9.15,60.12,387.51,2
2026-10-06 08:00:00,7.8,61.21,540.94,43
2026-10-06 09:00:00,4.64,64.23,600.81,45
2026-10-06 10:00:00,5.87,65.25,614.02,47
2026-10-06 11:00:00,8.67,61.2,504.27,36
2026-10-06 12:00:00,9.56,59.71,561.93,52
2026-10-06 13:00:00,7.06,63.62,573.35,42
2026-10-06 14:00:00,12.28,44.27,519.12,50
2026-10-06 15:00:00,8.33,69.62,544.44,45
2026-10-06 16:00:00,13.09,63.79,554.34,51
2026-10-06 17:00:00,13.11,56.91,487.46,41
2026-10-06 18:00:00,8.14,52.24,549.62,37
2026-10-06 19:00:00,8.55,65.07,383.52,4
2026-10-06 20:00:00,4.17,58.61,395.31,2
2026-10-06 21:00:00,6.85,62.87,409.88,5
2026-10-06 22:00:00,3.64,56.04,438.2,4
2026-10-06 23:00:00,1.63,74.99,461.45,3
2026-10-07 00:00:00,2.4,56.11,442.68,2
2026-10-07 01:00:00,1.64,64.19,446.69,7
2026-10-07 02:00:00,1.79,53.14,494.3,11
2026-10-07 03:00:00,4.48,61.66,386.77,5
2026-10-07 04:00:00,1.4,61.89,451.87,10
2026-10-07 05:00:00,7.08,65.73,417.65,7
2026-10-07 06:00:00,1.79,61.62,453.35,10
2026-10-07 07:00:00,8.64,64.65,388.31,5
2026-10-07 08:00:00,4.41,56.79,580.44,50
2026-10-07 09:00:00,7.47,58.36,583.7,52
2026-10-07 10:00:00,7.46,58.47,565.01,43
2026-10-07 11:00:00,8.58,61.47,515.88,39
2026-10-07 12:00:00,11.51,58.79,533.61,52
2026-10-07 13:00:00,13.3,59.3,565.55,61
2026-10-07 14:00:00,12.82,57.36,589.16,56
2026-10-07 15:00:00,9.49,61.66,638.04,61
2026-10-07 16:00:00,10.27,53.32,529.01,47
2026-10-07 17:00:00,7.7,61.55,535.52,35
2026-10-07 18:00:00,6.46,68.52,541.46,36
2026-10-07 19:00:00,5.18,52.97,463.5,9
2026-10-07 20:00:00,5.56,63.55,457.3,13
2026-10-07 21:00:00,5.9,64.25,432.87,10
2026-10-07 22:00:00,0.62,71.87,498.92,3
2026-10-07 23:00:00,3.52,66.17,430.93,9
2026-10-08 00:00:00,5.81,61.43,445.99,10
2026-10-08 01:00:00,4.62,63.91,494.5,13
2026-10-08 02:00:00,1.07,60.57,480.07,7
2026-10-08 03:00:00,-0.41,63.35,458.62,7
2026-10-08 04:00:00,3.7,55.73,437.85,12
2026-10-08 05:00:00,-1.22,73.29,462.04,9
2026-10-08 06:00:00,6.46,62.73,435.98,2
2026-10-08 07:00:00,4.78,57.07,376.09,1
2026-10-08 08:00:00,9.91,59.42,537.94,39
2026-10-08 09:00:00,3.82,68.12,512.23,32
2026-10-08 10:00:00,10.08,62.91,599.2,43
2026-10-08 11:00:00,8.87,54.15,530.53,49
2026-10-08 12:00:00,9.04,43.0,501.27,36
2026-10-08 13:00:00,7.37,61.82,588.33,43
2026-10-08 14:00:00,11.43,52.56,563.26,59
2026-10-08 15:00:00,11.46,60.09,487.72,31
2026-10-08 16:00:00,13.28,60.46,586.37,64
2026-10-08 17:00:00,11.09,62.81,518.29,38
2026-10-08 18:00:00,7.05,68.79,607.64,47
2026-10-08 19:00:00,5.27,67.49,432.05,9
2026-10-08 20:00:00,3.51,71.29,487.92,7
2026-10-08 21:00:00,8.15,66.19,396.5,1
2026-10-08 22:00:00,2.69,70.45,546.5,17
2026-10-08 23:00:00,6.37,60.33,373.41,1
2026-10-09 00:00:00,3.63,56.01,429.08,9
2026-10-09 01:00:00,2.84,75.42,447.42,5
2026-10-09 02:00:00,1.43,64.31,451.79,12
2026-10-09 03:00:00,3.5,68.69,489.6,11
2026-10-09 04:00:00,2.55,60.46,436.4,4
2026-10-09 05:00:00,2.48,68.08,419.33,5
2026-10-09 06:00:00,5.44,48.97,376.29,2
2026-10-09 07:00:00,4.72,59.64,417.29,9
2026-10-09 08:00:00,4.45,61.39,600.53,42
2026-10-09 09:00:00,8.28,61.52,509.22,30
2026-10-09 10:00:00,7.92,64.82,556.25,44
2026-10-09 11:00:00,9.85,52.63,590.12,60
2026-10-09 12:00:00,8.6,62.28,514.9,36
2026-10-09 13:00:00,7.49,65.89,647.2,54
2026-10-09 14:00:00,13.52,67.27,375.25,10
2026-10-09 15:00:00,13.0,59.43,506.86,37
2026-10-09 16:00:00,11.28,54.81,442.97,26
2026-10-09 17:00:00,8.1,52.97,643.09,57
2026-10-09 18:00:00,7.45,68.93,574.25,54
2026-10-09 19:00:00,9.85,61.79,413.34,7
2026-10-09 20:00:00,5.34,61.15,391.75,3
2026-10-09 21:00:00,3.75,54.28,482.0,5
2026-10-09 22:00:00,7.79,54.89,417.63,6
2026-10-09 23:00:00,3.12,65.97,420.37,10
2026-10-10 00:00:00,5.93,62.62,394.1,5
2026-10-10 01:00:00,-0.81,55.83,487.1,6
2026-10-10 02:00:00,2.89,66.14,488.63,12
2026-10-10 03:00:00,6.13,52.87,405.59,1
2026-10-10 04:00:00,2.45,70.06,470.01,9
2026-10-10 05:00:00,2.5,64.3,455.72,10
2026-10-10 06:00:00,1.52,61.62,497.0,10
2026-10-10 07:00:00,6.98,65.06,392.57,6
2026-10-10 08:00:00,4.31,63.75,426.8,4
2026-10-10 09:00:00,6.7,66.94,434.77,14
2026-10-10 10:00:00,5.38,61.63,401.04,5
2026-10-10 11:00:00,11.79,57.44,348.24,4
2026-10-10 12:00:00,11.63,55.44,359.28,8
2026-10-10 13:00:00,9.65,59.56,398.34,5
2026-10-10 14:00:00,7.54,68.21,400.12,12
2026-10-10 15:00:00,12.79,53.53,373.05,7
2026-10-10 16:00:00,8.58,62.23,410.14,13
2026-10-10 17:00:00,6.47,56.07,427.03,10
2026-10-10 18:00:00,4.33,51.64,422.3,6
2026-10-10 19:00:00,5.6,62.12,436.27,12
2026-10-10 20:00:00,2.94,64.79,474.2,5
2026-10-10 21:00:00,3.57,61.95,432.59,7
2026-10-10 22:00:00,5.34,53.78,452.35,10
2026-10-10 23:00:00,2.27,64.93,481.29,9
2026-10-11 00:00:00,2.91,64.3,436.59,5
2026-10-11 01:00:00,0.35,60.31,415.43,2
2026-10-11 02:00:00,1.79,56.98,434.91,8
2026-10-11 03:00:00,5.64,59.79,449.07,5
2026-10-11 04:00:00,1.5,67.22,480.57,8
2026-10-11 05:00:00,3.6,64.56,445.59,6
2026-10-11 06:00:00,0.53,60.23,444.3,5
2026-10-11 07:00:00,7.66,60.32,451.95,7
2026-10-11 08:00:00,4.71,66.14,418.4,8
2026-10-11 09:00:00,8.8,52.98,412.63,11
2026-10-11 10:00:00,7.41,60.13,434.11,10
2026-10-11 11:00:00,9.71,64.9,401.1,16
2026-10-11 12:00:00,10.47,51.3,366.62,9
2026-10-11 13:00:00,8.62,64.74,386.64,5
2026-10-11 14:00:00,11.84,64.81,401.99,7
2026-10-11 15:00:00,8.01,58.29,406.73,10
2026-10-11 16:00:00,10.68,55.81,365.36,12
2026-10-11 17:00:00,7.71,64.77,399.31,13
2026-10-11 18:00:00,8.36,58.22,370.26,4
2026-10-11 19:00:00,5.77,49.19,402.43,13
2026-10-11 20:00:00,5.76,60.47,446.78,8
2026-10-11 21:00:00,2.47,65.62,464.06,4
2026-10-11 22:00:00,4.15,65.79,442.31,7
2026-10-11 23:00:00,2.92,58.55,462.28,13
2026-10-12 00:00:00,0.92,63.0,494.88,10
2026-10-12 01:00:00,1.49,68.84,467.23,3
2026-10-12 02:00:00,1.74,63.49,418.96,3
2026-10-12 03:00:00,0.37,57.1,427.78,3
2026-10-12 04:00:00,1.75,69.97,473.96,5
2026-10-12 05:00:00,0.63,63.49,479.77,8
2026-10-12 06:00:00,8.16,64.74,409.71,3
2026-10-12 07:00:00,6.55,53.44,387.14,6
2026-10-12 08:00:00,6.01,60.19,597.28,56
2026-10-12 09:00:00,8.85,61.36,524.94,35
2026-10-12 10:00:00,3.51,62.11,581.72,46
2026-10-12 11:00:00,3.18,56.86,569.91,48
2026-10-12 12:00:00,8.13,47.37,497.28,37
2026-10-12 13:00:00,6.57,68.01,611.02,55
2026-10-12 14:00:00,8.99,59.94,608.69,49
2026-10-12 15:00:00,9.74,64.01,516.23,42
2026-10-12 16:00:00,10.77,62.1,630.49,69
2026-10-12 17:00:00,6.02,63.77,668.44,55
2026-10-12 18:00:00,8.27,57.61,459.17,28
2026-10-12 19:00:00,6.53,62.88,434.7,7
2026-10-12 20:00:00,6.16,67.85,391.92,3
2026-10-12 21:00:00,3.39,63.04,475.29,12
2026-10-12 22:00:00,6.23,70.14,513.63,14
2026-10-12 23:00:00,2.43,55.8,470.8,8
2026-10-13 00:00:00,5.36,53.21,434.25,9
2026-10-13 01:00:00,-0.17,70.06,459.43,8
2026-10-13 02:00:00,2.76,58.97,448.28,8
2026-10-13 03:00:00,1.29,74.31,478.85,12
2026-10-13 04:00:00,1.16,70.88,408.93,1
2026-10-13 05:00:00,3.71,70.34,407.12,10
2026-10-13 06:00:00,2.68,67.55,438.04,8
2026-10-13 07:00:00,-1.08,61.15,471.37,5
2026-10-13 08:00:00,-0.85,57.3,713.91,60
2026-10-13 09:00:00,8.86,66.28,522.47,41
2026-10-13 10:00:00,9.74,50.69,609.68,62
2026-10-13 11:00:00,11.88,64.61,498.39,48
2026-10-13 12:00:00,8.71,62.25,527.78,43
2026-10-13 13:00:00,6.56,60.03,435.7,27
2026-10-13 14:00:00,8.44,61.3,696.19,66
2026-10-13 15:00:00,9.16,60.91,554.13,45
2026-10-13 16:00:00,6.73,59.28,480.94,22
2026-10-13 17:00:00,11.4,64.15,586.99,55
2026-10-13 18:00:00,11.76,63.73,592.24,44
2026-10-13 19:00:00,7.27,60.69,412.68,10
2026-10-13 20:00:00,5.26,58.32,404.49,8
2026-10-13 21:00:00,1.65,70.37,529.13,11
2026-10-13 22:00:00,6.37,50.43,399.39,12
2026-10-13 23:00:00,2.6,65.4,466.18,2
2026-10-14 00:00:00,1.05,67.97,486.7,12
2026-10-14 01:00:00,2.19,59.33,462.73,7
2026-10-14 02:00:00,-0.08,69.93,459.9,11
2026-10-14 03:00:00,1.52,63.81,537.64,10
2026-10-14 04:00:00,-1.26,63.15,506.72,15
2026-10-14 05:00:00,4.43,66.71,426.47,8
2026-10-14 06:00:00,2.88,57.56,456.27,6
2026-10-14 07:00:00,6.37,64.89,402.62,6
2026-10-14 08:00:00,4.69,51.81,666.94,65
2026-10-14 09:00:00,5.85,62.33,517.02,38
2026-10-14 10:00:00,4.66,61.96,600.64,48
2026-10-14 11:00:00,9.44,55.7,537.6,47
2026-10-14 12:00:00,6.8,62.19,553.18,46
2026-10-14 13:00:00,7.98,59.02,516.48,41
2026-10-14 14:00:00,9.09,63.91,584.21,47
2026-10-14 15:00:00,9.19,61.37,611.07,63
2026-10-14 16:00:00,5.14,63.67,670.46,68
2026-10-14 17:00:00,7.45,61.24,567.03,43
2026-10-14 18:00:00,8.68,56.56,560.35,41
2026-10-14 19:00:00,5.37,59.73,414.84,10
2026-10-14 20:00:00,4.64,62.99,434.09,5
2026-10-14 21:00:00,4.38,61.07,413.12,7
2026-10-14 22:00:00,2.84,68.57,474.45,13
2026-10-14 23:00:00,0.2,65.33,505.59,9
2026-10-15 00:00:00,1.36,65.93,403.57,7
2026-10-15 01:00:00,3.02,55.87,420.7,7
2026-10-15 02:00:00,-1.2,70.56,514.7,15
2026-10-15 03:00:00,0.29,61.89,489.21,10
2026-10-15 04:00:00,-1.33,60.72,501.55,4
2026-10-15 05:00:00,3.95,70.46,400.49,6
2026-10-15 06:00:00,2.72,66.59,473.89,3
2026-10-15 07:00:00,2.16,68.37,469.17,6
2026-10-15 08:00:00,5.08,63.71,641.07,61
2026-10-15 09:00:00,3.53,62.06,568.56,47
2026-10-15 10:00:00,4.83,60.22,605.28,54
2026-10-15 11:00:00,4.81,65.53,634.64,50
2026-10-15 12:00:00,6.23,66.3,564.85,42
2026-10-15 13:00:00,11.48,56.62,514.74,43
2026-10-15 14:00:00,7.43,70.16,530.66,41
2026-10-15 15:00:00,9.7,57.23,571.2,48
2026-10-15 16:00:00,6.69,53.35,541.17,40
2026-10-15 17:00:00,9.25,49.92,551.48,49
2026-10-15 18:00:00,4.85,53.17,591.45,49
2026-10-15 19:00:00,6.01,58.72,376.74,0
2026-10-15 20:00:00,5.01,60.34,411.09,7
2026-10-15 21:00:00,8.52,62.45,382.62,11
2026-10-15 22:00:00,4.16,61.94,394.78,0
2026-10-15 23:00:00,0.89,68.6,429.82,8
2026-10-16 00:00:00,2.62,63.39,443.96,2
2026-10-16 01:00:00,5.13,61.48,387.96,1
2026-10-16 02:00:00,-2.55,63.89,470.62,4
2026-10-16 03:00:00,-0.83,72.7,486.97,7
2026-10-16 04:00:00,0.78,56.8,433.88,5
2026-10-16 05:00:00,1.05,65.77,458.55,12
2026-10-16 06:00:00,2.05,62.66,466.6,8
2026-10-16 07:00:00,1.07,68.16,511.37,6
2026-10-16 08:00:00,7.52,59.63,563.2,40
2026-10-16 09:00:00,2.9,63.01,701.1,62
2026-10-16 10:00:00,6.31,59.25,492.36,33
2026-10-16 11:00:00,9.63,65.22,551.36,47
2026-10-16 12:00:00,8.12,59.33,507.88,34
2026-10-16 13:00:00,6.62,70.22,716.96,71
2026-10-16 14:00:00,6.02,62.15,588.54,43
2026-10-16 15:00:00,8.12,59.43,585.64,53
2026-10-16 16:00:00,6.66,59.61,529.19,50
2026-10-16 17:00:00,7.95,62.25,530.19,45
2026-10-16 18:00:00,3.91,59.32,626.7,50
2026-10-16 19:00:00,7.38,60.57,402.8,7
2026-10-16 20:00:00,4.94,61.58,449.27,12
2026-10-16 21:00:00,4.06,63.79,460.57,8
2026-10-16 22:00:00,5.6,62.83,480.4,13
2026-10-16 23:00:00,1.01,66.3,439.97,5
2026-10-17 00:00:00,-0.39,65.75,464.48,0
2026-10-17 01:00:00,-0.43,73.15,569.93,18
2026-10-17 02:00:00,0.14,67.01,517.59,9
2026-10-17 03:00:00,0.48,77.69,483.47,11
2026-10-17 04:00:00,-0.6,65.67,478.08,5
2026-10-17 05:00:00,-2.35,71.44,498.88,3
2026-10-17 06:00:00,1.41,60.38,466.03,9
2026-10-17 07:00:00,4.21,69.05,409.44,0
2026-10-17 08:00:00,4.8,58.12,386.55,7
2026-10-17 09:00:00,7.96,61.7,406.39,12
2026-10-17 10:00:00,10.44,56.37,377.37,10
2026-10-17 11:00:00,8.88,61.05,376.37,9
2026-10-17 12:00:00,10.76,56.3,415.61,15
2026-10-17 13:00:00,9.93,54.11,417.54,10
2026-10-17 14:00:00,11.95,55.28,333.68,0
2026-10-17 15:00:00,12.09,64.24,323.16,7
2026-10-17 16:00:00,9.9,60.41,423.01,16
2026-10-17 17:00:00,8.77,52.42,399.67,7
2026-10-17 18:00:00,6.12,66.19,464.99,15
2026-10-17 19:00:00,5.48,56.71,425.86,12
2026-10-17 20:00:00,3.85,66.02,411.33,6
2026-10-17 21:00:00,4.74,64.45,444.54,4
2026-10-17 22:00:00,1.09,67.32,485.38,9
2026-10-17 23:00:00,1.32,73.34,477.42,13
2026-10-18 00:00:00,-3.83,63.54,444.67,2
2026-10-18 01:00:00,3.93,65.3,454.31,8
2026-10-18 02:00:00,-0.09,71.36,429.41,0
2026-10-18 03:00:00,1.39,60.81,467.63,7
2026-10-18 04:00:00,3.8,58.61,419.98,1
2026-10-18 05:00:00,2.12,62.08,519.64,10
2026-10-18 06:00:00,5.23,62.96,421.52,5
2026-10-18 07:00:00,0.83,57.37,533.82,13
2026-10-18 08:00:00,9.14,61.36,395.36,6
2026-10-18 09:00:00,7.56,52.67,380.91,5
2026-10-18 10:00:00,6.76,66.73,373.04,2
2026-10-18 11:00:00,10.02,60.55,378.57,10
2026-10-18 12:00:00,5.47,70.73,457.4,10
2026-10-18 13:00:00,7.63,63.0,433.61,12
2026-10-18 14:00:00,11.23,55.61,345.13,11
2026-10-18 15:00:00,4.48,57.87,468.42,10
2026-10-18 16:00:00,8.93,59.94,448.96,10
2026-10-18 17:00:00,8.24,59.08,372.28,11
2026-10-18 18:00:00,10.28,63.73,434.53,12
2026-10-18 19:00:00,2.22,58.81,472.96,2
2026-10-18 20:00:00,7.57,69.81,369.03,6
2026-10-18 21:00:00,2.19,69.84,426.69,2
2026-10-18 22:00:00,1.45,62.97,448.83,9
2026-10-18 23:00:00,-0.93,74.64,543.55,15
2026-10-19 00:00:00,-1.48,62.12,491.47,12
2026-10-19 01:00:00,1.11,65.25,448.26,6
2026-10-19 02:00:00,-2.06,60.06,509.15,10
2026-10-19 03:00:00,1.78,72.99,514.71,9
2026-10-19 04:00:00,-0.63,57.2,478.95,9
2026-10-19 05:00:00,-1.09,58.56,448.94,3
2026-10-19 06:00:00,1.11,61.05,479.9,13
2026-10-19 07:00:00,3.8,68.95,448.34,3
2026-10-19 08:00:00,3.61,67.25,633.27,62
2026-10-19 09:00:00,5.27,61.92,614.95,53
2026-10-19 10:00:00,7.56,64.8,585.73,56
2026-10-19 11:00:00,9.16,58.01,524.91,47
2026-10-19 12:00:00,7.01,62.21,464.04,31
2026-10-19 13:00:00,5.94,69.1,572.27,46
2026-10-19 14:00:00,8.32,57.95,520.24,30
2026-10-19 15:00:00,8.97,54.89,506.26,47
2026-10-19 16:00:00,4.71,64.06,627.29,52
2026-10-19 17:00:00,5.21,65.05,611.14,56
2026-10-19 18:00:00,4.73,62.24,555.7,44
2026-10-19 19:00:00,4.78,66.67,465.63,12
2026-10-19 20:00:00,2.64,62.14,504.04,12
2026-10-19 21:00:00,4.54,62.46,482.47,9
2026-10-19 22:00:00,-1.05,67.6,500.81,9
2026-10-19 23:00:00,-1.82,67.71,478.36,4
2026-10-20 00:00:00,-0.15,73.17,463.5,0
2026-10-20 01:00:00,-0.23,67.01,539.39,7
2026-10-20 02:00:00,-2.92,65.53,464.14,0
2026-10-20 03:00:00,-1.09,68.4,520.78,9
2026-10-20 04:00:00,-0.28,70.24,490.5,13
2026-10-20 05:00:00,0.37,68.61,447.31,6
2026-10-20 06:00:00,2.29,66.99,496.57,6
2026-10-20 07:00:00,1.63,56.37,442.06,4
2026-10-20 08:00:00,6.94,47.68,583.1,50
2026-10-20 09:00:00,6.0,67.18,1539.4,53
2026-10-20 10:00:00,4.37,64.13,654.01,66
2026-10-20 11:00:00,7.0,59.99,581.64,52
2026-10-20 12:00:00,7.7,63.08,498.47,33
2026-10-20 13:00:00,10.28,67.44,635.62,65
2026-10-20 14:00:00,6.78,67.32,624.95,56
2026-10-20 15:00:00,9.38,63.24,454.3,25
2026-10-20 16:00:00,7.53,55.29,567.45,35
2026-10-20 17:00:00,9.8,54.36,518.77,40
2026-10-20 18:00:00,8.57,47.07,579.22,53
2026-10-20 19:00:00,5.41,64.38,483.8,12
2026-10-20 20:00:00,3.46,68.12,412.23,3
2026-10-20 21:00:00,3.96,68.18,441.68,9
2026-10-20 22:00:00,1.62,67.24,491.71,12
2026-10-20 23:00:00,4.52,61.07,396.22,7
2026-10-21 00:00:00,0.5,61.83,462.14,7
2026-10-21 01:00:00,-0.87,61.48,544.53,11
2026-10-21 02:00:00,-1.11,64.96,544.18,11
2026-10-21 03:00:00,-2.48,61.85,524.63,10
2026-10-21 04:00:00,1.46,72.76,506.19,9
2026-10-21 05:00:00,-0.66,58.95,497.0,10
2026-10-21 06:00:00,4.0,61.21,427.71,7
2026-10-21 07:00:00,0.19,55.19,491.87,4
2026-10-21 08:00:00,4.06,63.64,607.58,55
2026-10-21 09:00:00,7.14,59.99,593.16,46
2026-10-21 10:00:00,1.5,62.16,609.38,48
2026-10-21 11:00:00,10.67,52.87,503.61,41
2026-10-21 12:00:00,6.42,60.52,614.24,52
2026-10-21 13:00:00,7.95,56.71,658.22,58
2026-10-21 14:00:00,8.95,58.05,568.26,41
2026-10-21 15:00:00,9.12,68.4,594.65,53
2026-10-21 16:00:00,7.82,60.39,592.21,53
2026-10-21 17:00:00,8.63,61.62,590.51,49
2026-10-21 18:00:00,6.85,57.89,666.76,62
2026-10-21 19:00:00,8.36,55.22,347.3,5
2026-10-21 20:00:00,4.85,61.49,401.2,0
2026-10-21 21:00:00,6.7,72.83,431.96,15
2026-10-21 22:00:00,3.61,61.04,434.49,7
2026-10-21 23:00:00,-2.63,68.65,487.17,12
2026-10-22 00:00:00,5.39,57.09,372.82,5
2026-10-22 01:00:00,-1.38,52.19,432.9,5
2026-10-22 02:00:00,2.62,59.22,429.81,6
2026-10-22 03:00:00,-0.18,77.03,507.76,9
2026-10-22 04:00:00,2.29,66.37,443.26,9
2026-10-22 05:00:00,-0.57,73.61,475.8,10
2026-10-22 06:00:00,2.88,61.24,453.88,6
2026-10-22 07:00:00,2.09,51.75,458.5,8
2026-10-22 08:00:00,6.79,54.7,610.2,46
2026-10-22 09:00:00,5.54,63.1,571.49,37
2026-10-22 10:00:00,7.5,60.94,520.54,41
2026-10-22 11:00:00,2.13,63.46,618.06,52
2026-10-22 12:00:00,6.92,57.5,565.37,41
2026-10-22 13:00:00,8.32,63.88,553.73,49
2026-10-22 14:00:00,8.08,56.84,547.27,45
2026-10-22 15:00:00,9.42,59.95,461.58,34
2026-10-22 16:00:00,6.36,61.52,604.49,61
2026-10-22 17:00:00,6.56,58.57,623.64,51
2026-10-22 18:00:00,7.99,55.0,571.45,48
2026-10-22 19:00:00,0.11,62.79,470.76,11
2026-10-22 20:00:00,4.81,71.0,433.04,8
2026-10-22 21:00:00,1.93,69.21,511.56,9
2026-10-22 22:00:00,-0.19,70.24,442.47,2
2026-10-22 23:00:00,1.48,60.03,497.14,14
2026-10-23 00:00:00,2.45,56.1,465.92,6
2026-10-23 01:00:00,1.67,69.31,484.4,3
2026-10-23 02:00:00,-0.81,70.09,459.23,6
2026-10-23 03:00:00,1.34,64.74,424.63,6
2026-10-23 04:00:00,1.73,61.94,421.3,5
2026-10-23 05:00:00,0.45,57.36,498.98,11
2026-10-23 06:00:00,0.07,69.29,546.25,12
2026-10-23 07:00:00,1.15,70.12,460.69,0
2026-10-23 08:00:00,5.13,58.01,610.72,57
2026-10-23 09:00:00,4.41,58.1,676.64,60
2026-10-23 10:00:00,3.36,68.85,607.46,49
2026-10-23 11:00:00,2.92,59.75,517.32,30
2026-10-23 12:00:00,8.58,67.89,557.73,47
2026-10-23 13:00:00,6.23,60.1,571.34,48
2026-10-23 14:00:00,8.12,57.38,526.54,42
2026-10-23 15:00:00,9.8,58.37,626.72,58
2026-10-23 16:00:00,4.3,60.05,570.08,44
2026-10-23 17:00:00,6.2,66.29,621.97,66
2026-10-23 18:00:00,5.12,65.85,631.72,53
2026-10-23 19:00:00,5.25,66.76,434.21,13
2026-10-23 20:00:00,5.94,61.77,407.4,9
2026-10-23 21:00:00,-0.24,62.88,499.08,9
2026-10-23 22:00:00,2.6,63.14,447.79,11
2026-10-23 23:00:00,2.69,60.99,427.86,4
2026-10-24 00:00:00,-0.55,72.72,495.03,9
2026-10-24 01:00:00,-0.85,70.61,472.11,5
2026-10-24 02:00:00,0.12,64.46,489.4,14
2026-10-24 03:00:00,0.11,60.29,421.47,10
2026-10-24 04:00:00,0.99,72.01,482.49,11
2026-10-24 05:00:00,1.58,64.58,473.37,0
2026-10-24 06:00:00,-0.68,64.82,510.34,11
2026-10-24 07:00:00,4.23,69.79,435.76,7
2026-10-24 08:00:00,5.62,58.52,416.63,2
2026-10-24 09:00:00,4.69,60.12,453.76,8
2026-10-24 10:00:00,2.3,62.24,412.07,2
2026-10-24 11:00:00,5.88,54.3,463.57,10
2026-10-24 12:00:00,7.14,61.58,445.18,14
2026-10-24 13:00:00,4.86,57.79,396.9,1
2026-10-24 14:00:00,6.56,57.55,458.8,8
2026-10-24 15:00:00,4.33,58.45,383.77,7
2026-10-24 16:00:00,7.96,56.49,346.25,0
2026-10-24 17:00:00,6.45,56.29,450.18,12
2026-10-24 18:00:00,1.99,64.84,488.79,11
2026-10-24 19:00:00,5.02,60.71,507.97,16
2026-10-24 20:00:00,3.17,63.02,402.58,10
2026-10-24 21:00:00,3.28,74.47,466.72,4
2026-10-24 22:00:00,0.5,63.87,450.18,10
2026-10-24 23:00:00,-1.15,68.83,521.26,13
2026-10-25 00:00:00,-1.89,69.92,488.0,6
2026-10-25 01:00:00,-1.83,65.96,528.26,11
2026-10-25 02:00:00,-0.85,66.96,448.47,0
2026-10-25 03:00:00,-0.45,65.42,530.84,14
2026-10-25 04:00:00,-0.73,66.52,477.17,11
2026-10-25 05:00:00,-0.56,62.46,446.41,0
2026-10-25 06:00:00,0.41,62.24,483.44,10
2026-10-25 07:00:00,7.09,60.12,427.47,0
2026-10-25 08:00:00,1.57,54.04,467.69,6
2026-10-25 09:00:00,3.03,70.36,473.98,11
2026-10-25 10:00:00,11.7,67.61,400.29,7
2026-10-25 11:00:00,6.79,61.1,467.86,13
2026-10-25 12:00:00,3.82,65.65,458.36,8
2026-10-25 13:00:00,8.66,64.34,381.93,8
2026-10-25 14:00:00,5.29,54.67,460.66,12
2026-10-25 15:00:00,8.8,63.48,400.31,7
2026-10-25 16:00:00,6.16,58.56,414.36,8
2026-10-25 17:00:00,5.06,72.91,425.89,8
2026-10-25 18:00:00,8.33,58.23,419.32,8
2026-10-25 19:00:00,5.28,65.84,467.78,13
2026-10-25 20:00:00,5.06,60.57,399.41,5
2026-10-25 21:00:00,2.95,73.92,420.6,5
2026-10-25 22:00:00,0.23,62.28,504.32,4
2026-10-25 23:00:00,1.51,69.77,459.26,0
2026-10-26 00:00:00,1.9,66.8,490.14,14
2026-10-26 01:00:00,-0.65,67.47,485.9,4
2026-10-26 02:00:00,2.55,64.36,441.58,7
2026-10-26 03:00:00,0.78,61.12,489.24,14
2026-10-26 04:00:00,-0.09,52.14,466.72,7
2026-10-26 05:00:00,0.62,69.94,509.32,10
2026-10-26 06:00:00,1.22,61.7,407.53,2
2026-10-26 07:00:00,-0.59,71.26,484.61,14
2026-10-26 08:00:00,2.77,64.82,562.98,42
2026-10-26 09:00:00,4.42,67.9,557.35,31
2026-10-26 10:00:00,4.11,66.13,650.25,60
2026-10-26 11:00:00,6.45,48.16,567.05,52
2026-10-26 12:00:00,6.45,63.56,598.2,53
2026-10-26 13:00:00,8.36,57.43,596.83,60
2026-10-26 14:00:00,8.27,65.03,592.91,62
2026-10-26 15:00:00,7.14,62.95,563.05,36
2026-10-26 16:00:00,3.68,65.44,537.57,31
2026-10-26 17:00:00,9.36,57.09,610.6,53
2026-10-26 18:00:00,4.66,57.17,535.72,42
2026-10-26 19:00:00,3.82,60.16,466.53,11
2026-10-26 20:00:00,2.26,54.42,411.02,7
2026-10-26 21:00:00,0.93,61.39,561.93,16
2026-10-26 22:00:00,4.03,54.85,386.55,6
2026-10-26 23:00:00,2.89,55.79,514.05,13
2026-10-27 00:00:00,0.21,65.44,466.63,6
2026-10-27 01:00:00,-1.3,68.58,463.84,2
2026-10-27 02:00:00,0.02,64.83,465.77,1
2026-10-27 03:00:00,-0.94,63.16,465.43,9
2026-10-27 04:00:00,-1.06,61.01,521.54,13
2026-10-27 05:00:00,0.63,62.97,474.4,3
2026-10-27 06:00:00,-0.1,60.96,461.84,4
2026-10-27 07:00:00,2.25,63.11,470.92,10
2026-10-27 08:00:00,3.19,55.16,678.59,54
2026-10-27 09:00:00,5.02,64.99,616.9,49
2026-10-27 10:00:00,3.54,59.69,574.58,45
2026-10-27 11:00:00,7.03,61.96,586.61,45
2026-10-27 12:00:00,4.43,66.33,515.77,29
2026-10-27 13:00:00,5.5,62.79,525.69,36
2026-10-27 14:00:00,5.72,64.99,637.88,56
2026-10-27 15:00:00,4.5,51.52,533.76,40
2026-10-27 16:00:00,8.28,56.74,599.96,56
2026-10-27 17:00:00,3.67,67.95,648.89,53
2026-10-27 18:00:00,3.38,65.18,681.99,54
2026-10-27 19:00:00,6.33,69.81,442.36,7
2026-10-27 20:00:00,1.64,72.37,439.9,9
2026-10-27 21:00:00,1.37,65.54,433.38,8
2026-10-27 22:00:00,-1.24,64.61,499.43,0
2026-10-27 23:00:00,1.62,59.08,434.21,5
2026-10-28 00:00:00,0.85,62.03,419.63,5
2026-10-28 01:00:00,0.23,62.8,458.22,10
2026-10-28 02:00:00,-0.31,62.25,539.69,18
2026-10-28 03:00:00,-1.1,61.18,488.71,9
2026-10-28 04:00:00,-1.9,68.34,492.85,3
2026-10-28 05:00:00,-1.84,74.77,497.16,7
2026-10-28 06:00:00,3.2,67.43,426.97,8
2026-10-28 07:00:00,3.11,61.21,417.51,11
2026-10-28 08:00:00,1.23,69.21,516.88,25
2026-10-28 09:00:00,3.73,64.12,546.46,32
2026-10-28 10:00:00,4.02,61.99,597.7,54
2026-10-28 11:00:00,3.19,62.25,651.26,52
2026-10-28 12:00:00,6.44,59.5,557.06,48
2026-10-28 13:00:00,5.65,64.3,511.66,38
2026-10-28 14:00:00,4.71,62.4,614.87,52
2026-10-28 15:00:00,3.52,58.89,563.84,33
2026-10-28 16:00:00,2.95,59.05,629.43,44
2026-10-28 17:00:00,4.7,63.24,494.42,32
2026-10-28 18:00:00,4.45,64.03,618.77,43
2026-10-28 19:00:00,1.9,62.1,433.11,0
2026-10-28 20:00:00,3.92,56.6,440.44,12
2026-10-28 21:00:00,1.45,70.24,482.76,7
2026-10-28 22:00:00,1.77,68.95,516.7,12
2026-10-28 23:00:00,-0.58,55.47,434.23,8
2026-10-29 00:00:00,-2.58,73.51,472.98,3
2026-10-29 01:00:00,-1.18,64.78,474.08,8
2026-10-29 02:00:00,-4.07,68.8,514.88,4
2026-10-29 03:00:00,-0.33,70.92,502.31,3
2026-10-29 04:00:00,-2.88,75.28,525.0,11
2026-10-29 05:00:00,1.46,68.99,468.45,10
2026-10-29 06:00:00,-0.22,66.36,515.96,14
2026-10-29 07:00:00,3.54,55.64,429.98,6
2026-10-29 08:00:00,0.21,54.72,544.63,41
2026-10-29 09:00:00,2.13,67.9,686.78,61
2026-10-29 10:00:00,5.22,68.06,598.36,42
2026-10-29 11:00:00,7.62,55.59,507.62,26
2026-10-29 12:00:00,9.25,57.17,534.8,49
2026-10-29 13:00:00,6.4,57.73,605.12,50
2026-10-29 14:00:00,10.13,54.99,546.18,38
2026-10-29 15:00:00,5.74,66.36,634.57,43
2026-10-29 16:00:00,8.12,60.41,535.48,37
2026-10-29 17:00:00,3.4,61.47,641.49,50
2026-10-29 18:00:00,5.3,74.58,568.75,46
2026-10-29 19:00:00,-1.19,58.66,462.17,10
2026-10-29 20:00:00,0.21,67.59,520.52,12
2026-10-29 21:00:00,2.35,58.11,399.0,7
2026-10-29 22:00:00,-2.17,65.73,494.27,7
2026-10-29 23:00:00,0.48,65.41,492.52,4
2026-10-30 00:00:00,0.64,68.77,485.0,6
2026-10-30 01:00:00,-2.57,65.49,522.07,9
2026-10-30 02:00:00,-3.64,65.72,493.4,5
2026-10-30 03:00:00,-2.52,65.37,493.23,9
2026-10-30 04:00:00,-3.1,61.77,577.57,14
2026-10-30 05:00:00,-0.74,68.68,510.54,6
2026-10-30 06:00:00,0.5,66.06,474.98,3
2026-10-30 07:00:00,0.65,66.72,468.28,6
2026-10-30 08:00:00,5.64,60.7,617.01,59
2026-10-30 09:00:00,1.89,62.71,645.97,47
2026-10-30 10:00:00,7.08,65.92,544.68,41
2026-10-30 11:00:00,3.04,67.98,615.47,47
2026-10-30 12:00:00,5.91,67.94,586.72,43
2026-10-30 13:00:00,8.53,60.9,528.04,37
2026-10-30 14:00:00,8.56,65.77,618.19,50
2026-10-30 15:00:00,5.32,59.2,504.87,35
2026-10-30 16:00:00,6.87,59.19,554.53,42
2026-10-30 17:00:00,5.97,66.8,620.15,42
2026-10-30 18:00:00,3.22,66.97,569.67,31
2026-10-30 19:00:00,4.56,60.35,453.14,13
2026-10-30 20:00:00,6.02,55.55,412.91,1
2026-10-30 21:00:00,2.2,62.44,460.74,9
2026-10-30 22:00:00,1.43,60.58,493.17,6
2026-10-30 23:00:00,0.81,73.05,509.03,11
2026-10-31 00:00:00,-4.25,71.77,496.72,8
2026-10-31 01:00:00,-0.81,61.73,488.14,8
2026-10-31 02:00:00,-3.9,62.5,515.93,8
2026-10-31 03:00:00,-2.91,63.14,536.46,14
2026-10-31 04:00:00,3.0,60.11,455.27,7
2026-10-31 05:00:00,-1.2,65.0,515.53,11
2026-10-31 06:00:00,-1.34,71.51,514.48,11
2026-10-31 07:00:00,3.41,57.78,441.15,12
2026-10-31 08:00:00,0.24,76.28,457.43,4
2026-10-31 09:00:00,2.28,58.69,459.68,11
2026-10-31 10:00:00,6.64,53.31,423.34,9
2026-10-31 11:00:00,5.05,69.91,416.2,3
2026-10-31 12:00:00,2.48,69.87,486.24,7
2026-10-31 13:00:00,7.09,59.13,429.29,17
2026-10-31 14:00:00,5.35,63.17,384.14,6
2026-10-31 15:00:00,9.08,60.68,445.18,7
2026-10-31 16:00:00,4.39,62.61,427.74,10
2026-10-31 17:00:00,7.07,53.57,431.16,6
2026-10-31 18:00:00,7.69,47.21,419.71,9
2026-10-31 19:00:00,1.47,59.75,435.29,6
2026-10-31 20:00:00,1.75,72.85,473.38,10
2026-10-31 21:00:00,1.88,72.96,461.29,8
2026-10-31 22:00:00,-1.58,64.79,530.59,16
2026-10-31 23:00:00,-0.15,60.31,457.0,8
2026-11-01 00:00:00,-1.93,67.74,487.66,7
2026-11-01 01:00:00,-2.37,68.85,515.59,12
2026-11-01 02:00:00,-1.92,69.35,502.12,2
2026-11-01 03:00:00,-1.74,53.58,499.56,15
2026-11-01 04:00:00,-1.15,81.6,460.29,4
2026-11-01 05:00:00,-2.04,72.09,505.48,13
2026-11-01 06:00:00,-1.13,64.8,519.34,14
2026-11-01 07:00:00,0.71,60.91,416.34,6
2026-11-01 08:00:00,1.89,68.61,488.8,6
2026-11-01 09:00:00,2.14,65.98,460.4,8
2026-11-01 10:00:00,4.63,62.22,459.5,10
2026-11-01 11:00:00,1.18,66.46,459.22,4
2026-11-01 12:00:00,3.99,61.65,424.99,8
2026-11-01 13:00:00,5.29,63.31,402.28,7
2026-11-01 14:00:00,4.27,65.64,408.41,3
2026-11-01 15:00:00,9.11,60.34,347.06,4
2026-11-01 16:00:00,5.49,62.62,442.97,9
2026-11-01 17:00:00,5.17,68.35,437.06,8
2026-11-01 18:00:00,3.02,54.9,395.21,5
2026-11-01 19:00:00,2.99,58.92,435.1,8
2026-11-01 20:00:00,-0.45,65.45,487.89,5
2026-11-01 21:00:00,0.61,60.92,523.11,13
2026-11-01 22:00:00,-1.89,64.34,458.86,8
2026-11-01 23:00:00,-1.4,72.42,566.73,12
2026-11-02 00:00:00,-6.75,68.98,484.14,1
2026-11-02 01:00:00,-4.29,58.86,469.94,9
2026-11-02 02:00:00,0.76,62.35,523.29,10
2026-11-02 03:00:00,-0.37,65.55,453.19,7
2026-11-02 04:00:00,1.0,64.5,499.03,6
2026-11-02 05:00:00,1.78,66.54,445.92,7
2026-11-02 06:00:00,1.18,66.55,474.38,11
2026-11-02 07:00:00,-0.11,64.38,426.39,3
2026-11-02 08:00:00,-0.24,59.21,612.0,34
2026-11-02 09:00:00,5.16,59.18,540.83,28
2026-11-02 10:00:00,3.96,59.11,534.01,35
2026-11-02 11:00:00,9.65,56.82,542.37,45
2026-11-02 12:00:00,4.56,65.26,608.22,45
2026-11-02 13:00:00,9.64,60.27,569.61,54
2026-11-02 14:00:00,5.52,65.26,698.7,66
2026-11-02 15:00:00,8.37,57.22,577.63,52
2026-11-02 16:00:00,8.69,66.46,537.65,43
2026-11-02 17:00:00,2.61,66.53,638.76,63
2026-11-02 18:00:00,2.86,63.56,506.34,29
2026-11-02 19:00:00,0.8,67.46,469.68,3
2026-11-02 20:00:00,-0.63,62.06,488.49,8
2026-11-02 21:00:00,2.13,52.97,492.11,13
2026-11-02 22:00:00,-0.56,62.36,482.25,12
2026-11-02 23:00:00,-0.89,69.36,429.12,3
2026-11-03 00:00:00,-0.67,65.87,458.89,5
2026-11-03 01:00:00,-5.9,68.44,563.87,4
2026-11-03 02:00:00,0.25,60.58,416.31,0
2026-11-03 03:00:00,-2.88,57.24,491.25,7
2026-11-03 04:00:00,-0.72,72.63,442.36,11
2026-11-03 05:00:00,0.09,63.89,459.33,7
2026-11-03 06:00:00,2.42,61.16,424.91,3
2026-11-03 07:00:00,0.44,61.34,466.36,5
2026-11-03 08:00:00,-2.57,73.07,654.12,47
2026-11-03 09:00:00,2.83,67.43,602.52,54
2026-11-03 10:00:00,4.08,57.31,580.77,48
2026-11-03 11:00:00,2.44,69.11,644.07,55
2026-11-03 12:00:00,5.44,60.47,576.12,51
2026-11-03 13:00:00,4.82,58.57,517.36,34
2026-11-03 14:00:00,3.0,61.44,653.63,52
2026-11-03 15:00:00,6.89,56.26,544.17,44
2026-11-03 16:00:00,4.02,55.58,566.26,37
2026-11-03 17:00:00,3.7,66.29,620.8,52
2026-11-03 18:00:00,2.76,61.97,607.64,54
2026-11-03 19:00:00,5.19,64.46,395.75,0
2026-11-03 20:00:00,1.6,65.32,480.44,10
2026-11-03 21:00:00,0.8,67.18,532.32,12
2026-11-03 22:00:00,-1.2,55.61,447.8,5
2026-11-03 23:00:00,-0.22,60.82,481.99,10
2026-11-04 00:00:00,0.77,67.31,493.08,7
2026-11-04 01:00:00,-1.03,59.35,481.27,0
2026-11-04 02:00:00,-1.09,67.63,503.88,16
2026-11-04 03:00:00,-1.12,58.83,474.86,7
2026-11-04 04:00:00,-4.69,68.37,549.27,9
2026-11-04 05:00:00,-3.05,75.18,513.32,6
2026-11-04 06:00:00,-0.88,69.49,509.71,7
2026-11-04 07:00:00,-0.95,56.41,510.64,9
2026-11-04 08:00:00,-0.6,69.66,643.18,44
2026-11-04 09:00:00,-1.18,74.93,625.05,40
2026-11-04 10:00:00,0.84,78.4,590.76,39
2026-11-04 11:00:00,3.85,64.68,590.26,45
2026-11-04 12:00:00,4.86,54.78,569.98,44
2026-11-04 13:00:00,3.81,64.51,667.16,56
2026-11-04 14:00:00,5.69,69.0,587.65,45
2026-11-04 15:00:00,4.53,60.89,613.33,51
2026-11-04 16:00:00,7.18,65.19,550.79,47
2026-11-04 17:00:00,4.04,57.98,674.34,59
2026-11-04 18:00:00,4.93,63.41,554.05,42
2026-11-04 19:00:00,2.97,50.47,435.92,8
2026-11-04 20:00:00,-1.27,61.14,513.83,7
2026-11-04 21:00:00,0.32,64.75,516.4,13
2026-11-04 22:00:00,-2.94,65.24,496.33,12
2026-11-04 23:00:00,-1.51,59.56,459.39,8
2026-11-05 00:00:00,-3.57,65.0,500.14,8
2026-11-05 01:00:00,-1.71,67.85,461.13,3
2026-11-05 02:00:00,-5.3,68.28,503.29,12
2026-11-05 03:00:00,-2.45,67.02,479.45,8
2026-11-05 04:00:00,-0.93,69.31,429.88,10
2026-11-05 05:00:00,0.37,63.02,514.85,13
2026-11-05 06:00:00,-2.14,73.29,513.74,6
2026-11-05 07:00:00,0.39,59.78,492.72,5
2026-11-05 08:00:00,1.76,73.41,598.63,38
2026-11-05 09:00:00,5.52,66.7,572.27,45
2026-11-05 10:00:00,0.43,62.92,639.16,43
2026-11-05 11:00:00,2.39,61.88,594.45,47
2026-11-05 12:00:00,10.46,58.71,447.69,31
2026-11-05 13:00:00,4.71,64.7,585.34,45
2026-11-05 14:00:00,1.61,69.35,677.41,58
2026-11-05 15:00:00,4.09,55.44,603.12,54
2026-11-05 16:00:00,-0.69,67.67,608.35,45
2026-11-05 17:00:00,4.7,51.13,669.39,71
2026-11-05 18:00:00,5.01,60.61,569.63,39
2026-11-05 19:00:00,0.6,71.85,464.83,5
2026-11-05 20:00:00,0.45,57.6,543.64,10
2026-11-05 21:00:00,2.2,55.46,444.5,7
2026-11-05 22:00:00,-4.11,68.98,505.33,1
2026-11-05 23:00:00,-4.08,74.8,492.22,10
2026-11-06 00:00:00,-2.68,68.5,527.07,11
2026-11-06 01:00:00,-4.12,58.36,530.17,17
2026-11-06 02:00:00,-3.34,58.92,499.93,8
2026-11-06 03:00:00,-5.15,69.09,567.54,9
2026-11-06 04:00:00,-1.79,60.36,486.96,10
2026-11-06 05:00:00,-1.88,67.0,478.27,12
2026-11-06 06:00:00,0.34,65.74,462.35,12
2026-11-06 07:00:00,0.61,62.12,480.24,9
2026-11-06 08:00:00,1.66,72.91,619.13,44
2026-11-06 09:00:00,-0.61,68.38,651.05,49
2026-11-06 10:00:00,4.23,68.1,541.02,40
2026-11-06 11:00:00,3.41,67.21,668.14,49
2026-11-06 12:00:00,4.38,61.19,624.43,45
2026-11-06 13:00:00,7.21,58.98,538.57,38
2026-11-06 14:00:00,3.81,60.85,559.8,46
2026-11-06 15:00:00,7.81,62.94,586.0,41
2026-11-06 16:00:00,7.6,56.43,611.46,51
2026-11-06 17:00:00,5.58,69.72,622.64,54
2026-11-06 18:00:00,1.28,60.37,662.06,50
2026-11-06 19:00:00,-2.09,67.54,494.31,10
2026-11-06 20:00:00,3.4,61.47,428.43,9
2026-11-06 21:00:00,0.43,62.44,466.21,5
2026-11-06 22:00:00,-2.25,77.43,450.91,4
2026-11-06 23:00:00,0.76,62.27,435.51,6
2026-11-07 00:00:00,-4.08,66.33,511.82,5
2026-11-07 01:00:00,-3.61,64.2,508.52,7
2026-11-07 02:00:00,-1.84,66.5,461.68,9
2026-11-07 03:00:00,-4.99,67.98,502.03,6
2026-11-07 04:00:00,-2.58,61.21,485.41,14
2026-11-07 05:00:00,0.46,62.56,478.74,13
2026-11-07 06:00:00,-0.47,68.38,465.86,7
2026-11-07 07:00:00,2.56,68.34,469.53,4
2026-11-07 08:00:00,3.37,62.76,444.83,8
2026-11-07 09:00:00,2.16,63.79,451.56,7
2026-11-07 10:00:00,-1.57,64.29,479.16,8
2026-11-07 11:00:00,1.72,61.28,411.86,6
2026-11-07 12:00:00,6.1,56.13,402.88,4
2026-11-07 13:00:00,1.87,55.91,468.41,8
2026-11-07 14:00:00,4.45,58.37,437.26,7
2026-11-07 15:00:00,5.65,65.57,446.41,7
2026-11-07 16:00:00,7.51,57.62,432.06,8
2026-11-07 17:00:00,2.78,61.32,506.63,8
2026-11-07 18:00:00,1.82,61.9,433.91,8
2026-11-07 19:00:00,2.04,69.8,465.07,6
2026-11-07 20:00:00,1.81,59.09,473.25,9
2026-11-07 21:00:00,-0.24,66.55,461.67,5
2026-11-07 22:00:00,1.2,63.81,434.2,4
2026-11-07 23:00:00,-3.32,67.66,504.93,4
2026-11-08 00:00:00,-2.26,67.8,497.53,5
2026-11-08 01:00:00,-2.01,66.69,448.46,3
2026-11-08 02:00:00,-3.83,71.65,441.95,1
2026-11-08 03:00:00,-1.22,65.71,484.06,10
2026-11-08 04:00:00,-2.2,75.26,507.35,13
2026-11-08 05:00:00,-0.28,65.42,504.59,10
2026-11-08 06:00:00,-0.64,56.93,445.87,6
2026-11-08 07:00:00,0.69,67.71,442.78,1
2026-11-08 08:00:00,-0.3,67.17,442.51,9
2026-11-08 09:00:00,0.74,64.64,407.28,2
2026-11-08 10:00:00,5.42,59.91,409.97,8
2026-11-08 11:00:00,5.07,50.88,407.11,5
2026-11-08 12:00:00,2.39,53.6,397.29,0
2026-11-08 13:00:00,5.19,69.6,467.39,14
2026-11-08 14:00:00,0.22,61.92,411.15,3
2026-11-08 15:00:00,3.68,67.25,439.26,7
2026-11-08 16:00:00,6.35,52.54,410.05,7
2026-11-08 17:00:00,3.55,57.28,870.07,6
2026-11-08 18:00:00,3.2,66.15,466.43,10
2026-11-08 19:00:00,-4.03,67.31,446.0,5
2026-11-08 20:00:00,0.18,67.56,467.56,10
2026-11-08 21:00:00,0.61,64.51,497.51,9
2026-11-08 22:00:00,-0.1,64.03,400.37,2
2026-11-08 23:00:00,0.06,61.55,495.28,9
2026-11-09 00:00:00,-3.05,61.17,453.33,4
2026-11-09 01:00:00,-3.36,74.37,478.98,3
2026-11-09 02:00:00,-5.83,76.92,573.99,9
2026-11-09 03:00:00,-3.44,62.21,481.08,6
2026-11-09 04:00:00,-5.15,63.09,564.01,9
2026-11-09 05:00:00,-5.69,67.24,523.8,10
2026-11-09 06:00:00,-3.34,69.04,482.96,2
2026-11-09 07:00:00,2.82,62.12,486.08,11
2026-11-09 08:00:00,0.29,67.29,587.27,32
2026-11-09 09:00:00,2.31,63.14,600.29,43
2026-11-09 10:00:00,1.81,63.16,530.99,28
2026-11-09 11:00:00,0.08,77.01,621.04,51
2026-11-09 12:00:00,6.17,58.06,555.72,51
2026-11-09 13:00:00,0.35,72.95,796.31,78
2026-11-09 14:00:00,3.72,69.63,683.45,55
2026-11-09 15:00:00,4.59,64.31,605.24,48
2026-11-09 16:00:00,4.76,52.04,543.42,48
2026-11-09 17:00:00,2.21,63.61,575.25,42
2026-11-09 18:00:00,-0.84,63.02,615.83,46
2026-11-09 19:00:00,0.27,64.91,463.91,9
2026-11-09 20:00:00,-0.66,60.15,468.32,11
2026-11-09 21:00:00,-1.75,70.0,487.41,3
2026-11-09 22:00:00,0.77,69.38,491.79,11
2026-11-09 23:00:00,-4.42,73.95,574.97,12
2026-11-10 00:00:00,-2.16,64.6,494.39,10
2026-11-10 01:00:00,-2.85,61.69,501.05,7
2026-11-10 02:00:00,-1.38,67.72,518.22,10
2026-11-10 03:00:00,-3.43,76.18,560.7,13
2026-11-10 04:00:00,-1.18,66.17,456.58,8
2026-11-10 05:00:00,-2.47,68.99,511.46,8
2026-11-10 06:00:00,-0.43,64.13,518.53,17
2026-11-10 07:00:00,-3.34,64.82,517.06,9
2026-11-10 08:00:00,-4.58,71.49,660.63,43
2026-11-10 09:00:00,2.49,62.73,676.35,52
2026-11-10 10:00:00,3.56,64.52,547.86,38
2026-11-10 11:00:00,4.48,64.4,557.07,43
2026-11-10 12:00:00,3.12,64.56,601.84,50
2026-11-10 13:00:00,7.54,62.51,545.62,42
2026-11-10 14:00:00,3.78,58.09,701.92,71
2026-11-10 15:00:00,5.41,56.65,574.61,47
2026-11-10 16:00:00,5.35,61.04,555.47,33
2026-11-10 17:00:00,6.97,60.03,532.63,37
2026-11-10 18:00:00,2.07,60.94,566.21,36
2026-11-10 19:00:00,0.43,65.9,449.89,10
2026-11-10 20:00:00,-2.29,71.15,518.61,1
2026-11-10 21:00:00,2.77,69.0,440.05,4
2026-11-10 22:00:00,-0.46,72.38,520.69,6
2026-11-10 23:00:00,-1.22,59.28,488.85,13
2026-11-11 00:00:00,3.34,56.85,503.39,17
2026-11-11 01:00:00,-2.64,65.4,485.46,8
2026-11-11 02:00:00,-6.03,69.62,576.16,8
2026-11-11 03:00:00,-3.68,66.39,504.59,0
2026-11-11 04:00:00,-4.84,65.63,552.94,12
2026-11-11 05:00:00,-3.05,65.61,491.95,10
2026-11-11 06:00:00,-2.23,68.98,551.24,9
2026-11-11 07:00:00,-1.64,59.5,517.71,3
2026-11-11 08:00:00,-2.21,78.27,579.26,29
2026-11-11 09:00:00,4.79,61.75,634.53,56
2026-11-11 10:00:00,3.17,68.04,661.37,54
2026-11-11 11:00:00,2.95,60.04,561.52,48
2026-11-11 12:00:00,5.55,63.99,611.6,46
2026-11-11 13:00:00,5.38,61.74,680.15,64
2026-11-11 14:00:00,5.12,65.7,670.33,70
2026-11-11 15:00:00,5.81,59.94,512.41,43
2026-11-11 16:00:00,4.3,69.74,610.0,47
2026-11-11 17:00:00,4.74,54.22,529.01,39
2026-11-11 18:00:00,4.08,66.89,508.41,33
2026-11-11 19:00:00,1.93,64.24,478.37,10
2026-11-11 20:00:00,0.13,59.82,501.63,7
2026-11-11 21:00:00,2.6,72.94,457.64,8
2026-11-11 22:00:00,-2.38,75.91,516.47,3
2026-11-11 23:00:00,-1.47,55.66,478.58,3
2026-11-12 00:00:00,-2.19,67.42,463.79,8
2026-11-12 01:00:00,-4.64,71.77,497.99,6
2026-11-12 02:00:00,-5.17,70.83,551.08,8
2026-11-12 03:00:00,-4.13,75.47,514.03,10
2026-11-12 04:00:00,-4.0,74.34,564.2,15
2026-11-12 05:00:00,-5.3,70.04,513.84,8
2026-11-12 06:00:00,-2.86,78.39,558.61,15
2026-11-12 07:00:00,-0.06,69.72,499.46,10
2026-11-12 08:00:00,2.98,61.16,617.22,51
2026-11-12 09:00:00,2.59,60.43,564.61,31
2026-11-12 10:00:00,-2.75,73.14,608.83,47
2026-11-12 11:00:00,4.56,57.85,576.42,50
2026-11-12 12:00:00,2.79,61.0,587.32,45
2026-11-12 13:00:00,5.22,60.15,622.49,48
2026-11-12 14:00:00,4.42,63.69,555.77,46
2026-11-12 15:00:00,3.92,61.29,565.88,39
2026-11-12 16:00:00,3.71,55.82,549.83,33
2026-11-12 17:00:00,3.23,68.55,605.58,44
2026-11-12 18:00:00,5.13,59.38,630.15,58
2026-11-12 19:00:00,1.44,74.09,491.69,16
2026-11-12 20:00:00,2.62,64.69,464.01,11
2026-11-12 21:00:00,1.29,70.43,487.58,6
2026-11-12 22:00:00,-0.22,68.31,447.0,3
2026-11-12 23:00:00,-5.96,75.74,495.45,12
2026-11-13 00:00:00,-0.91,68.49,483.41,4
2026-11-13 01:00:00,-4.46,69.3,567.3,11
2026-11-13 02:00:00,-2.25,72.04,492.43,12
2026-11-13 03:00:00,-5.49,81.27,558.53,5
2026-11-13 04:00:00,-5.51,67.51,525.3,5
2026-11-13 05:00:00,1.45,67.96,432.36,6
2026-11-13 06:00:00,-3.59,67.49,475.31,4
2026-11-13 07:00:00,1.58,66.42,451.49,9
2026-11-13 08:00:00,0.56,64.82,636.62,48
2026-11-13 09:00:00,0.52,53.85,693.2,66
2026-11-13 10:00:00,2.23,62.44,644.49,48
2026-11-13 11:00:00,0.55,69.61,615.05,37
2026-11-13 12:00:00,3.76,58.54,545.84,43
2026-11-13 13:00:00,2.02,68.19,531.31,34
2026-11-13 14:00:00,3.53,63.45,612.6,45
2026-11-13 15:00:00,6.04,59.82,588.01,52
2026-11-13 16:00:00,4.29,66.52,560.78,38
2026-11-13 17:00:00,0.19,68.27,510.57,12
2026-11-13 18:00:00,4.03,64.29,625.76,48
2026-11-13 19:00:00,1.34,69.14,419.42,3
2026-11-13 20:00:00,-0.76,66.55,443.16,11
2026-11-13 21:00:00,0.78,56.23,453.1,6
2026-11-13 22:00:00,-2.01,64.52,467.44,7
2026-11-13 23:00:00,-4.84,59.36,503.12,5
2026-11-14 00:00:00,0.43,67.98,500.53,14
2026-11-14 01:00:00,-3.7,72.07,470.12,3
2026-11-14 02:00:00,-3.96,72.48,574.73,10
2026-11-14 03:00:00,-4.47,70.58,508.69,6
2026-11-14 04:00:00,-0.9,70.47,492.71,12
2026-11-14 05:00:00,-3.68,59.69,542.84,17
2026-11-14 06:00:00,-4.89,67.88,522.58,5
2026-11-14 07:00:00,-2.19,59.46,477.52,9
2026-11-14 08:00:00,2.86,61.21,503.97,6
2026-11-14 09:00:00,2.9,71.05,438.18,12
2026-11-14 10:00:00,1.69,69.28,427.59,7
2026-11-14 11:00:00,5.78,64.27,405.71,12
2026-11-14 12:00:00,5.16,60.48,426.82,6
2026-11-14 13:00:00,3.53,57.56,491.51,17
2026-11-14 14:00:00,3.87,63.23,405.36,0
2026-11-14 15:00:00,4.72,67.25,459.79,10
2026-11-14 16:00:00,2.0,65.65,473.75,8
2026-11-14 17:00:00,3.04,54.94,435.88,8
2026-11-14 18:00:00,2.82,63.55,469.54,9
2026-11-14 19:00:00,-2.14,56.93,484.66,8
2026-11-14 20:00:00,-0.18,69.14,476.01,9
2026-11-14 21:00:00,-1.44,62.54,481.62,10
2026-11-14 22:00:00,0.26,58.7,504.71,15
2026-11-14 23:00:00,-6.32,73.51,533.78,0
2026-11-15 00:00:00,-4.14,70.7,515.13,15
2026-11-15 01:00:00,-4.74,69.48,548.48,18
2026-11-15 02:00:00,-2.0,77.36,479.9,1
2026-11-15 03:00:00,-3.87,70.88,558.33,8
2026-11-15 04:00:00,0.21,61.63,506.34,13
2026-11-15 05:00:00,-1.42,68.59,486.61,12
2026-11-15 06:00:00,-2.74,65.49,504.0,15
2026-11-15 07:00:00,-0.47,71.66,517.69,9
2026-11-15 08:00:00,-0.62,66.84,444.63,0
2026-11-15 09:00:00,2.84,64.91,445.33,13
2026-11-15 10:00:00,-0.58,58.19,512.71,11
2026-11-15 11:00:00,1.26,64.42,498.58,14
2026-11-15 12:00:00,4.46,61.6,385.21,2
2026-11-15 13:00:00,6.4,55.4,366.16,3
2026-11-15 14:00:00,-0.32,64.12,425.93,8
2026-11-15 15:00:00,6.7,62.49,428.19,13
2026-11-15 16:00:00,3.27,62.69,483.41,14
2026-11-15 17:00:00,-0.86,58.54,492.08,5
2026-11-15 18:00:00,-3.92,66.38,514.58,6
2026-11-15 19:00:00,-1.94,64.02,506.06,19
2026-11-15 20:00:00,0.04,65.94,462.46,6
2026-11-15 21:00:00,-1.08,66.19,534.16,11
2026-11-15 22:00:00,-0.65,63.4,461.88,6
2026-11-15 23:00:00,-3.84,65.44,535.92,10
2026-11-16 00:00:00,-5.71,69.33,529.43,5
2026-11-16 01:00:00,-4.72,73.12,527.85,5
2026-11-16 02:00:00,-3.96,69.17,517.89,7
2026-11-16 03:00:00,-3.43,74.52,523.28,6
2026-11-16 04:00:00,-5.07,74.22,484.06,7
2026-11-16 05:00:00,-1.06,73.22,539.33,10
2026-11-16 06:00:00,-3.27,74.13,496.58,16
2026-11-16 07:00:00,-2.81,74.78,506.62,6
2026-11-16 08:00:00,-1.12,60.02,622.47,43
2026-11-16 09:00:00,3.15,66.03,569.53,41
2026-11-16 10:00:00,1.7,69.9,547.67,34
2026-11-16 11:00:00,1.41,71.01,605.39,38
2026-11-16 12:00:00,5.29,57.45,610.57,48
2026-11-16 13:00:00,8.12,62.6,570.08,48
2026-11-16 14:00:00,4.39,62.3,613.1,53
2026-11-16 15:00:00,6.3,69.83,555.24,31
2026-11-16 16:00:00,5.51,54.21,496.41,28
2026-11-16 17:00:00,1.59,60.04,593.1,41
2026-11-16 18:00:00,2.02,54.53,555.56,35
2026-11-16 19:00:00,-1.56,66.82,555.86,9
2026-11-16 20:00:00,-0.44,76.63,471.97,9
2026-11-16 21:00:00,-2.32,66.4,507.79,5
2026-11-16 22:00:00,-2.84,67.49,446.56,5
2026-11-16 23:00:00,-4.36,70.8,490.48,7
2026-11-17 00:00:00,-4.18,67.35,511.31,9
2026-11-17 01:00:00,-2.94,68.89,492.11,6
2026-11-17 02:00:00,-4.38,70.03,495.22,4
2026-11-17 03:00:00,-7.74,66.19,524.03,4
2026-11-17 04:00:00,-5.1,68.1,493.51,5
2026-11-17 05:00:00,-6.01,72.92,557.36,6
2026-11-17 06:00:00,-1.65,70.8,453.3,4
2026-11-17 07:00:00,-0.17,71.61,496.15,6
2026-11-17 08:00:00,0.37,66.42,606.52,36
2026-11-17 09:00:00,-0.68,67.26,601.03,43
2026-11-17 10:00:00,2.35,67.11,604.33,46
2026-11-17 11:00:00,1.75,60.8,631.93,51
2026-11-17 12:00:00,1.04,61.09,680.39,51
2026-11-17 13:00:00,5.2,60.73,578.3,47
2026-11-17 14:00:00,5.49,54.78,642.46,39
2026-11-17 15:00:00,5.62,63.1,574.67,39
2026-11-17 16:00:00,,68.77,573.11,33
2026-11-17 17:00:00,5.04,57.92,625.79,51
2026-11-17 18:00:00,0.87,66.57,552.69,39
2026-11-17 19:00:00,2.2,60.31,516.49,16
2026-11-17 20:00:00,-1.16,60.73,443.84,6
2026-11-17 21:00:00,-1.63,76.42,515.77,6
2026-11-17 22:00:00,-6.99,64.88,519.57,8
2026-11-17 23:00:00,-3.58,61.11,484.38,8
2026-11-18 00:00:00,-3.53,68.55,562.62,10
2026-11-18 01:00:00,-4.94,69.8,526.19,10
2026-11-18 02:00:00,-0.74,68.85,439.49,6
2026-11-18 03:00:00,-6.44,79.51,565.92,8
2026-11-18 04:00:00,-4.84,64.5,494.52,10
2026-11-18 05:00:00,-4.89,65.53,540.97,5
2026-11-18 06:00:00,-3.38,75.41,536.1,14
2026-11-18 07:00:00,0.78,69.15,442.95,8
2026-11-18 08:00:00,2.7,67.11,614.29,42
2026-11-18 09:00:00,-0.62,62.48,643.56,45
2026-11-18 10:00:00,0.3,70.42,601.4,52
2026-11-18 11:00:00,0.26,68.83,633.99,47
2026-11-18 12:00:00,5.82,61.87,569.46,41
2026-11-18 13:00:00,5.85,57.98,549.83,38
2026-11-18 14:00:00,3.54,63.06,591.13,45
2026-11-18 15:00:00,0.82,72.67,670.52,52
2026-11-18 16:00:00,0.6,59.11,683.56,58
2026-11-18 17:00:00,2.92,58.96,539.99,30
2026-11-18 18:00:00,2.85,59.87,663.72,63
2026-11-18 19:00:00,-3.35,65.29,504.93,7
2026-11-18 20:00:00,-0.89,65.55,483.81,11
2026-11-18 21:00:00,1.95,68.43,434.85,7
2026-11-18 22:00:00,-2.69,69.19,481.26,10
2026-11-18 23:00:00,-0.1,65.37,479.78,9
2026-11-19 00:00:00,-2.52,68.15,480.52,8
2026-11-19 01:00:00,-6.39,72.59,547.89,12
2026-11-19 02:00:00,-4.94,60.05,517.99,1
2026-11-19 03:00:00,-4.48,73.49,517.01,8
2026-11-19 04:00:00,-5.73,64.88,515.95,5
2026-11-19 05:00:00,-5.13,66.37,492.81,3
2026-11-19 06:00:00,0.66,66.24,493.01,5
2026-11-19 07:00:00,-3.35,66.97,537.88,6
2026-11-19 08:00:00,1.8,66.18,600.49,45
2026-11-19 09:00:00,-0.2,65.85,618.6,38
2026-11-19 10:00:00,1.59,62.44,682.74,50
2026-11-19 11:00:00,3.59,70.13,601.69,52
2026-11-19 12:00:00,1.91,67.2,649.04,48
2026-11-19 13:00:00,4.64,63.26,550.23,47
2026-11-19 14:00:00,-0.45,68.78,692.66,60
2026-11-19 15:00:00,4.39,58.4,636.43,59
2026-11-19 16:00:00,-1.83,77.16,603.01,44
2026-11-19 17:00:00,2.02,58.15,605.87,39
2026-11-19 18:00:00,3.35,63.22,618.63,49
2026-11-19 19:00:00,1.92,62.22,435.63,8
2026-11-19 20:00:00,-2.95,65.45,491.77,3
2026-11-19 21:00:00,-3.73,65.34,515.37,4
2026-11-19 22:00:00,-3.74,63.76,474.85,11
2026-11-19 23:00:00,-2.81,72.91,442.27,12
2026-11-20 00:00:00,-7.99,64.57,530.13,5
2026-11-20 01:00:00,-4.35,72.96,478.28,3
2026-11-20 02:00:00,-3.84,70.93,549.0,9
2026-11-20 03:00:00,-4.89,66.52,514.11,9
2026-11-20 04:00:00,-2.87,69.67,521.51,10
2026-11-20 05:00:00,-2.84,66.2,488.01,6
2026-11-20 06:00:00,-3.54,61.98,463.33,8
2026-11-20 07:00:00,-5.37,63.31,520.67,8
2026-11-20 08:00:00,-0.19,68.41,586.26,42
2026-11-20 09:00:00,-1.33,68.95,592.3,42
2026-11-20 10:00:00,0.38,65.94,655.67,60
2026-11-20 11:00:00,3.33,60.71,634.91,62
2026-11-20 12:00:00,5.84,59.96,532.7,36
2026-11-20 13:00:00,3.33,61.04,543.97,34
2026-11-20 14:00:00,4.65,53.01,574.29,42
2026-11-20 15:00:00,0.51,64.95,599.74,49
2026-11-20 16:00:00,3.49,,571.34,40
2026-11-20 17:00:00,2.25,63.76,613.08,50
2026-11-20 18:00:00,4.0,71.05,681.9,65
2026-11-20 19:00:00,-0.51,60.33,498.75,12
2026-11-20 20:00:00,-0.94,62.36,510.45,14
2026-11-20 21:00:00,0.62,65.23,455.8,10
2026-11-20 22:00:00,-2.64,68.07,470.23,0
2026-11-20 23:00:00,-5.51,59.35,1147.3,4
2026-11-21 00:00:00,1.08,67.26,509.74,9
2026-11-21 01:00:00,-6.58,70.85,548.25,11
2026-11-21 02:00:00,-4.69,57.69,508.79,7
2026-11-21 03:00:00,-3.73,67.03,478.63,8
2026-11-21 04:00:00,-3.49,63.4,466.37,2
2026-11-21 05:00:00,-3.77,65.37,543.3,15
2026-11-21 06:00:00,-2.93,60.36,489.71,6
2026-11-21 07:00:00,-2.07,68.53,507.73,11
2026-11-21 08:00:00,-2.79,75.76,487.56,14
2026-11-21 09:00:00,4.78,62.98,399.35,3
2026-11-21 10:00:00,1.0,53.5,455.98,9
2026-11-21 11:00:00,3.46,64.0,484.0,9
2026-11-21 12:00:00,2.23,62.46,406.69,7
2026-11-21 13:00:00,2.59,57.68,440.13,12
2026-11-21 14:00:00,2.53,65.0,399.64,5
2026-11-21 15:00:00,0.2,69.26,488.79,8
2026-11-21 16:00:00,2.58,59.85,476.94,7
2026-11-21 17:00:00,1.45,55.76,505.2,17
2026-11-21 18:00:00,3.78,52.29,441.4,5
2026-11-21 19:00:00,-1.92,63.01,477.88,11
2026-11-21 20:00:00,-1.71,65.42,530.04,15
2026-11-21 21:00:00,-3.39,64.79,470.97,4
2026-11-21 22:00:00,0.32,61.36,475.5,8
2026-11-21 23:00:00,-5.13,71.43,520.94,4
2026-11-22 00:00:00,-3.0,69.41,466.2,0
2026-11-22 01:00:00,-2.58,67.8,508.83,5
2026-11-22 02:00:00,-4.95,72.55,510.41,6
2026-11-22 03:00:00,-7.27,66.81,536.31,6
2026-11-22 04:00:00,-6.85,64.32,574.73,7
2026-11-22 05:00:00,-1.77,63.62,503.56,8
2026-11-22 06:00:00,-5.18,65.67,482.07,3
2026-11-22 07:00:00,-0.91,55.38,471.18,9
2026-11-22 08:00:00,-0.43,62.57,520.72,13
2026-11-22 09:00:00,1.13,69.73,520.08,13
2026-11-22 10:00:00,2.29,67.4,456.56,7
2026-11-22 11:00:00,0.3,67.41,453.62,12
2026-11-22 12:00:00,0.86,65.06,436.54,5
2026-11-22 13:00:00,4.64,69.0,443.13,7
2026-11-22 14:00:00,2.08,58.24,476.8,10
2026-11-22 15:00:00,-2.29,61.78,513.54,7
2026-11-22 16:00:00,4.1,67.75,376.33,3
2026-11-22 17:00:00,0.1,65.07,512.38,11
2026-11-22 18:00:00,2.28,60.05,478.24,5
2026-11-22 19:00:00,3.16,65.54,384.96,6
2026-11-22 20:00:00,-0.62,63.24,498.38,12
2026-11-22 21:00:00,0.3,60.6,499.62,10
2026-11-22 22:00:00,-2.35,62.32,462.18,9
2026-11-22 23:00:00,-0.31,66.82,445.95,2
2026-11-23 00:00:00,-6.34,70.47,528.47,3
2026-11-23 01:00:00,-4.63,75.82,516.99,10
2026-11-23 02:00:00,-3.4,65.93,506.97,11
2026-11-23 03:00:00,-4.99,66.96,529.09,9
2026-11-23 04:00:00,-1.91,73.53,463.28,6
2026-11-23 05:00:00,-4.44,73.04,485.19,6
2026-11-23 06:00:00,1.39,64.75,481.86,9
2026-11-23 07:00:00,2.46,55.47,454.4,3
2026-11-23 08:00:00,-0.19,61.07,625.95,43
2026-11-23 09:00:00,1.39,58.76,580.94,29
2026-11-23 10:00:00,3.63,62.64,585.18,40
2026-11-23 11:00:00,-0.3,62.67,694.37,50
2026-11-23 12:00:00,0.09,72.95,573.95,30
2026-11-23 13:00:00,5.63,53.2,634.32,59
2026-11-23 14:00:00,3.8,56.53,617.65,50
2026-11-23 15:00:00,2.66,64.36,602.34,48
2026-11-23 16:00:00,2.74,65.69,585.59,45
2026-11-23 17:00:00,-2.69,53.95,572.51,34
2026-11-23 18:00:00,0.87,55.71,571.74,39
2026-11-23 19:00:00,-1.22,64.54,521.86,4
2026-11-23 20:00:00,1.09,71.02,555.41,17
2026-11-23 21:00:00,0.2,74.3,460.21,4
2026-11-23 22:00:00,-1.6,64.05,486.9,10
2026-11-23 23:00:00,-2.79,66.1,435.72,5
2026-11-24 00:00:00,-7.3,65.93,509.59,7
2026-11-24 01:00:00,-3.52,70.63,493.4,9
2026-11-24 02:00:00,-3.58,75.15,517.54,11
2026-11-24 03:00:00,-2.21,72.83,504.04,12
2026-11-24 04:00:00,-0.07,64.9,495.47,11
2026-11-24 05:00:00,-7.05,65.75,571.0,12
2026-11-24 06:00:00,-3.62,67.57,480.94,6
2026-11-24 07:00:00,-3.36,74.26,558.59,11
2026-11-24 08:00:00,-0.5,63.34,692.96,59
2026-11-24 09:00:00,0.22,55.77,663.38,51
2026-11-24 10:00:00,0.69,62.72,615.87,47
2026-11-24 11:00:00,4.04,60.77,639.75,54
2026-11-24 12:00:00,0.42,55.6,600.87,39
2026-11-24 13:00:00,0.94,65.5,674.38,50
2026-11-24 14:00:00,1.11,66.75,681.91,57
2026-11-24 15:00:00,2.3,72.69,663.05,52
2026-11-24 16:00:00,0.17,58.22,655.73,57
2026-11-24 17:00:00,1.89,67.33,649.94,47
2026-11-24 18:00:00,0.83,69.25,658.55,62
2026-11-24 19:00:00,-1.38,68.56,490.53,11
2026-11-24 20:00:00,0.91,59.33,447.17,1
2026-11-24 21:00:00,-1.99,61.07,452.05,6
2026-11-24 22:00:00,-0.71,65.99,462.74,8
2026-11-24 23:00:00,-4.06,68.29,462.27,1
2026-11-25 00:00:00,-4.44,65.31,498.76,2
2026-11-25 01:00:00,-5.92,75.6,532.37,9
2026-11-25 02:00:00,-4.94,66.46,533.1,6
2026-11-25 03:00:00,-3.37,57.89,540.71,7
2026-11-25 04:00:00,-5.21,67.53,522.0,6
2026-11-25 05:00:00,-2.72,69.3,469.87,3
2026-11-25 06:00:00,-4.55,69.9,524.07,7
2026-11-25 07:00:00,-0.44,66.98,460.53,8
2026-11-25 08:00:00,-2.09,73.93,617.49,37
2026-11-25 09:00:00,1.81,58.16,578.78,23
2026-11-25 10:00:00,1.19,62.05,673.71,61
2026-11-25 11:00:00,4.94,69.27,540.73,31
2026-11-25 12:00:00,0.23,55.0,558.46,32
2026-11-25 13:00:00,-0.02,64.74,672.21,59
2026-11-25 14:00:00,1.84,69.86,642.69,49
2026-11-25 15:00:00,0.17,70.95,602.48,46
2026-11-25 16:00:00,-0.23,68.46,640.05,48
2026-11-25 17:00:00,3.14,66.23,606.05,55
2026-11-25 18:00:00,1.06,59.05,655.33,46
2026-11-25 19:00:00,-0.85,72.46,525.57,11
2026-11-25 20:00:00,-1.7,60.19,436.56,0
2026-11-25 21:00:00,-3.16,61.51,477.19,14
2026-11-25 22:00:00,0.37,66.68,491.01,9
2026-11-25 23:00:00,-5.23,66.19,525.58,9
2026-11-26 00:00:00,-7.12,71.02,600.73,9
2026-11-26 01:00:00,-3.28,69.45,557.48,12
2026-11-26 02:00:00,-5.44,77.7,546.3,8
2026-11-26 03:00:00,-0.8,67.73,449.65,2
2026-11-26 04:00:00,-5.53,65.78,521.48,9
2026-11-26 05:00:00,-2.15,69.89,484.53,2
2026-11-26 06:00:00,-0.85,61.43,519.86,15
2026-11-26 07:00:00,-3.09,71.73,484.61,7
2026-11-26 08:00:00,-2.5,67.07,629.66,49
2026-11-26 09:00:00,1.51,65.95,663.33,45
2026-11-26 10:00:00,2.14,54.6,606.85,46
2026-11-26 11:00:00,-1.0,54.45,690.16,58
2026-11-26 12:00:00,0.2,57.36,558.31,35
2026-11-26 13:00:00,-2.22,75.28,717.06,53
2026-11-26 14:00:00,4.18,56.33,564.4,33
2026-11-26 15:00:00,2.33,67.03,578.71,37
2026-11-26 16:00:00,2.13,60.3,658.3,57
2026-11-26 17:00:00,-1.57,64.9,597.17,33
2026-11-26 18:00:00,-1.21,65.62,628.95,43
2026-11-26 19:00:00,-0.93,73.87,518.15,11
2026-11-26 20:00:00,-2.36,69.57,527.94,13
2026-11-26 21:00:00,-1.81,68.19,495.44,9
2026-11-26 22:00:00,-1.84,72.77,464.17,7
2026-11-26 23:00:00,0.7,61.34,436.84,0
2026-11-27 00:00:00,-4.6,73.56,520.86,3
2026-11-27 01:00:00,-2.72,71.41,556.37,17
2026-11-27 02:00:00,-6.75,74.18,590.73,13
2026-11-27 03:00:00,-8.31,70.04,587.16,9
2026-11-27 04:00:00,-5.26,66.5,513.58,2
2026-11-27 05:00:00,-7.12,65.63,550.27,11
2026-11-27 06:00:00,-3.06,63.11,505.12,7
2026-11-27 07:00:00,-3.69,63.0,502.71,11
2026-11-27 08:00:00,-5.0,70.33,635.66,31
2026-11-27 09:00:00,3.42,61.47,643.09,49
2026-11-27 10:00:00,-0.17,67.27,677.34,51
2026-11-27 11:00:00,-1.54,68.52,628.53,38
2026-11-27 12:00:00,4.17,56.78,646.49,62
2026-11-27 13:00:00,1.31,58.63,615.07,48
2026-11-27 14:00:00,5.09,60.29,537.34,35
2026-11-27 15:00:00,1.31,60.21,658.3,61
2026-11-27 16:00:00,1.29,59.69,597.36,40
2026-11-27 17:00:00,2.43,71.78,549.25,47
2026-11-27 18:00:00,2.09,55.87,568.99,40
2026-11-27 19:00:00,1.48,74.08,461.54,5
2026-11-27 20:00:00,-1.27,67.33,546.66,7
2026-11-27 21:00:00,-1.07,70.68,492.99,8
2026-11-27 22:00:00,-1.6,70.46,488.64,6
2026-11-27 23:00:00,-3.52,70.55,461.48,1
2026-11-28 00:00:00,-4.92,76.75,582.57,11
2026-11-28 01:00:00,-7.92,65.13,524.14,9
2026-11-28 02:00:00,-3.97,67.0,568.05,9
2026-11-28 03:00:00,-4.95,64.2,496.18,7
2026-11-28 04:00:00,-5.46,60.34,565.71,14
2026-11-28 05:00:00,-1.44,62.7,478.2,6
2026-11-28 06:00:00,-6.02,78.58,505.77,4
2026-11-28 07:00:00,1.08,63.37,519.89,15
2026-11-28 08:00:00,-1.21,75.77,497.53,0
2026-11-28 09:00:00,0.5,75.08,474.95,7
2026-11-28 10:00:00,0.04,79.95,487.81,8
2026-11-28 11:00:00,-1.67,75.7,487.81,8
2026-11-28 12:00:00,2.02,75.38,450.96,2
2026-11-28 13:00:00,3.36,64.27,404.17,3
2026-11-28 14:00:00,4.18,63.21,391.09,12
2026-11-28 15:00:00,2.3,64.86,434.91,14
2026-11-28 16:00:00,-2.09,66.46,483.68,6
2026-11-28 17:00:00,-1.42,66.74,449.15,4
2026-11-28 18:00:00,4.94,65.31,407.27,1
2026-11-28 19:00:00,-2.32,64.29,498.22,12
2026-11-28 20:00:00,1.69,56.93,456.4,12
2026-11-28 21:00:00,-4.07,69.67,466.09,0
2026-11-28 22:00:00,-3.53,64.01,497.66,0
2026-11-28 23:00:00,-2.75,63.98,507.23,9
2026-11-29 00:00:00,-6.35,68.73,575.14,9
2026-11-29 01:00:00,-1.92,64.48,487.91,6
2026-11-29 02:00:00,-5.09,74.11,477.74,8
2026-11-29 03:00:00,-4.18,67.1,483.1,7
2026-11-29 04:00:00,-5.24,74.47,530.81,8
2026-11-29 05:00:00,-2.75,67.96,494.03,4
2026-11-29 06:00:00,-0.08,64.62,463.53,8
2026-11-29 07:00:00,-2.54,67.57,469.7,5
2026-11-29 08:00:00,2.22,56.99,426.53,5
2026-11-29 09:00:00,-1.43,67.69,458.12,1
2026-11-29 10:00:00,2.29,67.65,457.8,7
2026-11-29 11:00:00,2.56,68.16,445.42,11
2026-11-29 12:00:00,0.08,58.18,472.82,7
2026-11-29 13:00:00,3.05,55.27,446.1,7
2026-11-29 14:00:00,2.77,60.38,469.47,13
2026-11-29 15:00:00,0.91,71.28,474.83,12
2026-11-29 16:00:00,2.94,64.05,498.28,15
2026-11-29 17:00:00,1.88,59.81,528.03,17
2026-11-29 18:00:00,0.61,57.31,456.69,8
2026-11-29 19:00:00,-0.34,61.82,443.99,3
2026-11-29 20:00:00,-1.42,62.24,490.48,6
2026-11-29 21:00:00,-3.01,71.79,487.44,10
2026-11-29 22:00:00,-2.96,72.14,498.54,14
2026-11-29 23:00:00,-5.36,63.5,486.67,4
2026-11-30 00:00:00,0.54,68.39,488.24,9
2026-11-30 01:00:00,-8.0,73.85,514.35,5
2026-11-30 02:00:00,-6.48,63.64,525.96,7
2026-11-30 03:00:00,-6.19,68.91,477.82,7
2026-11-30 04:00:00,-0.7,67.19,506.84,10
2026-11-30 05:00:00,-6.78,70.56,605.23,16
2026-11-30 06:00:00,-2.46,58.17,477.08,10
2026-11-30 07:00:00,-1.85,66.95,498.6,6
2026-11-30 08:00:00,-0.65,68.63,576.88,32
2026-11-30 09:00:00,2.19,71.36,593.71,39
2026-11-30 10:00:00,3.12,59.47,561.02,38
2026-11-30 11:00:00,0.61,61.84,610.41,45
2026-11-30 12:00:00,2.54,62.18,586.77,46
2026-11-30 13:00:00,-1.18,67.28,567.08,34
2026-11-30 14:00:00,2.89,63.47,673.21,56
2026-11-30 15:00:00,0.96,67.35,571.82,43
2026-11-30 16:00:00,1.78,58.13,665.91,60
2026-11-30 17:00:00,-1.86,68.28,651.51,47
2026-11-30 18:00:00,1.5,60.24,611.81,46
2026-11-30 19:00:00,-3.67,66.85,516.94,6
2026-11-30 20:00:00,-1.02,74.25,492.64,10
2026-11-30 21:00:00,-4.8,61.37,505.86,2
2026-11-30 22:00:00,-5.01,67.11,564.7,7
2026-11-30 23:00:00,-1.83,59.91,488.47,9
2026-12-01 00:00:00,-3.67,68.33,483.65,14
2026-12-01 01:00:00,-2.95,72.3,522.93,13
2026-12-01 02:00:00,-2.26,67.43,495.36,9
2026-12-01 03:00:00,-6.79,69.17,531.12,4
2026-12-01 04:00:00,-1.85,72.93,471.0,13
2026-12-01 05:00:00,-7.14,71.65,543.11,7
2026-12-01 06:00:00,-1.89,70.42,494.08,10
2026-12-01 07:00:00,-3.4,70.96,528.09,8
2026-12-01 08:00:00,-3.24,52.89,595.67,37
2026-12-01 09:00:00,0.88,64.0,635.65,44
2026-12-01 10:00:00,2.51,57.85,532.12,37
2026-12-01 11:00:00,3.28,58.56,612.49,49
2026-12-01 12:00:00,2.51,70.61,588.37,46
2026-12-01 13:00:00,2.75,61.2,595.55,47
2026-12-01 14:00:00,3.67,71.89,659.19,42
2026-12-01 15:00:00,3.09,55.8,572.93,46
2026-12-01 16:00:00,3.17,57.37,575.35,43
2026-12-01 17:00:00,1.86,67.51,615.75,53
2026-12-01 18:00:00,2.31,61.68,579.53,41
2026-12-01 19:00:00,-3.6,69.06,498.76,6
2026-12-01 20:00:00,-1.64,65.59,464.9,6
2026-12-01 21:00:00,-5.18,67.92,564.47,9
2026-12-01 22:00:00,-2.83,65.46,509.49,3
2026-12-01 23:00:00,-0.92,66.54,468.3,9
2026-12-02 00:00:00,-5.86,72.31,538.03,5
2026-12-02 01:00:00,-5.05,76.61,527.45,11
2026-12-02 02:00:00,-3.93,66.74,459.02,3
2026-12-02 03:00:00,-9.44,69.64,530.24,6
2026-12-02 04:00:00,-5.95,66.55,483.45,5
2026-12-02 05:00:00,-3.54,74.83,532.97,7
2026-12-02 06:00:00,-9.24,74.92,559.95,14
2026-12-02 07:00:00,-4.43,58.61,554.09,11
2026-12-02 08:00:00,0.76,54.75,647.86,53
2026-12-02 09:00:00,1.6,59.73,582.08,41
2026-12-02 10:00:00,1.3,65.24,592.24,42
2026-12-02 11:00:00,3.15,62.63,690.62,57
2026-12-02 12:00:00,2.45,65.86,632.05,51
2026-12-02 13:00:00,3.53,61.65,532.62,33
2026-12-02 14:00:00,1.92,70.64,592.48,34
2026-12-02 15:00:00,2.65,67.0,549.69,27
2026-12-02 16:00:00,0.76,64.86,699.27,71
2026-12-02 17:00:00,3.91,67.99,562.72,36
2026-12-02 18:00:00,3.6,54.24,590.17,57
2026-12-02 19:00:00,2.35,62.93,466.36,10
2026-12-02 20:00:00,-2.26,67.27,504.41,8
2026-12-02 21:00:00,-4.39,71.08,547.67,13
2026-12-02 22:00:00,-0.89,57.05,436.03,4
2026-12-02 23:00:00,-3.18,65.93,510.09,14
2026-12-03 00:00:00,-4.31,70.02,510.64,5
2026-12-03 01:00:00,-6.64,72.03,602.66,17
2026-12-03 02:00:00,-4.65,74.19,513.4,5
2026-12-03 03:00:00,-7.54,74.08,542.21,11
2026-12-03 04:00:00,-3.7,67.29,508.74,2
2026-12-03 05:00:00,-1.58,69.48,494.0,7
2026-12-03 06:00:00,-0.24,64.16,466.46,4
2026-12-03 07:00:00,-1.12,66.52,485.08,2
2026-12-03 08:00:00,-4.27,71.96,612.77,32
2026-12-03 09:00:00,-0.07,64.83,602.48,45
2026-12-03 10:00:00,4.77,63.47,557.43,39
2026-12-03 11:00:00,-0.41,70.1,652.67,43
2026-12-03 12:00:00,1.84,67.27,645.72,41
2026-12-03 13:00:00,5.19,67.54,566.02,47
2026-12-03 14:00:00,3.73,74.03,621.71,39
2026-12-03 15:00:00,7.32,63.39,537.44,40
2026-12-03 16:00:00,0.49,62.35,545.17,26
2026-12-03 17:00:00,-0.66,68.02,674.14,44
2026-12-03 18:00:00,2.94,65.28,595.98,46
2026-12-03 19:00:00,-2.86,70.07,486.91,5
2026-12-03 20:00:00,-1.9,73.8,473.56,5
2026-12-03 21:00:00,-2.67,58.45,493.62,8
2026-12-03 22:00:00,-1.43,73.57,490.69,5
2026-12-03 23:00:00,-3.1,76.43,498.5,9
2026-12-04 00:00:00,-4.11,70.72,519.73,0
2026-12-04 01:00:00,-6.23,72.32,518.67,9
2026-12-04 02:00:00,-3.13,65.98,498.87,4
2026-12-04 03:00:00,2.63,63.19,445.5,5
2026-12-04 04:00:00,-3.64,71.04,532.75,5
2026-12-04 05:00:00,-4.19,71.1,511.4,12
2026-12-04 06:00:00,-6.16,72.91,555.98,10
2026-12-04 07:00:00,-3.87,70.84,571.53,7
2026-12-04 08:00:00,-1.99,70.88,574.37,36
2026-12-04 09:00:00,-1.6,70.05,584.34,36
2026-12-04 10:00:00,0.41,59.59,676.93,47
2026-12-04 11:00:00,4.82,65.79,549.28,36
2026-12-04 12:00:00,4.4,71.22,593.23,44
2026-12-04 13:00:00,1.98,63.48,572.07,38
2026-12-04 14:00:00,0.02,72.48,657.15,41
2026-12-04 15:00:00,4.98,56.93,483.22,31
2026-12-04 16:00:00,1.8,63.59,674.44,53
2026-12-04 17:00:00,-2.19,63.32,653.36,57
2026-12-04 18:00:00,1.86,70.59,572.39,44
2026-12-04 19:00:00,1.53,72.13,419.79,2
2026-12-04 20:00:00,-6.41,68.99,528.75,8
2026-12-04 21:00:00,-4.25,73.83,502.59,8
2026-12-04 22:00:00,-3.78,75.9,490.45,6
2026-12-04 23:00:00,-2.92,66.88,463.0,4
2026-12-05 00:00:00,-6.11,69.93,524.37,12
2026-12-05 01:00:00,-7.14,73.67,497.44,3
2026-12-05 02:00:00,-4.16,63.7,518.88,9
2026-12-05 03:00:00,-6.42,70.04,529.1,11
2026-12-05 04:00:00,-4.0,78.51,456.69,9
2026-12-05 05:00:00,-6.67,67.17,551.83,13
2026-12-05 06:00:00,-6.32,73.69,536.08,3
2026-12-05 07:00:00,-1.14,68.42,470.23,5
2026-12-05 08:00:00,-1.11,64.96,447.95,6
2026-12-05 09:00:00,1.26,65.22,539.34,21
2026-12-05 10:00:00,-0.68,74.24,464.65,10
2026-12-05 11:00:00,-0.38,68.03,486.53,11
2026-12-05 12:00:00,,65.35,451.62,11
2026-12-05 13:00:00,-0.8,73.56,519.47,8
2026-12-05 14:00:00,4.89,60.13,466.24,12
2026-12-05 15:00:00,4.89,56.34,407.99,1
2026-12-05 16:00:00,3.57,71.34,482.22,9
2026-12-05 17:00:00,-0.16,65.8,457.84,10
2026-12-05 18:00:00,-1.25,70.34,548.06,12
2026-12-05 19:00:00,-1.0,61.89,388.39,3
2026-12-05 20:00:00,-4.21,69.89,533.93,4
2026-12-05 21:00:00,-4.57,62.72,475.43,4
2026-12-05 22:00:00,-2.33,66.95,516.03,10
2026-12-05 23:00:00,-3.14,63.96,547.13,10
2026-12-06 00:00:00,-7.23,65.67,535.19,4
2026-12-06 01:00:00,-4.18,66.41,552.48,16
2026-12-06 02:00:00,-4.76,56.86,535.78,9
2026-12-06 03:00:00,-2.51,60.96,459.83,8
2026-12-06 04:00:00,-3.99,71.71,478.72,7
2026-12-06 05:00:00,-2.38,68.4,521.41,12
2026-12-06 06:00:00,-2.71,61.53,498.2,10
2026-12-06 07:00:00,-0.74,68.26,508.95,16
2026-12-06 08:00:00,-4.24,63.58,522.31,3
2026-12-06 09:00:00,-0.87,69.22,492.42,2
2026-12-06 10:00:00,0.26,64.24,440.48,5
2026-12-06 11:00:00,0.68,62.9,490.83,10
2026-12-06 12:00:00,2.69,62.66,408.68,6
2026-12-06 13:00:00,3.47,75.37,439.19,13
2026-12-06 14:00:00,3.12,59.02,419.65,6
2026-12-06 15:00:00,1.84,64.84,479.1,12
2026-12-06 16:00:00,0.33,68.68,448.71,5
2026-12-06 17:00:00,3.36,57.84,475.62,13
2026-12-06 18:00:00,1.03,56.3,484.29,13
2026-12-06 19:00:00,-2.67,63.86,517.24,6
2026-12-06 20:00:00,-2.05,70.23,520.08,10
2026-12-06 21:00:00,-6.19,67.62,507.92,9
2026-12-06 22:00:00,-3.59,66.36,538.63,10
2026-12-06 23:00:00,-4.89,72.98,522.51,13
2026-12-07 00:00:00,-6.33,65.4,554.78,12
2026-12-07 01:00:00,-2.41,66.24,494.16,10
2026-12-07 02:00:00,-8.02,63.05,584.34,11
2026-12-07 03:00:00,-4.16,69.52,512.89,3
2026-12-07 04:00:00,-0.8,66.71,467.82,8
2026-12-07 05:00:00,-2.39,70.65,474.33,4
2026-12-07 06:00:00,-3.78,61.92,587.18,8
2026-12-07 07:00:00,-5.02,67.55,506.51,12
2026-12-07 08:00:00,-4.44,61.71,651.0,48
2026-12-07 09:00:00,-1.5,64.82,591.69,38
2026-12-07 10:00:00,-1.09,73.17,545.89,28
2026-12-07 11:00:00,-0.32,63.62,549.67,32
2026-12-07 12:00:00,1.1,57.4,668.4,60
2026-12-07 13:00:00,1.95,60.24,570.87,33
2026-12-07 14:00:00,3.26,54.66,553.74,45
2026-12-07 15:00:00,-0.32,58.75,604.8,43
2026-12-07 16:00:00,0.39,68.08,599.12,43
2026-12-07 17:00:00,0.8,57.21,571.34,42
2026-12-07 18:00:00,-0.1,66.63,684.59,53
2026-12-07 19:00:00,3.0,63.03,445.81,11
2026-12-07 20:00:00,-1.25,63.22,476.41,14
2026-12-07 21:00:00,-5.97,70.32,520.06,0
2026-12-07 22:00:00,-2.88,62.32,530.97,8
2026-12-07 23:00:00,-3.45,71.62,487.93,1
2026-12-08 00:00:00,-5.47,65.34,484.74,5
2026-12-08 01:00:00,-8.05,68.7,525.93,5
2026-12-08 02:00:00,-2.24,64.04,477.71,8
2026-12-08 03:00:00,-7.76,73.88,551.98,10
2026-12-08 04:00:00,-3.9,70.45,545.92,12
2026-12-08 05:00:00,-4.18,54.82,506.92,9
2026-12-08 06:00:00,-2.55,68.06,511.57,11
2026-12-08 07:00:00,0.62,55.84,435.61,4
2026-12-08 08:00:00,-0.63,63.74,684.65,54
2026-12-08 09:00:00,-1.84,65.75,697.18,57
2026-12-08 10:00:00,2.46,61.52,644.67,67
2026-12-08 11:00:00,-0.19,67.64,559.4,39
2026-12-08 12:00:00,2.04,67.18,568.44,36
2026-12-08 13:00:00,-0.48,61.47,683.95,53
2026-12-08 14:00:00,0.18,60.83,688.01,54
2026-12-08 15:00:00,2.21,63.27,594.37,37
2026-12-08 16:00:00,2.44,55.57,614.52,50
2026-12-08 17:00:00,-2.33,64.25,789.64,72
2026-12-08 18:00:00,1.24,70.87,606.91,46
2026-12-08 19:00:00,-2.36,59.12,489.96,10
2026-12-08 20:00:00,0.8,62.74,439.8,9
2026-12-08 21:00:00,-3.49,64.48,485.88,5
2026-12-08 22:00:00,-6.0,79.23,514.76,8
2026-12-08 23:00:00,-4.43,65.41,531.2,3
2026-12-09 00:00:00,-7.09,67.57,563.98,6
2026-12-09 01:00:00,-3.12,62.03,517.55,12
2026-12-09 02:00:00,-5.79,69.1,555.0,12
2026-12-09 03:00:00,-5.96,70.52,527.31,11
2026-12-09 04:00:00,-4.08,63.42,461.29,12
2026-12-09 05:00:00,-6.63,74.59,535.25,12
2026-12-09 06:00:00,-6.37,70.82,542.04,5
2026-12-09 07:00:00,-2.01,70.67,515.03,9
2026-12-09 08:00:00,-3.99,66.16,711.37,61
2026-12-09 09:00:00,-2.96,68.29,626.4,34
2026-12-09 10:00:00,1.88,62.62,607.59,48
2026-12-09 11:00:00,2.08,70.83,568.85,41
2026-12-09 12:00:00,-0.84,66.17,656.41,46
2026-12-09 13:00:00,0.83,64.46,639.57,54
2026-12-09 14:00:00,0.4,62.43,676.72,53
2026-12-09 15:00:00,5.62,58.49,554.19,52
2026-12-09 16:00:00,3.48,63.75,606.12,51
2026-12-09 17:00:00,0.19,68.96,591.66,32
2026-12-09 18:00:00,1.36,60.63,669.37,56
2026-12-09 19:00:00,-3.47,68.06,499.68,7
2026-12-09 20:00:00,-3.14,68.12,500.29,5
2026-12-09 21:00:00,-2.62,68.63,495.95,6
2026-12-09 22:00:00,-2.89,58.49,475.76,12
2026-12-09 23:00:00,-4.82,63.75,483.9,2
2026-12-10 00:00:00,-4.8,61.53,492.65,1
2026-12-10 01:00:00,-5.54,69.04,545.67,10
2026-12-10 02:00:00,-6.16,64.81,515.66,6
2026-12-10 03:00:00,-6.29,66.92,540.87,14
2026-12-10 04:00:00,-6.15,63.33,490.02,7
2026-12-10 05:00:00,-4.2,65.92,529.52,8
2026-12-10 06:00:00,-3.01,61.49,527.92,11
2026-12-10 07:00:00,-2.47,70.52,500.1,1
2026-12-10 08:00:00,-4.19,70.33,583.83,32
2026-12-10 09:00:00,-2.79,67.71,705.23,58
2026-12-10 10:00:00,0.97,62.81,602.12,46
2026-12-10 11:00:00,3.94,52.05,590.79,46
2026-12-10 12:00:00,1.94,61.35,713.41,53
2026-12-10 13:00:00,1.21,60.35,585.14,32
2026-12-10 14:00:00,2.62,64.4,561.09,39
2026-12-10 15:00:00,-0.24,68.27,631.03,47
2026-12-10 16:00:00,4.25,63.65,511.38,27
2026-12-10 17:00:00,1.37,70.36,556.24,28
2026-12-10 18:00:00,-1.17,62.98,562.8,37
2026-12-10 19:00:00,-1.13,62.74,499.77,10
2026-12-10 20:00:00,-2.89,72.21,490.49,17
2026-12-10 21:00:00,-0.24,66.0,445.17,10
2026-12-10 22:00:00,-4.24,66.73,531.31,0
2026-12-10 23:00:00,-4.35,77.28,502.93,5
2026-12-11 00:00:00,-4.18,70.82,532.49,3
2026-12-11 01:00:00,-7.21,69.09,533.45,12
2026-12-11 02:00:00,-5.48,65.4,468.1,8
2026-12-11 03:00:00,-5.18,75.26,518.39,12
2026-12-11 04:00:00,-8.44,71.94,628.03,10
2026-12-11 05:00:00,-4.19,68.05,488.39,10
2026-12-11 06:00:00,-3.96,71.15,539.4,3
2026-12-11 07:00:00,-2.64,71.25,520.82,10
2026-12-11 08:00:00,-1.79,69.0,706.95,60
2026-12-11 09:00:00,-0.31,69.64,614.55,45
2026-12-11 10:00:00,2.81,65.29,556.75,39
2026-12-11 11:00:00,-1.39,68.75,636.34,41
2026-12-11 12:00:00,0.92,60.7,643.98,44
2026-12-11 13:00:00,3.33,71.72,566.27,34
2026-12-11 14:00:00,3.1,56.66,588.5,39
2026-12-11 15:00:00,2.92,64.5,546.02,34
2026-12-11 16:00:00,7.11,53.34,627.9,48
2026-12-11 17:00:00,2.19,62.97,626.96,49
2026-12-11 18:00:00,2.4,60.47,583.26,27
2026-12-11 19:00:00,-1.44,66.69,461.09,7
2026-12-11 20:00:00,-3.85,69.4,527.04,12
2026-12-11 21:00:00,-3.53,62.69,519.27,5
2026-12-11 22:00:00,-2.44,66.56,501.16,8
2026-12-11 23:00:00,-3.88,74.68,511.21,3
2026-12-12 00:00:00,-4.55,61.62,498.97,11
2026-12-12 01:00:00,-6.19,65.06,537.12,13
2026-12-12 02:00:00,-6.64,73.95,501.44,4
2026-12-12 03:00:00,-6.12,69.67,526.07,7
2026-12-12 04:00:00,-3.91,68.49,499.67,6
2026-12-12 05:00:00,-3.04,72.24,512.09,12
2026-12-12 06:00:00,-5.91,65.16,563.86,14
2026-12-12 07:00:00,-1.4,63.39,453.65,6
2026-12-12 08:00:00,-3.19,64.02,417.05,0
2026-12-12 09:00:00,0.08,63.2,480.08,13
2026-12-12 10:00:00,-0.28,71.89,540.26,8
2026-12-12 11:00:00,4.07,53.65,449.92,8
2026-12-12 12:00:00,0.73,58.51,461.2,12
2026-12-12 13:00:00,2.33,56.54,457.91,7
2026-12-12 14:00:00,3.32,69.68,441.75,5
2026-12-12 15:00:00,0.22,61.77,477.64,7
2026-12-12 16:00:00,,62.37,494.34,10
2026-12-12 17:00:00,0.4,56.65,487.0,12
2026-12-12 18:00:00,-0.92,64.33,513.98,15
2026-12-12 19:00:00,-1.74,70.55,539.96,10
2026-12-12 20:00:00,0.33,66.03,487.36,7
2026-12-12 21:00:00,-4.13,67.35,531.93,12
2026-12-12 22:00:00,-2.76,59.11,480.89,4
2026-12-12 23:00:00,-4.09,66.23,520.28,14
2026-12-13 00:00:00,-8.18,71.46,520.83,9
2026-12-13 01:00:00,-4.74,63.36,527.75,7
2026-12-13 02:00:00,-8.75,74.4,571.91,4
2026-12-13 03:00:00,-4.53,72.59,541.01,11
2026-12-13 04:00:00,-6.4,66.84,540.31,7
2026-12-13 05:00:00,-4.73,71.94,497.71,8
2026-12-13 06:00:00,-6.51,69.01,491.62,1
2026-12-13 07:00:00,-2.71,72.63,466.78,6
2026-12-13 08:00:00,-0.07,75.22,471.36,6
2026-12-13 09:00:00,-2.5,61.28,526.28,10
2026-12-13 10:00:00,-1.13,69.64,469.06,7
2026-12-13 11:00:00,1.82,70.25,433.79,0
2026-12-13 12:00:00,2.5,58.39,463.6,6
2026-12-13 13:00:00,-2.92,64.17,507.66,2
2026-12-13 14:00:00,6.11,57.79,365.48,4
2026-12-13 15:00:00,3.0,62.23,455.92,12
2026-12-13 16:00:00,2.94,61.16,405.94,1
2026-12-13 17:00:00,0.62,63.57,454.68,9
2026-12-13 18:00:00,-3.63,71.73,494.73,6
2026-12-13 19:00:00,0.47,55.19,406.54,5
2026-12-13 20:00:00,-3.05,62.27,475.35,4
2026-12-13 21:00:00,-1.87,69.66,502.64,9
2026-12-13 22:00:00,-4.36,70.81,498.33,10
2026-12-13 23:00:00,-4.27,62.7,470.68,1
2026-12-14 00:00:00,-6.96,72.67,558.67,13
2026-12-14 01:00:00,-4.08,74.49,502.21,3
2026-12-14 02:00:00,-8.32,70.58,514.36,10
2026-12-14 03:00:00,-1.31,60.88,483.83,3
2026-12-14 04:00:00,-0.93,70.03,500.22,6
2026-12-14 05:00:00,-1.5,74.67,458.75,3
2026-12-14 06:00:00,-1.39,61.54,519.85,6
2026-12-14 07:00:00,-3.15,67.4,513.26,7
2026-12-14 08:00:00,0.39,70.18,642.48,47
2026-12-14 09:00:00,-1.1,66.35,674.7,50
2026-12-14 10:00:00,-3.05,58.4,621.88,46
2026-12-14 11:00:00,3.89,64.49,614.44,52
2026-12-14 12:00:00,3.78,57.46,518.25,23
2026-12-14 13:00:00,1.86,57.34,561.61,39
2026-12-14 14:00:00,-0.39,56.64,649.32,54
2026-12-14 15:00:00,0.75,70.43,604.79,36
2026-12-14 16:00:00,-2.12,62.31,608.55,35
2026-12-14 17:00:00,2.78,64.72,599.03,44
2026-12-14 18:00:00,-3.15,70.1,656.13,45
2026-12-14 19:00:00,-0.33,66.04,466.12,5
2026-12-14 20:00:00,-3.63,69.02,522.19,6
2026-12-14 21:00:00,-5.83,70.99,590.38,10
2026-12-14 22:00:00,-3.46,68.12,512.37,7
2026-12-14 23:00:00,-5.44,65.01,550.8,7
2026-12-15 00:00:00,-3.75,63.38,505.92,11
2026-12-15 01:00:00,-8.36,70.33,575.54,19
2026-12-15 02:00:00,-7.47,69.6,542.65,13
2026-12-15 03:00:00,-10.6,74.57,577.39,15
2026-12-15 04:00:00,-9.79,77.36,529.39,1
2026-12-15 05:00:00,-1.19,67.55,528.93,12
2026-12-15 06:00:00,0.21,60.8,482.86,4
2026-12-15 07:00:00,-2.81,56.06,507.41,15
2026-12-15 08:00:00,-3.61,63.68,597.58,33
2026-12-15 09:00:00,-1.52,59.34,674.96,55
2026-12-15 10:00:00,1.79,60.1,673.66,60
2026-12-15 11:00:00,-0.16,66.32,593.6,33
2026-12-15 12:00:00,1.98,64.04,526.67,27
2026-12-15 13:00:00,1.88,72.98,619.04,47
2026-12-15 14:00:00,0.9,66.78,673.49,50
2026-12-15 15:00:00,0.85,73.95,625.28,46
2026-12-15 16:00:00,2.09,67.11,594.21,44
2026-12-15 17:00:00,-1.09,71.19,563.42,26
2026-12-15 18:00:00,0.94,62.55,603.44,41
2026-12-15 19:00:00,-1.87,60.93,458.58,10
2026-12-15 20:00:00,-1.71,63.95,478.19,8
2026-12-15 21:00:00,-0.23,65.1,505.47,12
2026-12-15 22:00:00,-4.3,64.87,570.23,10
2026-12-15 23:00:00,-2.95,62.06,476.82,6
2026-12-16 00:00:00,-9.02,73.4,573.75,7
2026-12-16 01:00:00,-6.78,64.72,530.9,7
2026-12-16 02:00:00,-5.92,61.48,539.9,5
2026-12-16 03:00:00,-1.99,60.78,473.73,8
2026-12-16 04:00:00,-9.36,70.38,564.0,3
2026-12-16 05:00:00,-5.0,63.54,559.43,10
2026-12-16 06:00:00,-1.06,64.6,544.76,14
2026-12-16 07:00:00,-4.58,71.21,556.1,8
2026-12-16 08:00:00,-2.4,69.55,646.75,43
2026-12-16 09:00:00,-0.28,61.89,754.03,73
2026-12-16 10:00:00,0.39,58.2,668.92,60
2026-12-16 11:00:00,3.98,59.33,507.69,38
2026-12-16 12:00:00,2.39,66.61,619.66,46
2026-12-16 13:00:00,4.54,66.27,507.2,25
2026-12-16 14:00:00,1.3,65.85,641.41,45
2026-12-16 15:00:00,0.41,70.72,715.81,62
2026-12-16 16:00:00,1.04,72.92,708.73,73
2026-12-16 17:00:00,-1.46,63.61,690.23,44
2026-12-16 18:00:00,0.99,71.74,1365.98,48
2026-12-16 19:00:00,-1.71,64.9,447.33,5
2026-12-16 20:00:00,-3.32,72.42,454.52,1
2026-12-16 21:00:00,-2.01,69.95,461.33,12
2026-12-16 22:00:00,-6.26,59.5,529.43,5
2026-12-16 23:00:00,-3.26,62.45,482.17,6
2026-12-17 00:00:00,-6.41,63.38,526.6,13
2026-12-17 01:00:00,-3.53,58.56,501.86,12
2026-12-17 02:00:00,-6.77,74.14,522.22,6
2026-12-17 03:00:00,-4.59,78.55,532.66,6
2026-12-17 04:00:00,-5.09,67.28,451.34,1
2026-12-17 05:00:00,-3.33,71.6,451.15,0
2026-12-17 06:00:00,-3.77,75.06,540.03,11
2026-12-17 07:00:00,-6.35,70.49,532.31,11
2026-12-17 08:00:00,0.03,64.85,667.41,52
2026-12-17 09:00:00,-1.13,64.56,679.08,59
2026-12-17 10:00:00,1.59,66.57,629.66,39
2026-12-17 11:00:00,2.22,67.82,631.46,49
2026-12-17 12:00:00,-0.07,67.36,569.93,23
2026-12-17 13:00:00,0.05,67.1,635.69,44
2026-12-17 14:00:00,3.32,62.42,627.27,49
2026-12-17 15:00:00,1.27,56.15,609.03,50
2026-12-17 16:00:00,3.35,67.14,567.13,29
2026-12-17 17:00:00,0.49,58.24,606.49,41
2026-12-17 18:00:00,2.06,66.65,576.97,42
2026-12-17 19:00:00,-0.1,68.85,409.72,3
2026-12-17 20:00:00,-1.41,60.29,486.71,7
2026-12-17 21:00:00,-3.77,64.6,552.45,10
2026-12-17 22:00:00,-3.52,78.07,488.63,7
2026-12-17 23:00:00,-2.43,66.3,475.03,8
2026-12-18 00:00:00,-5.57,62.8,516.32,9
2026-12-18 01:00:00,-4.8,72.36,521.61,1
2026-12-18 02:00:00,-5.9,65.27,452.83,1
2026-12-18 03:00:00,-5.61,59.32,504.22,9
2026-12-18 04:00:00,-2.01,69.01,462.42,6
2026-12-18 05:00:00,-2.42,62.11,500.33,6
2026-12-18 06:00:00,-3.84,69.29,517.65,10
2026-12-18 07:00:00,-2.6,62.76,472.53,4
2026-12-18 08:00:00,-3.4,70.91,681.22,52
2026-12-18 09:00:00,-1.31,66.83,617.06,35
2026-12-18 10:00:00,0.62,51.62,633.12,44
2026-12-18 11:00:00,2.54,65.14,706.15,64
2026-12-18 12:00:00,2.97,61.47,581.25,37
2026-12-18 13:00:00,-0.35,72.33,685.33,49
2026-12-18 14:00:00,3.96,64.2,583.82,48
2026-12-18 15:00:00,1.69,67.6,622.55,45
2026-12-18 16:00:00,-0.5,61.8,616.95,28
2026-12-18 17:00:00,3.51,58.6,580.05,53
2026-12-18 18:00:00,2.93,62.82,587.91,45
2026-12-18 19:00:00,-0.43,63.5,450.22,7
2026-12-18 20:00:00,-0.58,72.09,523.07,15
2026-12-18 21:00:00,-1.49,65.28,527.5,8
2026-12-18 22:00:00,-1.2,59.72,464.84,0
2026-12-18 23:00:00,-3.37,63.22,469.08,1
2026-12-19 00:00:00,-8.12,75.51,598.53,16
2026-12-19 01:00:00,-1.84,65.45,480.12,7
2026-12-19 02:00:00,-3.87,66.6,518.92,9
2026-12-19 03:00:00,-6.88,75.12,556.77,8
2026-12-19 04:00:00,-7.52,65.69,605.21,14
2026-12-19 05:00:00,-3.82,56.5,482.46,0
2026-12-19 06:00:00,-4.56,63.92,540.29,13
2026-12-19 07:00:00,-2.37,67.87,570.34,13
2026-12-19 08:00:00,-0.51,64.11,432.59,8
2026-12-19 09:00:00,-2.1,58.67,494.02,10
2026-12-19 10:00:00,-2.23,71.64,476.7,7
2026-12-19 11:00:00,1.6,64.7,432.02,1
2026-12-19 12:00:00,0.4,66.67,500.53,10
2026-12-19 13:00:00,2.16,65.59,489.68,9
2026-12-19 14:00:00,-0.69,58.99,469.94,9
2026-12-19 15:00:00,1.36,65.56,492.01,10
2026-12-19 16:00:00,2.9,67.51,424.74,6
2026-12-19 17:00:00,2.04,69.27,456.97,14
2026-12-19 18:00:00,-1.58,69.71,496.27,8
2026-12-19 19:00:00,-3.3,69.88,511.51,10
2026-12-19 20:00:00,-1.97,57.69,520.8,7
2026-12-19 21:00:00,-1.91,66.26,564.32,12
2026-12-19 22:00:00,-3.19,62.45,487.92,8
2026-12-19 23:00:00,-5.85,75.51,486.57,8
2026-12-20 00:00:00,-4.87,74.06,509.33,13
2026-12-20 01:00:00,-2.86,62.25,450.21,1
2026-12-20 02:00:00,-5.59,68.68,526.37,7
2026-12-20 03:00:00,-9.13,72.63,540.81,6
2026-12-20 04:00:00,-5.06,73.04,499.42,9
2026-12-20 05:00:00,-0.74,57.14,527.34,9
2026-12-20 06:00:00,-6.57,58.55,541.82,8
2026-12-20 07:00:00,-2.98,67.27,536.18,5
2026-12-20 08:00:00,-2.45,54.06,443.46,8
2026-12-20 09:00:00,-0.77,66.33,522.24,9
2026-12-20 10:00:00,0.39,67.69,470.46,7
2026-12-20 11:00:00,3.11,69.0,464.26,12
2026-12-20 12:00:00,1.63,60.74,471.93,10
2026-12-20 13:00:00,4.42,62.71,423.64,8
2026-12-20 14:00:00,1.76,67.02,429.92,0
2026-12-20 15:00:00,1.16,58.31,483.5,7
2026-12-20 16:00:00,0.13,69.49,441.59,11
2026-12-20 17:00:00,-2.81,68.34,536.08,7
2026-12-20 18:00:00,0.55,61.59,485.52,9
2026-12-20 19:00:00,3.14,63.51,445.31,7
2026-12-20 20:00:00,-1.08,65.06,513.83,9
2026-12-20 21:00:00,-1.66,70.06,526.86,14
2026-12-20 22:00:00,-4.83,66.58,518.46,11
2026-12-20 23:00:00,-5.32,69.86,484.37,3
2026-12-21 00:00:00,-3.49,64.34,516.37,1
2026-12-21 01:00:00,-1.84,61.6,460.13,10
2026-12-21 02:00:00,-3.02,67.97,518.31,13
2026-12-21 03:00:00,-4.25,63.49,448.97,1
2026-12-21 04:00:00,-5.39,72.78,536.19,7
2026-12-21 05:00:00,-4.41,71.05,553.63,17
2026-12-21 06:00:00,-5.5,65.03,486.52,7
2026-12-21 07:00:00,-5.93,70.22,548.29,18
2026-12-21 08:00:00,-4.25,64.13,659.16,45
2026-12-21 09:00:00,-0.86,57.58,644.37,48
2026-12-21 10:00:00,-0.58,62.42,598.68,50
2026-12-21 11:00:00,-2.11,66.22,643.79,49
2026-12-21 12:00:00,1.39,66.63,682.33,61
2026-12-21 13:00:00,1.23,64.89,648.73,46
2026-12-21 14:00:00,-0.34,69.78,601.45,32
2026-12-21 15:00:00,1.13,59.31,536.69,29
2026-12-21 16:00:00,0.82,62.54,707.84,61
2026-12-21 17:00:00,-0.4,73.5,648.53,50
2026-12-21 18:00:00,1.86,54.05,532.59,47
2026-12-21 19:00:00,-4.77,66.08,548.89,7
2026-12-21 20:00:00,-5.97,63.82,543.13,10
2026-12-21 21:00:00,-3.03,66.14,481.64,1
2026-12-21 22:00:00,-3.8,65.49,513.35,9
2026-12-21 23:00:00,-4.02,70.82,521.37,8
2026-12-22 00:00:00,-6.53,70.85,529.14,7
2026-12-22 01:00:00,-7.69,63.86,531.91,8
2026-12-22 02:00:00,-6.01,66.26,508.67,7
2026-12-22 03:00:00,-6.74,69.72,516.58,3
2026-12-22 04:00:00,-2.35,70.34,505.94,15
2026-12-22 05:00:00,-5.47,80.99,521.19,12
2026-12-22 06:00:00,-4.1,71.38,516.42,6
2026-12-22 07:00:00,1.92,58.59,453.81,1
2026-12-22 08:00:00,-2.38,66.2,600.05,38
2026-12-22 09:00:00,0.16,65.8,671.76,60
2026-12-22 10:00:00,1.3,61.49,613.37,56
2026-12-22 11:00:00,2.3,65.74,524.45,32
2026-12-22 12:00:00,2.05,52.21,560.43,43
2026-12-22 13:00:00,2.26,66.18,603.01,37
2026-12-22 14:00:00,2.21,61.07,515.35,33
2026-12-22 15:00:00,0.72,63.95,628.63,44
2026-12-22 16:00:00,2.12,70.84,639.78,53
2026-12-22 17:00:00,4.89,55.27,590.92,44
2026-12-22 18:00:00,2.43,64.66,1274.82,40
2026-12-22 19:00:00,-0.35,69.21,482.1,8
2026-12-22 20:00:00,-0.28,66.05,481.35,1
2026-12-22 21:00:00,-4.76,60.26,537.91,5
2026-12-22 22:00:00,-4.51,74.91,553.22,7
2026-12-22 23:00:00,-2.92,65.99,491.74,10
2026-12-23 00:00:00,-2.47,64.09,471.86,14
2026-12-23 01:00:00,-7.39,68.62,529.24,6
2026-12-23 02:00:00,-6.95,67.95,540.99,8
2026-12-23 03:00:00,-1.48,60.09,407.21,1
2026-12-23 04:00:00,-5.25,69.5,530.51,9
2026-12-23 05:00:00,-1.16,62.83,406.7,4
2026-12-23 06:00:00,-3.57,70.85,544.93,7
2026-12-23 07:00:00,-2.52,69.35,521.23,10
2026-12-23 08:00:00,-2.59,74.94,686.35,58
2026-12-23 09:00:00,0.94,63.28,620.53,45
2026-12-23 10:00:00,2.73,59.07,649.9,56
2026-12-23 11:00:00,-1.22,58.51,667.47,51
2026-12-23 12:00:00,0.78,75.42,674.11,56
2026-12-23 13:00:00,3.71,65.71,597.93,39
2026-12-23 14:00:00,1.76,60.31,521.57,31
2026-12-23 15:00:00,0.9,72.84,652.38,53
2026-12-23 16:00:00,3.5,69.33,651.32,46
2026-12-23 17:00:00,3.05,56.11,567.0,40
2026-12-23 18:00:00,-0.88,61.85,666.27,52
2026-12-23 19:00:00,-0.52,64.7,480.15,14
2026-12-23 20:00:00,-4.4,62.73,580.94,12
2026-12-23 21:00:00,-4.81,67.88,519.1,6
2026-12-23 22:00:00,-3.73,71.17,490.04,10
2026-12-23 23:00:00,-4.75,61.46,531.56,6
2026-12-24 00:00:00,-7.37,71.62,515.61,8
2026-12-24 01:00:00,-7.26,75.93,560.47,8
2026-12-24 02:00:00,-8.1,72.67,542.7,0
2026-12-24 03:00:00,-4.92,68.07,557.54,5
2026-12-24 04:00:00,-9.37,68.22,597.44,17
2026-12-24 05:00:00,-6.82,73.93,539.53,8
2026-12-24 06:00:00,-7.69,64.5,491.04,9
2026-12-24 07:00:00,,67.73,485.95,8
2026-12-24 08:00:00,-5.57,69.03,684.43,52
2026-12-24 09:00:00,-0.87,71.24,612.4,40
2026-12-24 10:00:00,3.31,59.77,642.88,60
2026-12-24 11:00:00,4.21,59.57,540.38,28
2026-12-24 12:00:00,-2.12,60.27,626.53,45
2026-12-24 13:00:00,2.49,65.44,602.06,41
2026-12-24 14:00:00,0.05,62.84,595.32,39
2026-12-24 15:00:00,-0.49,61.03,623.39,48
2026-12-24 16:00:00,1.27,60.28,549.21,34
2026-12-24 17:00:00,3.32,65.36,691.66,67
2026-12-24 18:00:00,1.23,58.62,591.23,31
2026-12-24 19:00:00,-2.36,61.58,545.13,25
2026-12-24 20:00:00,-0.56,69.87,497.67,11
2026-12-24 21:00:00,-7.49,69.41,554.65,8
2026-12-24 22:00:00,-5.47,73.61,542.29,12
2026-12-24 23:00:00,-6.44,67.71,500.15,11
2026-12-25 00:00:00,-5.26,68.68,524.39,5
2026-12-25 01:00:00,-6.22,70.14,466.43,1
2026-12-25 02:00:00,-6.23,76.3,509.1,10
2026-12-25 03:00:00,-6.16,75.84,515.27,11
2026-12-25 04:00:00,-5.37,74.53,519.78,7
2026-12-25 05:00:00,-3.7,64.45,509.38,15
2026-12-25 06:00:00,-3.65,62.62,492.55,14
2026-12-25 07:00:00,-3.56,71.29,533.37,11
2026-12-25 08:00:00,-1.15,72.69,634.85,44
2026-12-25 09:00:00,0.74,70.3,579.02,29
2026-12-25 10:00:00,-1.06,65.81,589.2,38
2026-12-25 11:00:00,0.76,68.11,624.92,46
2026-12-25 12:00:00,3.84,66.04,588.42,38
2026-12-25 13:00:00,-0.29,65.95,514.35,25
2026-12-25 14:00:00,5.66,62.0,565.67,46
2026-12-25 15:00:00,-0.77,66.03,628.9,38
2026-12-25 16:00:00,0.82,60.48,642.34,52
2026-12-25 17:00:00,-1.02,62.29,585.51,34
2026-12-25 18:00:00,4.42,58.4,674.81,68
2026-12-25 19:00:00,-1.92,58.35,496.58,2
2026-12-25 20:00:00,-2.95,67.78,524.54,13
2026-12-25 21:00:00,-3.73,67.41,489.27,3
2026-12-25 22:00:00,-3.76,71.44,481.63,0
2026-12-25 23:00:00,-5.44,75.11,467.19,3
2026-12-26 00:00:00,-5.66,75.58,552.02,10
2026-12-26 01:00:00,-12.85,81.09,568.89,7
2026-12-26 02:00:00,-5.82,65.29,480.88,5
2026-12-26 03:00:00,-5.76,61.87,486.35,10
2026-12-26 04:00:00,-3.32,71.98,476.97,9
2026-12-26 05:00:00,-2.14,73.41,413.12,0
2026-12-26 06:00:00,-4.31,75.79,503.74,10
2026-12-26 07:00:00,-1.33,68.36,499.39,13
2026-12-26 08:00:00,-4.13,57.91,529.96,8
2026-12-26 09:00:00,0.64,66.38,471.75,7
2026-12-26 10:00:00,-1.08,68.53,526.07,16
2026-12-26 11:00:00,-1.47,72.29,516.23,5
2026-12-26 12:00:00,1.16,71.33,399.84,7
2026-12-26 13:00:00,4.73,66.23,456.2,9
2026-12-26 14:00:00,2.43,60.36,463.49,8
2026-12-26 15:00:00,4.93,56.41,447.95,7
2026-12-26 16:00:00,0.04,67.64,436.35,8
2026-12-26 17:00:00,2.99,58.94,459.96,14
2026-12-26 18:00:00,-1.23,73.24,484.12,11
2026-12-26 19:00:00,-0.44,56.79,441.6,8
2026-12-26 20:00:00,-1.5,68.88,537.08,5
2026-12-26 21:00:00,-1.64,67.75,467.49,5
2026-12-26 22:00:00,-3.43,66.37,544.91,12
2026-12-26 23:00:00,-6.24,64.74,519.84,2
2026-12-27 00:00:00,-3.61,57.22,503.1,18
2026-12-27 01:00:00,-2.31,63.96,481.99,8
2026-12-27 02:00:00,-7.07,67.38,515.95,2
2026-12-27 03:00:00,-9.44,77.17,576.06,9
2026-12-27 04:00:00,-4.37,64.15,507.75,5
2026-12-27 05:00:00,-5.4,71.04,563.14,6
2026-12-27 06:00:00,-4.17,61.46,507.1,2
2026-12-27 07:00:00,-1.83,68.68,508.19,7
2026-12-27 08:00:00,-2.82,55.79,485.39,0
2026-12-27 09:00:00,-1.41,76.46,522.66,6
2026-12-27 10:00:00,-0.11,64.37,449.54,5
2026-12-27 11:00:00,3.86,48.32,386.24,6
2026-12-27 12:00:00,1.62,60.28,433.89,5
2026-12-27 13:00:00,-0.51,60.98,445.1,8
2026-12-27 14:00:00,-0.3,61.93,467.56,12
2026-12-27 15:00:00,2.24,61.61,465.67,9
2026-12-27 16:00:00,-0.7,62.18,488.31,13
2026-12-27 17:00:00,-2.2,62.46,501.82,6
2026-12-27 18:00:00,,58.25,474.47,9
2026-12-27 19:00:00,0.5,68.76,491.97,9
2026-12-27 20:00:00,-2.64,72.86,492.23,13
2026-12-27 21:00:00,-2.35,65.38,463.51,5
2026-12-27 22:00:00,-3.53,67.38,473.02,11
2026-12-27 23:00:00,-3.53,61.84,504.2,5
2026-12-28 00:00:00,-4.13,68.25,552.6,6
2026-12-28 01:00:00,-10.95,73.82,571.42,7
2026-12-28 02:00:00,-6.36,68.36,545.51,10
2026-12-28 03:00:00,-4.71,70.28,489.19,4
2026-12-28 04:00:00,-6.16,70.86,511.42,4
2026-12-28 05:00:00,-4.64,62.97,535.01,5
2026-12-28 06:00:00,-2.38,72.63,506.17,8
2026-12-28 07:00:00,-2.75,65.89,501.73,4
2026-12-28 08:00:00,1.14,72.58,617.57,36
2026-12-28 09:00:00,1.41,66.12,608.36,36
2026-12-28 10:00:00,-0.12,74.94,665.09,52
2026-12-28 11:00:00,0.55,70.49,576.32,32
2026-12-28 12:00:00,-4.12,69.02,621.38,37
2026-12-28 13:00:00,1.33,60.45,583.6,35
2026-12-28 14:00:00,-0.59,61.9,647.77,52
2026-12-28 15:00:00,2.43,65.97,588.41,38
2026-12-28 16:00:00,1.89,64.39,624.96,42
2026-12-28 17:00:00,2.34,60.42,531.52,38
2026-12-28 18:00:00,2.91,67.13,603.89,56
2026-12-28 19:00:00,-0.9,65.82,479.75,7
2026-12-28 20:00:00,2.68,67.32,464.81,5
2026-12-28 21:00:00,-2.45,61.84,505.14,9
2026-12-28 22:00:00,-6.5,74.55,492.86,4
2026-12-28 23:00:00,-5.83,71.59,567.88,12
2026-12-29 00:00:00,-6.06,75.23,594.6,11
2026-12-29 01:00:00,-4.53,73.06,501.04,9
2026-12-29 02:00:00,-7.74,70.0,535.28,10
2026-12-29 03:00:00,-6.31,68.59,523.98,6
2026-12-29 04:00:00,-5.63,77.86,506.17,2
2026-12-29 05:00:00,-5.57,67.45,549.41,7
2026-12-29 06:00:00,-2.23,70.3,499.11,6
2026-12-29 07:00:00,-1.6,64.21,450.89,0
2026-12-29 08:00:00,0.48,55.35,620.19,50
2026-12-29 09:00:00,-1.47,59.9,570.95,39
2026-12-29 10:00:00,2.56,65.24,616.57,39
2026-12-29 11:00:00,-1.75,69.73,647.6,42
2026-12-29 12:00:00,-1.16,67.86,606.11,38
2026-12-29 13:00:00,-0.41,71.02,587.44,33
2026-12-29 14:00:00,2.17,65.44,678.61,63
2026-12-29 15:00:00,4.42,58.03,524.65,41
2026-12-29 16:00:00,0.41,67.68,575.31,41
2026-12-29 17:00:00,0.03,65.83,608.58,42
2026-12-29 18:00:00,-0.28,62.32,617.35,44
2026-12-29 19:00:00,0.33,67.13,475.65,8
2026-12-29 20:00:00,-2.8,67.36,528.36,4
2026-12-29 21:00:00,-3.95,64.74,522.1,13
2026-12-29 22:00:00,-6.54,68.69,520.91,10
2026-12-29 23:00:00,-5.82,76.14,553.79,13
2026-12-30 00:00:00,-2.92,73.95,451.17,2
2026-12-30 01:00:00,-5.5,69.79,520.04,6
2026-12-30 02:00:00,-7.29,70.39,494.0,1
2026-12-30 03:00:00,-3.21,60.08,511.11,9
2026-12-30 04:00:00,-6.45,78.11,528.72,6
2026-12-30 05:00:00,-1.8,71.44,506.12,11
2026-12-30 06:00:00,-1.01,69.46,505.79,8
2026-12-30 07:00:00,-2.74,55.54,478.69,0
2026-12-30 08:00:00,-4.81,68.57,703.43,41
2026-12-30 09:00:00,3.8,61.7,656.71,57
2026-12-30 10:00:00,0.96,67.74,614.59,45
2026-12-30 11:00:00,0.37,62.49,629.16,51
2026-12-30 12:00:00,3.56,61.35,567.17,36
2026-12-30 13:00:00,3.45,65.68,649.35,48
2026-12-30 14:00:00,4.81,57.77,603.3,45
2026-12-30 15:00:00,0.73,61.62,609.42,47
2026-12-30 16:00:00,2.29,64.37,700.08,65
2026-12-30 17:00:00,-1.36,72.64,700.7,58
2026-12-30 18:00:00,1.52,67.98,674.14,53
2026-12-30 19:00:00,-0.82,70.95,498.74,8
2026-12-30 20:00:00,-1.25,66.19,489.96,7
2026-12-30 21:00:00,-3.14,74.67,466.33,4
2026-12-30 22:00:00,-4.32,59.32,522.85,7
2026-12-30 23:00:00,-6.38,79.58,500.36,7
2026-12-31 00:00:00,-3.66,78.32,520.87,8
2026-12-31 01:00:00,-2.66,69.15,484.86,7
2026-12-31 02:00:00,-6.89,73.98,527.7,9
2026-12-31 03:00:00,-4.53,67.98,530.43,8
2026-12-31 04:00:00,-4.38,67.01,527.65,11
2026-12-31 05:00:00,-4.59,65.16,480.35,14
2026-12-31 06:00:00,-6.83,69.54,531.07,8
2026-12-31 07:00:00,-5.41,71.57,506.91,6
2026-12-31 08:00:00,-3.34,69.44,732.38,56
2026-12-31 09:00:00,-5.02,78.45,555.67,22
2026-12-31 10:00:00,3.04,63.37,642.61,44
2026-12-31 11:00:00,1.79,56.3,578.25,33
2026-12-31 12:00:00,1.63,72.08,585.51,38
2026-12-31 13:00:00,-2.29,60.5,702.67,63
2026-12-31 14:00:00,-1.42,63.2,606.11,42
2026-12-31 15:00:00,2.08,64.9,573.06,34
2026-12-31 16:00:00,5.63,63.15,579.29,50
2026-12-31 17:00:00,-0.34,58.01,606.0,41
2026-12-31 18:00:00,1.95,59.9,585.17,47
2026-12-31 19:00:00,-1.7,58.79,474.87,1
2026-12-31 20:00:00,-1.67,69.27,475.71,2
2026-12-31 21:00:00,-0.38,71.18,479.24,9
2026-12-31 22:00:00,-4.47,62.02,521.58,12
2026-12-31 23:00:00,-5.98,74.17,514.82,8
2027-01-01 00:00:00,-2.36,71.31,516.97,10
2027-01-01 01:00:00,-5.51,65.56,508.8,12
2027-01-01 02:00:00,-3.55,57.57,542.54,13
2027-01-01 03:00:00,-6.97,64.52,527.74,6
2027-01-01 04:00:00,-2.38,63.69,471.0,5
2027-01-01 05:00:00,-4.02,75.52,550.09,12
2027-01-01 06:00:00,-2.86,66.41,519.03,10
2027-01-01 07:00:00,-2.51,61.72,478.7,10
2027-01-01 08:00:00,-2.75,67.66,718.22,54
2027-01-01 09:00:00,-0.7,59.01,565.07,45
2027-01-01 10:00:00,-0.62,68.01,616.56,34
2027-01-01 11:00:00,3.01,58.0,547.88,34
2027-01-01 12:00:00,1.32,59.91,632.13,44
2027-01-01 13:00:00,-0.86,67.48,648.89,39
2027-01-01 14:00:00,-1.09,74.52,661.85,53
2027-01-01 15:00:00,-1.32,76.92,625.14,42
2027-01-01 16:00:00,2.97,57.72,616.44,48
2027-01-01 17:00:00,-1.21,62.86,571.67,37
2027-01-01 18:00:00,0.87,66.97,611.44,45
2027-01-01 19:00:00,-0.43,71.14,454.76,3
2027-01-01 20:00:00,-1.86,55.48,485.86,16
2027-01-01 21:00:00,-1.89,66.76,481.71,8
2027-01-01 22:00:00,-3.42,64.96,518.45,7
2027-01-01 23:00:00,-9.98,62.37,554.47,3
2027-01-02 00:00:00,-5.8,62.37,535.29,12
2027-01-02 01:00:00,-4.7,65.45,533.72,12
2027-01-02 02:00:00,-2.41,66.98,504.34,11
2027-01-02 03:00:00,-2.18,71.57,455.68,8
2027-01-02 04:00:00,-7.88,72.29,533.47,11
2027-01-02 05:00:00,-5.22,73.39,537.24,5
2027-01-02 06:00:00,-6.82,69.91,569.91,9
2027-01-02 07:00:00,0.32,61.25,450.15,8
2027-01-02 08:00:00,0.34,63.85,506.63,9
2027-01-02 09:00:00,0.05,68.44,421.35,1
2027-01-02 10:00:00,0.64,69.71,493.61,15
2027-01-02 11:00:00,3.9,61.53,466.95,14
2027-01-02 12:00:00,4.2,57.42,413.12,3
2027-01-02 13:00:00,4.49,63.53,432.84,10
2027-01-02 14:00:00,3.22,65.13,431.69,2
2027-01-02 15:00:00,1.48,70.13,491.05,8
2027-01-02 16:00:00,3.31,59.29,378.61,0
2027-01-02 17:00:00,2.77,59.72,450.09,7
2027-01-02 18:00:00,-0.07,68.83,497.95,6
2027-01-02 19:00:00,-1.36,63.91,496.17,13
2027-01-02 20:00:00,0.58,62.35,484.28,15
2027-01-02 21:00:00,0.6,70.85,483.63,15
2027-01-02 22:00:00,-5.19,61.78,585.47,13
2027-01-02 23:00:00,-5.04,78.81,568.05,8
2027-01-03 00:00:00,-4.4,65.02,512.08,10
2027-01-03 01:00:00,-4.53,72.51,555.9,10
2027-01-03 02:00:00,-6.69,69.14,502.76,3
2027-01-03 03:00:00,-1.74,67.57,508.4,13
2027-01-03 04:00:00,-4.26,66.67,497.96,11
2027-01-03 05:00:00,-3.41,71.67,476.29,11
2027-01-03 06:00:00,-0.12,63.35,431.16,0
2027-01-03 07:00:00,-3.57,64.64,502.92,10
2027-01-03 08:00:00,-1.82,75.34,527.57,12
2027-01-03 09:00:00,-3.11,67.33,520.89,8
2027-01-03 10:00:00,0.01,61.61,464.09,6
2027-01-03 11:00:00,-1.79,58.8,440.79,3
2027-01-03 12:00:00,3.32,72.0,417.66,2
2027-01-03 13:00:00,3.06,60.1,491.82,9
2027-01-03 14:00:00,1.81,74.05,482.77,7
2027-01-03 15:00:00,2.02,65.58,493.88,7
2027-01-03 16:00:00,3.35,63.37,518.81,14
2027-01-03 17:00:00,-1.08,66.61,451.43,3
2027-01-03 18:00:00,0.77,75.54,495.27,7
2027-01-03 19:00:00,0.79,53.48,466.99,15
2027-01-03 20:00:00,-5.21,69.72,544.25,7
2027-01-03 21:00:00,-1.31,64.59,509.88,8
2027-01-03 22:00:00,-6.99,68.83,481.32,7
2027-01-03 23:00:00,-4.7,69.04,540.23,11
2027-01-04 00:00:00,-7.38,68.83,486.69,0
2027-01-04 01:00:00,-2.59,67.75,489.16,7
2027-01-04 02:00:00,-7.9,70.41,529.94,8
2027-01-04 03:00:00,-8.75,64.56,554.4,4
2027-01-04 04:00:00,-4.79,70.26,508.91,9
2027-01-04 05:00:00,-5.24,72.25,506.37,11
2027-01-04 06:00:00,-6.6,66.91,519.35,10
2027-01-04 07:00:00,-1.57,75.44,522.04,15
2027-01-04 08:00:00,-5.57,75.58,712.89,51
2027-01-04 09:00:00,-2.63,71.06,587.22,21
2027-01-04 10:00:00,-0.74,69.68,606.89,35
2027-01-04 11:00:00,2.84,63.16,675.99,60
2027-01-04 12:00:00,4.47,67.58,603.7,43
2027-01-04 13:00:00,4.48,69.72,545.4,28
2027-01-04 14:00:00,2.1,67.57,645.92,47
2027-01-04 15:00:00,-2.58,63.95,735.6,52
2027-01-04 16:00:00,2.66,62.94,644.38,50
2027-01-04 17:00:00,4.18,,593.65,43
2027-01-04 18:00:00,2.88,67.17,638.5,56
2027-01-04 19:00:00,0.37,64.35,494.02,11
2027-01-04 20:00:00,-3.97,64.94,555.81,12
2027-01-04 21:00:00,-3.67,75.49,482.78,7
2027-01-04 22:00:00,0.28,59.44,499.32,7
2027-01-04 23:00:00,-7.25,65.37,493.63,0
2027-01-05 00:00:00,-7.29,63.47,517.97,5
2027-01-05 01:00:00,-3.51,62.74,502.19,4
2027-01-05 02:00:00,-6.4,75.71,529.55,9
2027-01-05 03:00:00,-7.76,76.84,559.31,8
2027-01-05 04:00:00,-1.94,65.99,450.98,4
2027-01-05 05:00:00,-3.44,69.89,533.77,9
2027-01-05 06:00:00,-4.3,67.96,518.56,8
2027-01-05 07:00:00,-4.86,62.44,482.75,0
2027-01-05 08:00:00,2.56,74.3,658.34,55
2027-01-05 09:00:00,-0.55,72.26,642.31,47
2027-01-05 10:00:00,3.26,64.49,613.61,46
2027-01-05 11:00:00,3.08,58.56,561.85,38
2027-01-05 12:00:00,0.89,63.25,589.54,40
2027-01-05 13:00:00,1.3,60.62,576.66,47
2027-01-05 14:00:00,5.36,61.74,612.83,45
2027-01-05 15:00:00,5.26,62.87,600.5,57
2027-01-05 16:00:00,-1.82,64.57,662.45,40
2027-01-05 17:00:00,2.39,56.05,577.87,41
2027-01-05 18:00:00,0.22,75.5,596.46,28
2027-01-05 19:00:00,-2.56,67.98,505.04,3
2027-01-05 20:00:00,-1.01,67.99,508.6,7
2027-01-05 21:00:00,-5.27,66.58,534.4,11
2027-01-05 22:00:00,-4.47,60.32,470.09,5
2027-01-05 23:00:00,-5.96,68.75,538.7,12
2027-01-06 00:00:00,-5.94,67.54,524.54,9
2027-01-06 01:00:00,-5.48,72.38,528.56,9
2027-01-06 02:00:00,-7.51,74.78,503.66,5
2027-01-06 03:00:00,-2.19,70.36,499.14,10
2027-01-06 04:00:00,-3.95,72.71,473.64,16
2027-01-06 05:00:00,-0.71,74.52,486.62,9
2027-01-06 06:00:00,-3.79,69.61,524.08,10
2027-01-06 07:00:00,-3.61,73.02,504.99,11
2027-01-06 08:00:00,2.04,66.04,578.83,39
2027-01-06 09:00:00,-1.6,56.62,636.39,45
2027-01-06 10:00:00,0.17,64.11,599.51,33
2027-01-06 11:00:00,2.79,58.71,640.2,49
2027-01-06 12:00:00,-0.49,66.5,553.51,24
2027-01-06 13:00:00,3.81,58.38,542.38,33
2027-01-06 14:00:00,3.69,65.44,613.65,47
2027-01-06 15:00:00,4.93,66.46,583.08,33
2027-01-06 16:00:00,3.77,68.38,663.05,58
2027-01-06 17:00:00,3.95,70.33,607.0,45
2027-01-06 18:00:00,0.3,56.41,688.8,56
2027-01-06 19:00:00,-2.16,60.52,490.17,7
2027-01-06 20:00:00,2.75,77.72,444.02,8
2027-01-06 21:00:00,-5.56,73.94,566.21,14
2027-01-06 22:00:00,-6.33,70.55,522.64,4
2027-01-06 23:00:00,-3.17,67.38,500.62,8
2027-01-07 00:00:00,-1.63,65.85,513.92,10
2027-01-07 01:00:00,-4.9,58.76,473.33,10
2027-01-07 02:00:00,,63.53,491.31,8
2027-01-07 03:00:00,-9.27,70.93,533.41,8
2027-01-07 04:00:00,-5.88,65.53,519.61,11
2027-01-07 05:00:00,-7.99,67.67,543.02,9
2027-01-07 06:00:00,-1.85,79.09,496.8,12
2027-01-07 07:00:00,-5.54,67.62,572.63,10
2027-01-07 08:00:00,-3.97,69.17,623.75,33
2027-01-07 09:00:00,0.65,65.76,527.39,26
2027-01-07 10:00:00,2.71,66.05,516.06,34
2027-01-07 11:00:00,1.1,61.85,576.44,39
2027-01-07 12:00:00,3.19,69.0,655.6,60
2027-01-07 13:00:00,3.53,64.75,642.49,60
2027-01-07 14:00:00,2.16,57.05,704.36,55
2027-01-07 15:00:00,0.26,64.28,631.19,57
2027-01-07 16:00:00,3.18,61.91,571.06,38
2027-01-07 17:00:00,2.64,62.06,538.65,30
2027-01-07 18:00:00,2.38,65.88,561.21,35
2027-01-07 19:00:00,0.25,68.0,446.17,12
2027-01-07 20:00:00,-3.75,70.21,534.87,14
2027-01-07 21:00:00,-1.07,67.44,497.68,9
2027-01-07 22:00:00,-3.42,67.82,542.69,12
2027-01-07 23:00:00,-5.21,57.89,523.21,7
2027-01-08 00:00:00,-5.4,72.67,532.79,2
2027-01-08 01:00:00,-6.59,72.06,466.35,3
2027-01-08 02:00:00,-3.57,62.57,495.61,7
2027-01-08 03:00:00,-8.05,72.04,623.35,11
2027-01-08 04:00:00,-6.8,73.0,562.2,7
2027-01-08 05:00:00,-4.83,74.24,506.69,13
2027-01-08 06:00:00,-0.12,67.64,512.58,15
2027-01-08 07:00:00,-0.27,66.8,441.23,4
2027-01-08 08:00:00,-4.63,72.97,609.97,33
2027-01-08 09:00:00,2.39,61.79,661.28,47
2027-01-08 10:00:00,3.35,64.71,645.81,51
2027-01-08 11:00:00,-0.87,62.5,511.18,25
2027-01-08 12:00:00,-2.93,72.6,683.08,57
2027-01-08 13:00:00,2.37,55.29,549.3,33
2027-01-08 14:00:00,4.9,65.66,589.17,47
2027-01-08 15:00:00,5.7,61.1,656.63,63
2027-01-08 16:00:00,0.38,69.56,645.49,55
2027-01-08 17:00:00,4.99,57.61,511.45,30
2027-01-08 18:00:00,-3.8,68.11,632.14,43
2027-01-08 19:00:00,-1.05,66.04,466.33,5
2027-01-08 20:00:00,-2.18,68.7,504.8,5
2027-01-08 21:00:00,-0.08,59.82,469.62,5
2027-01-08 22:00:00,-0.75,68.71,466.63,7
2027-01-08 23:00:00,-2.27,57.36,500.49,4
2027-01-09 00:00:00,-7.44,66.87,591.15,14
2027-01-09 01:00:00,-3.42,59.58,498.52,7
2027-01-09 02:00:00,-4.26,72.12,517.31,9
2027-01-09 03:00:00,-8.48,72.94,610.08,11
2027-01-09 04:00:00,-8.88,73.49,628.38,16
2027-01-09 05:00:00,-2.03,73.79,477.96,12
2027-01-09 06:00:00,-3.64,65.97,533.77,7
2027-01-09 07:00:00,-4.88,71.47,548.18,4
2027-01-09 08:00:00,-1.69,66.52,514.6,9
2027-01-09 09:00:00,0.49,64.23,478.83,12
2027-01-09 10:00:00,0.56,71.14,472.1,9
2027-01-09 11:00:00,-1.55,76.5,543.44,8
2027-01-09 12:00:00,5.96,58.67,449.58,9
2027-01-09 13:00:00,4.59,65.95,425.78,1
2027-01-09 14:00:00,2.05,65.16,522.38,9
2027-01-09 15:00:00,2.0,65.26,448.77,11
2027-01-09 16:00:00,2.9,64.2,451.12,8
2027-01-09 17:00:00,-0.71,63.83,505.46,12
2027-01-09 18:00:00,1.37,46.12,465.18,13
2027-01-09 19:00:00,-2.9,74.71,454.93,6
2027-01-09 20:00:00,-1.42,62.52,519.54,10
2027-01-09 21:00:00,-4.65,67.05,498.75,8
2027-01-09 22:00:00,-5.51,67.76,473.09,0
2027-01-09 23:00:00,-0.82,61.65,469.87,7
2027-01-10 00:00:00,-4.55,69.39,495.67,4
2027-01-10 01:00:00,-4.65,68.04,516.78,9
2027-01-10 02:00:00,-9.23,67.88,589.15,11
2027-01-10 03:00:00,-6.26,70.13,557.95,7
2027-01-10 04:00:00,-3.75,67.46,489.06,4
2027-01-10 05:00:00,-3.65,72.19,501.71,9
2027-01-10 06:00:00,-7.51,63.56,572.85,18
2027-01-10 07:00:00,-1.83,62.25,436.08,0
2027-01-10 08:00:00,-0.47,68.96,487.97,9
2027-01-10 09:00:00,2.4,60.12,422.57,6
2027-01-10 10:00:00,-0.52,60.84,525.17,6
2027-01-10 11:00:00,-2.86,64.05,501.66,8
2027-01-10 12:00:00,0.26,64.31,456.38,7
2027-01-10 13:00:00,0.46,64.19,500.92,10
2027-01-10 14:00:00,4.27,60.96,405.96,7
2027-01-10 15:00:00,-2.78,61.8,447.86,0
2027-01-10 16:00:00,1.36,67.91,500.51,13
2027-01-10 17:00:00,4.47,68.5,466.46,13
2027-01-10 18:00:00,0.81,54.88,479.95,6
2027-01-10 19:00:00,1.62,56.1,390.46,8
2027-01-10 20:00:00,-4.49,73.16,560.38,13
2027-01-10 21:00:00,-5.45,76.66,533.84,12
2027-01-10 22:00:00,-0.33,54.59,464.78,13
2027-01-10 23:00:00,-3.83,71.76,476.98,9
2027-01-11 00:00:00,-4.39,76.26,520.53,11
2027-01-11 01:00:00,-7.23,65.75,598.73,14
2027-01-11 02:00:00,-4.93,76.35,545.25,7
2027-01-11 03:00:00,-7.29,69.21,587.57,10
2027-01-11 04:00:00,-2.22,68.13,463.42,0
2027-01-11 05:00:00,1.5,60.36,439.7,2
2027-01-11 06:00:00,-2.16,71.52,469.03,10
2027-01-11 07:00:00,-3.44,71.58,481.7,11
2027-01-11 08:00:00,-6.2,77.96,701.97,50
2027-01-11 09:00:00,-3.46,74.63,598.73,38
2027-01-11 10:00:00,3.98,62.17,571.31,45
2027-01-11 11:00:00,-0.36,80.79,720.41,64
2027-01-11 12:00:00,1.59,70.64,650.99,45
2027-01-11 13:00:00,4.04,64.87,606.63,48
2027-01-11 14:00:00,5.83,55.93,613.62,64
2027-01-11 15:00:00,2.33,55.72,526.43,38
2027-01-11 16:00:00,1.52,56.71,579.63,37
2027-01-11 17:00:00,1.84,59.04,571.99,40
2027-01-11 18:00:00,-0.39,72.16,616.6,40
2027-01-11 19:00:00,-1.24,68.31,509.86,14
2027-01-11 20:00:00,-0.31,62.15,466.13,5
2027-01-11 21:00:00,-1.8,65.58,535.79,11
2027-01-11 22:00:00,1.13,62.92,476.3,4
2027-01-11 23:00:00,-3.08,71.16,516.56,8
2027-01-12 00:00:00,-2.21,62.16,464.0,6
2027-01-12 01:00:00,-7.06,71.69,521.43,7
2027-01-12 02:00:00,-4.0,69.3,527.09,7
2027-01-12 03:00:00,-6.36,65.21,584.7,14
2027-01-12 04:00:00,-3.72,75.55,515.23,16
2027-01-12 05:00:00,-2.5,65.27,540.23,9
2027-01-12 06:00:00,-2.95,62.1,473.2,6
2027-01-12 07:00:00,2.73,67.35,453.51,3
2027-01-12 08:00:00,1.8,64.01,688.88,47
2027-01-12 09:00:00,2.34,65.41,589.26,50
2027-01-12 10:00:00,2.48,57.34,643.8,53
2027-01-12 11:00:00,5.3,65.35,598.44,51
2027-01-12 12:00:00,-0.46,76.19,629.03,40
2027-01-12 13:00:00,5.55,54.8,562.29,46
2027-01-12 14:00:00,0.97,66.09,544.5,42
2027-01-12 15:00:00,1.68,59.9,596.57,47
2027-01-12 16:00:00,3.54,75.97,617.91,46
2027-01-12 17:00:00,4.24,68.23,608.17,40
2027-01-12 18:00:00,-1.36,67.36,635.01,42
2027-01-12 19:00:00,-1.04,59.59,508.21,5
2027-01-12 20:00:00,-0.86,60.67,461.67,6
2027-01-12 21:00:00,-2.46,70.45,485.76,8
2027-01-12 22:00:00,-1.34,59.13,479.74,5
2027-01-12 23:00:00,2.99,56.25,444.38,10
2027-01-13 00:00:00,-3.59,67.56,544.05,10
2027-01-13 01:00:00,-6.3,70.08,465.35,0
2027-01-13 02:00:00,-7.56,72.19,576.05,11
2027-01-13 03:00:00,-5.48,66.64,555.42,9
2027-01-13 04:00:00,-6.31,74.02,549.0,9
2027-01-13 05:00:00,-2.86,62.69,540.75,13
2027-01-13 06:00:00,-2.07,69.58,453.38,1
2027-01-13 07:00:00,-2.93,68.12,463.07,3
2027-01-13 08:00:00,3.0,65.9,692.96,65
2027-01-13 09:00:00,-1.41,71.89,633.73,47
2027-01-13 10:00:00,0.79,62.17,648.09,51
2027-01-13 11:00:00,3.14,59.5,568.81,36
2027-01-13 12:00:00,4.28,53.56,574.21,43
2027-01-13 13:00:00,5.45,51.09,575.07,44
2027-01-13 14:00:00,3.89,61.4,632.69,51
2027-01-13 15:00:00,5.0,60.97,578.32,45
2027-01-13 16:00:00,1.16,58.75,613.82,49
2027-01-13 17:00:00,3.7,58.06,624.07,48
2027-01-13 18:00:00,2.84,70.63,602.5,42
2027-01-13 19:00:00,3.09,67.22,489.73,14
2027-01-13 20:00:00,-4.31,61.71,512.58,5
2027-01-13 21:00:00,-3.82,65.46,521.56,10
2027-01-13 22:00:00,-1.32,67.96,483.63,8
2027-01-13 23:00:00,-9.1,68.24,519.52,3
2027-01-14 00:00:00,-3.36,63.31,522.03,13
2027-01-14 01:00:00,-2.63,65.15,528.49,12
2027-01-14 02:00:00,-6.04,74.68,522.12,2
2027-01-14 03:00:00,-5.61,74.83,533.15,8
2027-01-14 04:00:00,-6.5,65.87,542.79,9
2027-01-14 05:00:00,-4.76,70.63,460.93,0
2027-01-14 06:00:00,-3.87,67.68,467.49,0
2027-01-14 07:00:00,-3.29,62.26,505.52,5
2027-01-14 08:00:00,-2.36,65.17,637.68,48
2027-01-14 09:00:00,-0.39,58.95,636.79,47
2027-01-14 10:00:00,0.55,70.43,617.99,43
2027-01-14 11:00:00,5.69,68.78,576.45,44
2027-01-14 12:00:00,1.79,61.69,632.45,47
2027-01-14 13:00:00,3.67,59.19,644.82,57
2027-01-14 14:00:00,1.96,68.9,570.91,42
2027-01-14 15:00:00,1.8,69.82,668.88,55
2027-01-14 16:00:00,-0.83,60.01,614.46,45
2027-01-14 17:00:00,-1.2,65.1,653.4,58
2027-01-14 18:00:00,-1.3,65.61,646.03,43
2027-01-14 19:00:00,0.52,60.78,448.08,10
2027-01-14 20:00:00,1.27,66.04,449.46,5
2027-01-14 21:00:00,-5.49,65.35,521.54,6
2027-01-14 22:00:00,-3.98,65.09,501.83,6
2027-01-14 23:00:00,-6.45,69.01,512.4,7
2027-01-15 00:00:00,-4.79,60.91,522.82,17
2027-01-15 01:00:00,-2.51,56.47,477.25,9
2027-01-15 02:00:00,-5.69,73.57,504.08,8
2027-01-15 03:00:00,-4.75,64.63,492.43,3
2027-01-15 04:00:00,-1.35,76.62,464.69,3
2027-01-15 05:00:00,-2.71,76.75,471.19,7
2027-01-15 06:00:00,-4.32,65.49,523.77,13
2027-01-15 07:00:00,-1.51,77.75,481.04,7
2027-01-15 08:00:00,-2.45,71.4,737.9,65
2027-01-15 09:00:00,1.08,61.02,690.83,62
2027-01-15 10:00:00,2.24,50.53,658.66,52
2027-01-15 11:00:00,-0.7,68.93,695.22,56
2027-01-15 12:00:00,3.02,63.04,607.42,54
2027-01-15 13:00:00,2.83,65.17,500.91,33
2027-01-15 14:00:00,4.29,60.85,548.78,45
2027-01-15 15:00:00,4.73,55.97,628.24,60
2027-01-15 16:00:00,3.62,60.33,581.89,52
2027-01-15 17:00:00,1.43,67.53,598.67,44
2027-01-15 18:00:00,3.07,61.08,659.45,60
2027-01-15 19:00:00,-1.51,64.25,474.37,8
2027-01-15 20:00:00,-3.44,59.81,532.96,14
2027-01-15 21:00:00,-8.22,71.21,519.66,5
2027-01-15 22:00:00,-2.94,61.5,458.4,3
2027-01-15 23:00:00,-5.27,73.28,562.85,6
2027-01-16 00:00:00,-3.37,63.69,512.85,10
2027-01-16 01:00:00,-8.51,69.48,520.46,0
2027-01-16 02:00:00,-6.0,80.02,573.11,12
2027-01-16 03:00:00,-3.63,66.01,526.41,7
2027-01-16 04:00:00,-6.23,67.16,502.12,3
2027-01-16 05:00:00,-2.71,69.83,523.84,7
2027-01-16 06:00:00,-3.82,58.75,480.46,5
2027-01-16 07:00:00,-1.8,72.52,504.26,3
2027-01-16 08:00:00,0.49,69.63,415.95,0
2027-01-16 09:00:00,2.24,66.06,464.97,11
2027-01-16 10:00:00,1.48,47.08,448.43,6
2027-01-16 11:00:00,0.5,63.36,475.47,6
2027-01-16 12:00:00,1.84,57.34,449.55,11
2027-01-16 13:00:00,4.43,67.52,404.22,8
2027-01-16 14:00:00,1.25,69.39,458.04,2
2027-01-16 15:00:00,2.8,64.98,461.15,11
2027-01-16 16:00:00,1.99,57.59,470.14,14
2027-01-16 17:00:00,1.92,71.13,516.97,10
2027-01-16 18:00:00,-0.72,64.19,461.97,5
2027-01-16 19:00:00,-3.37,76.39,477.6,2
2027-01-16 20:00:00,0.34,66.09,416.75,4
2027-01-16 21:00:00,0.19,67.4,452.99,8
2027-01-16 22:00:00,-6.29,67.1,574.7,14
2027-01-16 23:00:00,-2.79,73.99,477.26,5
2027-01-17 00:00:00,-1.91,69.38,502.08,5
2027-01-17 01:00:00,-3.28,74.51,495.88,12
2027-01-17 02:00:00,-5.44,69.7,496.62,6
2027-01-17 03:00:00,-6.36,69.22,537.31,15
2027-01-17 04:00:00,-3.91,70.71,523.41,7
2027-01-17 05:00:00,-2.94,74.27,522.34,13
2027-01-17 06:00:00,-2.42,71.78,481.12,10
2027-01-17 07:00:00,-2.0,67.09,524.89,11
2027-01-17 08:00:00,-2.77,57.66,503.84,7
2027-01-17 09:00:00,1.27,68.16,477.08,8
2027-01-17 10:00:00,2.33,56.17,466.36,10
2027-01-17 11:00:00,2.62,63.34,447.12,11
2027-01-17 12:00:00,3.08,62.27,491.08,10
2027-01-17 13:00:00,6.61,53.28,384.91,1
2027-01-17 14:00:00,2.14,65.36,471.97,9
2027-01-17 15:00:00,5.82,71.7,435.88,5
2027-01-17 16:00:00,1.39,62.47,432.52,6
2027-01-17 17:00:00,4.44,65.72,497.81,10
2027-01-17 18:00:00,3.86,74.08,480.89,15
2027-01-17 19:00:00,-0.16,69.42,479.94,7
2027-01-17 20:00:00,2.71,59.88,473.45,16
2027-01-17 21:00:00,-0.71,66.68,496.19,4
2027-01-17 22:00:00,-4.36,70.46,566.79,13
2027-01-17 23:00:00,-4.19,75.1,530.41,10
2027-01-18 00:00:00,-1.71,72.27,464.18,9
2027-01-18 01:00:00,-2.53,52.92,506.58,14
2027-01-18 02:00:00,-6.63,65.36,519.49,5
2027-01-18 03:00:00,-4.65,67.91,526.7,13
2027-01-18 04:00:00,-3.57,62.42,476.56,7
2027-01-18 05:00:00,-4.35,49.55,451.34,5
2027-01-18 06:00:00,2.2,59.83,471.78,3
2027-01-18 07:00:00,-1.08,65.74,531.12,14
2027-01-18 08:00:00,-0.63,62.82,616.89,42
2027-01-18 09:00:00,2.91,57.98,543.17,36
2027-01-18 10:00:00,0.76,64.68,575.81,32
2027-01-18 11:00:00,4.33,63.68,614.13,50
2027-01-18 12:00:00,-0.38,62.92,633.39,49
2027-01-18 13:00:00,2.45,70.15,630.14,47
2027-01-18 14:00:00,5.59,61.38,605.36,49
2027-01-18 15:00:00,6.49,56.1,525.57,30
2027-01-18 16:00:00,1.41,58.39,568.05,40
2027-01-18 17:00:00,0.54,63.56,619.58,42
2027-01-18 18:00:00,2.62,68.73,639.37,45
2027-01-18 19:00:00,-0.72,61.39,474.01,4
2027-01-18 20:00:00,-1.05,68.71,519.61,2
2027-01-18 21:00:00,0.21,65.33,466.29,7
2027-01-18 22:00:00,-3.6,77.49,459.83,4
2027-01-18 23:00:00,-7.27,72.04,536.0,12
2027-01-19 00:00:00,-6.48,66.04,522.17,10
2027-01-19 01:00:00,-4.25,71.66,523.57,6
2027-01-19 02:00:00,-8.14,74.55,579.89,10
2027-01-19 03:00:00,-4.87,66.42,519.76,8
2027-01-19 04:00:00,-6.66,63.84,533.34,7
2027-01-19 05:00:00,0.04,67.65,526.78,8
2027-01-19 06:00:00,1.92,63.97,469.38,15
2027-01-19 07:00:00,-3.56,59.91,510.9,11
2027-01-19 08:00:00,0.1,66.2,648.26,53
2027-01-19 09:00:00,-1.3,62.72,655.62,58
2027-01-19 10:00:00,0.97,56.74,530.07,37
2027-01-19 11:00:00,6.03,59.02,536.07,28
2027-01-19 12:00:00,2.12,69.93,630.93,54
2027-01-19 13:00:00,2.88,69.02,602.67,46
2027-01-19 14:00:00,1.71,68.54,572.07,32
2027-01-19 15:00:00,5.75,62.32,423.7,14
2027-01-19 16:00:00,-3.47,70.41,598.71,35
2027-01-19 17:00:00,1.53,64.42,594.21,40
2027-01-19 18:00:00,1.5,58.43,551.73,33
2027-01-19 19:00:00,-0.7,60.96,475.44,15
2027-01-19 20:00:00,1.32,61.04,485.46,9
2027-01-19 21:00:00,0.96,71.34,462.11,8
2027-01-19 22:00:00,-5.23,74.05,530.22,8
2027-01-19 23:00:00,0.95,58.94,485.19,13
2027-01-20 00:00:00,-6.62,69.9,565.29,10
2027-01-20 01:00:00,-1.59,64.1,501.94,9
2027-01-20 02:00:00,-4.01,67.03,494.33,9
2027-01-20 03:00:00,-5.18,65.94,526.36,2
2027-01-20 04:00:00,-4.59,75.24,517.31,10
2027-01-20 05:00:00,-3.2,67.15,470.97,4
2027-01-20 06:00:00,-1.89,67.4,477.29,10
2027-01-20 07:00:00,-3.18,68.35,435.77,5
2027-01-20 08:00:00,-0.77,60.4,686.36,63
2027-01-20 09:00:00,-0.81,66.11,667.99,51
2027-01-20 10:00:00,-0.74,70.83,599.31,44
2027-01-20 11:00:00,0.89,71.74,716.78,57
2027-01-20 12:00:00,0.86,58.66,565.58,47
2027-01-20 13:00:00,2.72,55.5,511.56,29
2027-01-20 14:00:00,4.56,62.12,616.59,62
2027-01-20 15:00:00,3.8,67.89,614.6,43
2027-01-20 16:00:00,7.11,61.82,492.67,22
2027-01-20 17:00:00,-1.9,69.73,574.33,29
2027-01-20 18:00:00,2.63,56.36,607.58,56
2027-01-20 19:00:00,0.74,61.62,454.07,12
2027-01-20 20:00:00,1.33,53.09,468.03,9
2027-01-20 21:00:00,0.09,64.22,459.83,8
2027-01-20 22:00:00,-2.64,56.02,468.27,6
2027-01-20 23:00:00,-2.79,73.62,499.58,7
2027-01-21 00:00:00,-5.15,76.38,510.56,6
2027-01-21 01:00:00,-2.83,67.69,459.25,8
2027-01-21 02:00:00,-7.96,63.01,476.5,0
2027-01-21 03:00:00,-2.51,68.63,484.78,12
2027-01-21 04:00:00,-3.71,76.89,530.14,16
2027-01-21 05:00:00,-4.0,70.18,509.48,6
2027-01-21 06:00:00,-2.66,72.79,525.56,13
2027-01-21 07:00:00,-1.55,63.66,516.86,7
2027-01-21 08:00:00,2.4,58.97,585.39,50
2027-01-21 09:00:00,7.3,59.53,466.17,19
2027-01-21 10:00:00,4.24,52.4,517.29,34
2027-01-21 11:00:00,1.5,75.27,651.37,40
2027-01-21 12:00:00,4.53,62.53,612.12,52
2027-01-21 13:00:00,5.01,65.83,534.81,36
2027-01-21 14:00:00,1.95,61.33,716.22,70
2027-01-21 15:00:00,1.14,56.48,604.43,42
2027-01-21 16:00:00,3.14,69.93,554.69,35
2027-01-21 17:00:00,4.25,56.41,592.53,43
2027-01-21 18:00:00,-1.42,67.74,639.28,35
2027-01-21 19:00:00,-0.6,67.64,486.46,3
2027-01-21 20:00:00,0.95,64.71,489.8,14
2027-01-21 21:00:00,-1.15,61.88,542.12,11
2027-01-21 22:00:00,0.63,63.81,473.94,5
2027-01-21 23:00:00,-5.85,64.34,496.52,8
2027-01-22 00:00:00,1.15,68.24,482.91,11
2027-01-22 01:00:00,-7.03,72.78,538.36,9
2027-01-22 02:00:00,-8.15,70.6,564.18,16
2027-01-22 03:00:00,-4.07,65.01,514.6,7
2027-01-22 04:00:00,-5.82,79.61,508.3,13
2027-01-22 05:00:00,-2.99,60.59,517.14,3
2027-01-22 06:00:00,-2.23,58.84,487.36,3
2027-01-22 07:00:00,-1.51,65.65,471.55,15
2027-01-22 08:00:00,-1.77,64.95,616.44,35
2027-01-22 09:00:00,1.81,69.22,625.05,45
2027-01-22 10:00:00,1.28,67.34,629.85,39
2027-01-22 11:00:00,4.95,61.68,671.91,56
2027-01-22 12:00:00,3.02,65.39,701.4,58
2027-01-22 13:00:00,1.85,66.12,560.36,34
2027-01-22 14:00:00,0.54,75.14,645.73,46
2027-01-22 15:00:00,3.43,63.86,648.93,61
2027-01-22 16:00:00,0.84,61.01,635.19,44
2027-01-22 17:00:00,0.04,65.96,556.13,41
2027-01-22 18:00:00,2.97,49.83,592.65,54
2027-01-22 19:00:00,-2.61,66.66,476.92,5
2027-01-22 20:00:00,2.74,68.55,447.68,6
2027-01-22 21:00:00,-0.8,68.57,503.61,11
2027-01-22 22:00:00,-2.18,68.02,535.75,10
2027-01-22 23:00:00,-4.99,71.74,516.19,10
2027-01-23 00:00:00,-1.91,71.85,466.91,8
2027-01-23 01:00:00,-3.84,74.82,497.0,6
2027-01-23 02:00:00,-5.35,70.98,497.98,5
2027-01-23 03:00:00,-3.44,65.83,526.91,10
2027-01-23 04:00:00,-6.8,58.19,590.53,14
2027-01-23 05:00:00,-6.07,74.14,554.72,4
2027-01-23 06:00:00,-4.21,70.53,527.08,4
2027-01-23 07:00:00,-0.31,65.98,448.85,3
2027-01-23 08:00:00,0.02,61.55,484.34,11
2027-01-23 09:00:00,3.16,67.61,464.76,8
2027-01-23 10:00:00,0.19,63.58,465.0,10
2027-01-23 11:00:00,4.0,62.03,418.53,6
2027-01-23 12:00:00,3.26,62.44,469.1,10
2027-01-23 13:00:00,2.0,65.85,423.94,7
2027-01-23 14:00:00,4.8,55.9,434.94,2
2027-01-23 15:00:00,3.76,65.18,452.81,12
2027-01-23 16:00:00,2.23,59.83,468.95,8
2027-01-23 17:00:00,2.94,59.51,450.31,7
2027-01-23 18:00:00,1.77,68.19,502.27,9
2027-01-23 19:00:00,0.75,59.5,391.26,2
2027-01-23 20:00:00,-0.8,69.98,526.78,10
2027-01-23 21:00:00,-3.62,68.04,530.81,6
2027-01-23 22:00:00,-1.82,58.04,491.56,7
2027-01-23 23:00:00,-4.41,74.91,552.45,13
2027-01-24 00:00:00,-5.36,70.31,550.33,11
2027-01-24 01:00:00,-4.2,69.91,490.2,7
2027-01-24 02:00:00,-2.39,71.71,502.22,8
2027-01-24 03:00:00,-3.35,74.84,502.92,0
2027-01-24 04:00:00,-4.38,69.07,458.49,5
2027-01-24 05:00:00,-3.83,70.77,527.69,9
2027-01-24 06:00:00,-0.59,67.27,474.45,5
2027-01-24 07:00:00,-5.69,67.27,519.77,3
2027-01-24 08:00:00,1.74,55.87,432.68,10
2027-01-24 09:00:00,-2.57,67.87,503.17,13
2027-01-24 10:00:00,-0.69,72.38,442.96,5
2027-01-24 11:00:00,1.94,66.56,442.54,12
2027-01-24 12:00:00,7.95,54.1,438.08,11
2027-01-24 13:00:00,7.36,65.34,389.03,4
2027-01-24 14:00:00,5.56,59.56,401.01,5
2027-01-24 15:00:00,4.72,51.24,485.35,15
2027-01-24 16:00:00,-0.12,70.17,456.62,4
2027-01-24 17:00:00,3.28,57.97,460.45,6
2027-01-24 18:00:00,1.04,73.17,481.41,16
2027-01-24 19:00:00,-0.46,71.06,468.73,6
2027-01-24 20:00:00,0.45,63.54,472.23,13
2027-01-24 21:00:00,-1.84,68.58,492.89,4
2027-01-24 22:00:00,-0.12,77.2,485.75,9
2027-01-24 23:00:00,-6.56,74.59,573.79,12
2027-01-25 00:00:00,-3.05,68.33,501.42,6
2027-01-25 01:00:00,-5.36,83.2,488.39,8
2027-01-25 02:00:00,-4.56,68.78,522.79,11
2027-01-25 03:00:00,-2.99,70.0,453.13,4
2027-01-25 04:00:00,-5.44,64.12,565.31,17
2027-01-25 05:00:00,-2.24,58.19,520.95,12
2027-01-25 06:00:00,-2.16,65.08,506.12,7
2027-01-25 07:00:00,-2.09,66.66,489.26,7
2027-01-25 08:00:00,-0.68,67.12,552.06,35
2027-01-25 09:00:00,0.99,57.21,1372.05,37
2027-01-25 10:00:00,0.73,67.8,675.95,56
2027-01-25 11:00:00,3.1,58.68,659.76,62
2027-01-25 12:00:00,3.17,65.83,653.68,58
2027-01-25 13:00:00,2.9,67.64,491.84,29
2027-01-25 14:00:00,7.44,57.81,609.95,57
2027-01-25 15:00:00,4.96,56.71,651.16,64
2027-01-25 16:00:00,2.96,70.65,508.68,28
2027-01-25 17:00:00,3.38,67.0,657.06,56
2027-01-25 18:00:00,0.21,65.61,621.48,47
2027-01-25 19:00:00,0.42,72.05,475.11,5
2027-01-25 20:00:00,-0.38,65.68,474.9,3
2027-01-25 21:00:00,-3.27,64.18,531.8,13
2027-01-25 22:00:00,-0.96,60.67,457.17,10
2027-01-25 23:00:00,-3.58,66.97,492.81,7
2027-01-26 00:00:00,-3.79,71.51,581.51,12
2027-01-26 01:00:00,-4.62,75.18,561.84,9
2027-01-26 02:00:00,2.3,63.51,507.88,15
2027-01-26 03:00:00,-4.81,74.43,541.47,11
2027-01-26 04:00:00,-7.22,68.98,491.99,2
2027-01-26 05:00:00,-5.64,65.04,508.59,5
2027-01-26 06:00:00,-0.1,58.54,453.28,6
2027-01-26 07:00:00,2.02,61.05,461.51,9
2027-01-26 08:00:00,-0.98,59.34,632.58,55
2027-01-26 09:00:00,3.98,72.26,602.58,40
2027-01-26 10:00:00,3.87,64.49,434.15,22
2027-01-26 11:00:00,2.83,62.54,616.46,43
2027-01-26 12:00:00,3.33,71.28,707.75,65
2027-01-26 13:00:00,4.61,55.26,567.24,27
2027-01-26 14:00:00,6.14,60.02,587.98,50
2027-01-26 15:00:00,5.04,71.47,640.55,61
2027-01-26 16:00:00,2.49,62.53,605.11,45
2027-01-26 17:00:00,2.86,75.23,702.39,64
2027-01-26 18:00:00,6.35,64.49,546.17,38
2027-01-26 19:00:00,1.92,70.18,431.93,7
2027-01-26 20:00:00,2.12,70.19,473.23,7
2027-01-26 21:00:00,0.43,64.71,442.84,0
2027-01-26 22:00:00,-1.07,63.31,485.69,14
2027-01-26 23:00:00,-2.23,65.98,423.98,0
2027-01-27 00:00:00,-1.16,60.88,552.46,10
2027-01-27 01:00:00,-1.92,66.01,515.56,8
2027-01-27 02:00:00,-2.96,67.05,513.08,7
2027-01-27 03:00:00,-4.74,76.77,522.35,8
2027-01-27 04:00:00,-2.18,69.5,505.71,5
2027-01-27 05:00:00,-2.45,78.53,492.59,11
2027-01-27 06:00:00,-2.11,55.68,471.37,3
2027-01-27 07:00:00,4.83,55.53,443.1,9
2027-01-27 08:00:00,-2.57,65.02,626.77,46
2027-01-27 09:00:00,3.46,70.04,681.63,65
2027-01-27 10:00:00,0.78,63.9,633.42,51
2027-01-27 11:00:00,3.6,55.14,554.62,41
2027-01-27 12:00:00,9.11,57.4,531.79,45
2027-01-27 13:00:00,2.45,57.3,576.12,50
2027-01-27 14:00:00,3.06,55.89,603.95,41
2027-01-27 15:00:00,4.34,71.96,615.54,40
2027-01-27 16:00:00,2.28,61.65,581.48,45
2027-01-27 17:00:00,5.11,62.29,671.51,60
2027-01-27 18:00:00,1.44,63.53,644.14,53
2027-01-27 19:00:00,2.85,61.75,429.71,2
2027-01-27 20:00:00,-2.15,62.3,477.87,12
2027-01-27 21:00:00,-4.14,66.35,522.97,14
2027-01-27 22:00:00,-1.95,68.05,516.29,10
2027-01-27 23:00:00,-5.46,75.91,536.47,16
2027-01-28 00:00:00,0.21,69.59,489.84,15
2027-01-28 01:00:00,-6.29,63.31,508.84,7
2027-01-28 02:00:00,-5.44,73.75,439.16,7
2027-01-28 03:00:00,-2.4,69.06,517.14,10
2027-01-28 04:00:00,-4.0,64.68,515.68,6
2027-01-28 05:00:00,-5.23,69.57,575.98,19
2027-01-28 06:00:00,2.72,65.96,493.23,11
2027-01-28 07:00:00,-2.4,66.92,488.39,8
2027-01-28 08:00:00,0.24,67.23,701.98,53
2027-01-28 09:00:00,1.25,59.81,608.82,50
2027-01-28 10:00:00,4.06,72.12,556.88,36
2027-01-28 11:00:00,4.39,52.28,603.69,53
2027-01-28 12:00:00,2.45,66.18,635.45,51
2027-01-28 13:00:00,3.85,64.14,583.84,44
2027-01-28 14:00:00,4.18,65.29,592.55,46
2027-01-28 15:00:00,6.0,57.26,586.56,53
2027-01-28 16:00:00,1.76,69.61,574.64,38
2027-01-28 17:00:00,7.5,59.21,549.02,56
2027-01-28 18:00:00,1.12,58.29,654.35,51
2027-01-28 19:00:00,1.65,58.37,455.99,14
2027-01-28 20:00:00,-1.68,66.8,486.74,10
2027-01-28 21:00:00,-3.0,59.11,483.5,11
2027-01-28 22:00:00,-3.11,76.18,522.11,7
2027-01-28 23:00:00,-4.13,73.14,510.82,10
2027-01-29 00:00:00,-3.53,76.6,433.47,3
2027-01-29 01:00:00,-5.05,77.15,539.3,9
2027-01-29 02:00:00,-1.84,64.53,461.55,5
2027-01-29 03:00:00,-4.66,63.92,534.96,13
2027-01-29 04:00:00,-4.48,54.75,527.69,8
2027-01-29 05:00:00,-2.85,64.96,486.67,11
2027-01-29 06:00:00,0.75,73.3,481.54,9
2027-01-29 07:00:00,0.16,60.75,482.92,15
2027-01-29 08:00:00,0.57,63.55,613.27,37
2027-01-29 09:00:00,-1.06,62.97,677.56,56
2027-01-29 10:00:00,0.48,66.54,588.64,36
2027-01-29 11:00:00,1.04,,520.47,27
2027-01-29 12:00:00,6.84,52.51,535.13,34
2027-01-29 13:00:00,5.69,54.28,651.63,59
2027-01-29 14:00:00,3.04,70.3,636.76,58
2027-01-29 15:00:00,3.5,66.21,522.51,25
2027-01-29 16:00:00,2.58,61.9,650.12,53
2027-01-29 17:00:00,1.82,72.26,593.39,25
2027-01-29 18:00:00,3.69,55.59,597.66,45
2027-01-29 19:00:00,1.23,68.8,476.38,9
2027-01-29 20:00:00,4.93,61.21,440.32,10
2027-01-29 21:00:00,2.23,66.47,451.72,6
2027-01-29 22:00:00,1.39,52.09,492.52,12
2027-01-29 23:00:00,-0.72,64.2,441.66,3
2027-01-30 00:00:00,-3.41,71.07,532.07,8
2027-01-30 01:00:00,-1.77,65.92,471.9,12
2027-01-30 02:00:00,-3.8,73.93,529.72,7
2027-01-30 03:00:00,0.3,70.9,497.07,6
2027-01-30 04:00:00,-1.76,61.44,545.96,17
2027-01-30 05:00:00,-1.4,70.1,522.77,14
2027-01-30 06:00:00,-0.85,60.63,493.41,9
2027-01-30 07:00:00,3.35,62.93,424.05,4
2027-01-30 08:00:00,-1.97,69.66,437.34,0
2027-01-30 09:00:00,5.61,56.9,444.2,11
2027-01-30 10:00:00,2.53,67.17,481.49,13
2027-01-30 11:00:00,0.92,61.83,497.56,10
2027-01-30 12:00:00,2.86,60.09,420.29,1
2027-01-30 13:00:00,1.46,67.51,474.85,9
2027-01-30 14:00:00,6.21,56.47,420.91,6
2027-01-30 15:00:00,2.69,58.68,468.34,9
2027-01-30 16:00:00,4.7,66.91,496.73,16
2027-01-30 17:00:00,6.0,61.34,415.89,11
2027-01-30 18:00:00,1.56,56.64,485.62,10
2027-01-30 19:00:00,1.4,68.3,464.2,8
2027-01-30 20:00:00,-1.71,64.16,513.68,10
2027-01-30 21:00:00,-0.91,58.62,505.59,5
2027-01-30 22:00:00,4.05,49.63,389.49,10
2027-01-30 23:00:00,-0.37,69.78,512.07,7
2027-01-31 00:00:00,-2.96,62.77,483.76,5
2027-01-31 01:00:00,-4.05,61.62,499.35,11
2027-01-31 02:00:00,-3.05,70.33,463.72,0
2027-01-31 03:00:00,-2.57,70.83,468.7,6
2027-01-31 04:00:00,-3.27,63.35,525.31,10
2027-01-31 05:00:00,-0.73,70.08,481.64,13
2027-01-31 06:00:00,-2.87,77.28,548.45,10
2027-01-31 07:00:00,-1.92,73.07,506.33,5
2027-01-31 08:00:00,1.78,69.71,472.42,8
2027-01-31 09:00:00,-0.27,66.76,435.29,9
2027-01-31 10:00:00,4.49,59.64,429.66,14
2027-01-31 11:00:00,3.84,62.04,457.66,12
2027-01-31 12:00:00,0.84,66.61,486.74,12
2027-01-31 13:00:00,5.12,55.13,453.69,8
2027-01-31 14:00:00,1.67,59.99,370.71,4
2027-01-31 15:00:00,6.29,53.46,377.0,2
2027-01-31 16:00:00,4.0,63.37,460.78,7
2027-01-31 17:00:00,7.57,60.12,416.32,11
2027-01-31 18:00:00,5.18,58.11,411.34,6
2027-01-31 19:00:00,-0.05,69.14,450.56,10
2027-01-31 20:00:00,-3.01,61.88,513.29,5
2027-01-31 21:00:00,-1.51,62.61,465.79,5
2027-01-31 22:00:00,-3.41,71.29,560.15,14
2027-01-31 23:00:00,1.86,68.34,514.71,11
2027-02-01 00:00:00,-2.31,62.64,522.61,7
2027-02-01 01:00:00,-0.82,66.74,471.86,5
2027-02-01 02:00:00,-3.4,63.48,507.02,12
2027-02-01 03:00:00,-3.05,66.15,503.52,12
2027-02-01 04:00:00,-2.35,67.37,558.16,11
2027-02-01 05:00:00,0.56,67.41,467.31,7
2027-02-01 06:00:00,-0.2,66.73,489.81,4
2027-02-01 07:00:00,-1.97,67.75,507.82,8
2027-02-01 08:00:00,4.42,56.51,550.58,39
2027-02-01 09:00:00,1.62,65.8,628.77,50
2027-02-01 10:00:00,2.26,66.17,702.32,61
2027-02-01 11:00:00,-1.66,69.6,569.21,26
2027-02-01 12:00:00,5.91,57.27,572.11,48
2027-02-01 13:00:00,5.24,65.91,611.15,57
2027-02-01 14:00:00,5.37,54.65,568.7,41
2027-02-01 15:00:00,4.23,59.88,630.6,59
2027-02-01 16:00:00,3.49,61.18,635.25,51
2027-02-01 17:00:00,3.26,56.4,727.39,63
2027-02-01 18:00:00,4.1,60.68,625.98,51
2027-02-01 19:00:00,3.49,63.67,497.46,9
2027-02-01 20:00:00,0.71,55.37,421.44,2
2027-02-01 21:00:00,2.04,61.6,453.91,2
2027-02-01 22:00:00,-0.98,56.95,519.76,10
2027-02-01 23:00:00,-2.66,77.07,542.29,8
2027-02-02 00:00:00,-1.75,67.29,511.2,4
2027-02-02 01:00:00,-5.27,69.32,518.86,7
2027-02-02 02:00:00,-2.22,67.71,547.98,15
2027-02-02 03:00:00,-5.63,71.96,523.69,13
2027-02-02 04:00:00,-4.2,72.83,556.35,8
2027-02-02 05:00:00,-5.55,61.07,508.5,11
2027-02-02 06:00:00,-1.03,72.27,525.38,8
2027-02-02 07:00:00,3.5,68.78,450.72,1
2027-02-02 08:00:00,1.08,63.91,737.61,69
2027-02-02 09:00:00,3.64,61.86,609.13,36
2027-02-02 10:00:00,8.02,43.87,596.25,51
2027-02-02 11:00:00,4.95,55.31,499.29,33
2027-02-02 12:00:00,3.25,65.32,577.69,36
2027-02-02 13:00:00,3.92,68.26,493.4,31
2027-02-02 14:00:00,5.32,64.92,618.76,54
2027-02-02 15:00:00,3.91,61.88,546.78,36
2027-02-02 16:00:00,3.66,72.06,668.98,58
2027-02-02 17:00:00,6.12,65.75,535.85,40
2027-02-02 18:00:00,5.37,59.27,563.76,46
2027-02-02 19:00:00,-0.94,76.57,518.71,11
2027-02-02 20:00:00,-0.32,59.74,525.29,13
2027-02-02 21:00:00,-0.65,58.09,489.29,11
2027-02-02 22:00:00,0.51,62.53,527.15,7
2027-02-02 23:00:00,0.77,60.67,468.83,10
2027-02-03 00:00:00,3.4,60.8,439.9,2
2027-02-03 01:00:00,-3.33,71.32,490.13,1
2027-02-03 02:00:00,-3.37,67.19,505.62,10
2027-02-03 03:00:00,-1.23,65.82,542.17,13
2027-02-03 04:00:00,-3.37,67.65,465.11,3
2027-02-03 05:00:00,-1.65,54.59,431.22,8
2027-02-03 06:00:00,-1.37,58.38,487.53,10
2027-02-03 07:00:00,-4.82,66.45,501.45,6
2027-02-03 08:00:00,1.71,59.59,650.5,49
2027-02-03 09:00:00,2.13,62.35,532.4,34
2027-02-03 10:00:00,6.0,67.82,632.24,55
2027-02-03 11:00:00,4.3,61.62,607.47,47
2027-02-03 12:00:00,2.41,56.7,648.28,55
2027-02-03 13:00:00,4.81,57.67,510.84,21
2027-02-03 14:00:00,1.28,72.66,550.99,27
2027-02-03 15:00:00,2.9,70.63,660.3,58
2027-02-03 16:00:00,6.2,63.64,557.83,38
2027-02-03 17:00:00,3.79,54.53,526.07,30
2027-02-03 18:00:00,5.31,62.82,539.88,43
2027-02-03 19:00:00,-1.44,67.93,481.78,8
2027-02-03 20:00:00,0.98,64.45,457.44,7
2027-02-03 21:00:00,-0.53,62.52,451.25,4
2027-02-03 22:00:00,1.37,62.23,425.72,0
2027-02-03 23:00:00,-0.02,61.82,495.29,12
2027-02-04 00:00:00,-0.57,59.68,483.42,11
2027-02-04 01:00:00,0.83,71.25,484.87,5
2027-02-04 02:00:00,-3.13,71.6,540.97,11
2027-02-04 03:00:00,0.41,63.29,397.46,4
2027-02-04 04:00:00,-3.95,69.52,472.44,7
2027-02-04 05:00:00,-3.38,69.32,439.92,6
2027-02-04 06:00:00,1.11,75.94,466.57,7
2027-02-04 07:00:00,-2.44,71.07,504.3,11
2027-02-04 08:00:00,2.75,67.25,586.08,39
2027-02-04 09:00:00,2.84,63.2,601.3,40
2027-02-04 10:00:00,5.75,58.8,518.31,31
2027-02-04 11:00:00,4.32,68.89,464.2,16
2027-02-04 12:00:00,5.18,64.63,569.17,41
2027-02-04 13:00:00,6.49,56.31,559.88,46
2027-02-04 14:00:00,4.28,64.27,510.42,34
2027-02-04 15:00:00,4.06,66.35,673.67,59
2027-02-04 16:00:00,6.02,50.31,534.84,35
2027-02-04 17:00:00,4.38,57.32,657.57,54
2027-02-04 18:00:00,2.79,64.86,589.37,49
2027-02-04 19:00:00,2.48,53.64,404.14,7
2027-02-04 20:00:00,4.8,52.81,374.49,0
2027-02-04 21:00:00,-0.31,63.87,477.91,5
2027-02-04 22:00:00,-1.34,68.39,505.86,6
2027-02-04 23:00:00,-4.64,70.93,522.0,7
2027-02-05 00:00:00,-1.79,74.17,515.51,11
2027-02-05 01:00:00,-0.79,65.97,491.63,4
2027-02-05 02:00:00,-0.57,63.54,484.89,12
2027-02-05 03:00:00,-1.89,59.79,519.94,9
2027-02-05 04:00:00,0.2,62.93,503.77,3
2027-02-05 05:00:00,0.39,68.27,445.82,7
2027-02-05 06:00:00,1.98,67.38,465.61,10
2027-02-05 07:00:00,2.69,64.44,421.93,8
2027-02-05 08:00:00,4.9,64.31,558.61,44
2027-02-05 09:00:00,2.45,69.67,603.44,41
2027-02-05 10:00:00,1.1,64.61,551.27,39
2027-02-05 11:00:00,5.91,67.7,574.41,48
2027-02-05 12:00:00,6.78,56.62,593.67,46
2027-02-05 13:00:00,8.76,58.5,524.72,37
2027-02-05 14:00:00,8.32,56.77,582.64,48
2027-02-05 15:00:00,9.51,62.31,493.14,39
2027-02-05 16:00:00,6.46,55.41,464.65,19
2027-02-05 17:00:00,5.04,59.86,655.45,52
2027-02-05 18:00:00,0.99,55.01,616.51,51
2027-02-05 19:00:00,3.41,65.59,448.61,10
2027-02-05 20:00:00,0.65,70.78,484.03,6
2027-02-05 21:00:00,1.14,68.75,453.76,9
2027-02-05 22:00:00,-0.14,69.16,502.71,9
2027-02-05 23:00:00,-0.13,69.29,431.96,7
2027-02-06 00:00:00,-1.75,69.72,428.24,6
2027-02-06 01:00:00,-0.09,68.13,494.52,9
2027-02-06 02:00:00,-7.54,73.67,506.3,4
2027-02-06 03:00:00,-1.58,62.83,460.88,5
2027-02-06 04:00:00,0.85,63.41,507.14,12
2027-02-06 05:00:00,2.82,63.38,476.62,10
2027-02-06 06:00:00,1.37,62.36,413.34,3
2027-02-06 07:00:00,4.24,54.2,432.37,4
2027-02-06 08:00:00,2.24,57.25,414.34,0
2027-02-06 09:00:00,2.95,64.09,478.67,12
2027-02-06 10:00:00,4.97,66.05,449.63,11
2027-02-06 11:00:00,4.73,61.74,382.55,4
2027-02-06 12:00:00,3.81,76.16,449.05,11
2027-02-06 13:00:00,4.74,57.08,405.21,16
2027-02-06 14:00:00,3.68,64.65,428.26,2
2027-02-06 15:00:00,6.83,66.68,424.81,6
2027-02-06 16:00:00,5.39,66.55,393.5,2
2027-02-06 17:00:00,4.01,65.47,458.54,12
2027-02-06 18:00:00,2.77,68.41,432.65,8
2027-02-06 19:00:00,3.95,62.51,469.43,6
2027-02-06 20:00:00,3.47,70.89,426.46,9
2027-02-06 21:00:00,-1.39,72.39,478.34,6
2027-02-06 22:00:00,-2.67,62.61,458.55,6
2027-02-06 23:00:00,0.99,65.92,481.1,9
2027-02-07 00:00:00,-4.15,60.17,523.56,6
2027-02-07 01:00:00,-0.71,73.1,430.75,6
2027-02-07 02:00:00,1.29,65.22,481.66,7
2027-02-07 03:00:00,1.44,70.74,513.36,8
2027-02-07 04:00:00,0.07,64.4,489.8,10
2027-02-07 05:00:00,0.65,55.26,457.48,10
2027-02-07 06:00:00,4.56,74.99,424.53,2
2027-02-07 07:00:00,-3.64,68.21,518.6,14
2027-02-07 08:00:00,1.13,59.21,514.37,8
2027-02-07 09:00:00,4.79,67.37,457.13,7
2027-02-07 10:00:00,3.39,72.81,465.22,4
2027-02-07 11:00:00,7.37,58.83,499.82,16
2027-02-07 12:00:00,5.45,60.69,502.36,17
2027-02-07 13:00:00,6.19,61.86,452.81,15
2027-02-07 14:00:00,5.51,55.59,428.96,8
2027-02-07 15:00:00,4.88,58.13,497.97,9
2027-02-07 16:00:00,4.43,70.81,452.58,14
2027-02-07 17:00:00,5.43,60.54,422.84,7
2027-02-07 18:00:00,2.51,59.05,436.49,10
2027-02-07 19:00:00,5.0,59.24,391.55,9
2027-02-07 20:00:00,3.37,68.01,462.18,16
2027-02-07 21:00:00,3.22,52.86,443.98,14
2027-02-07 22:00:00,,67.81,479.99,7
2027-02-07 23:00:00,-4.17,80.23,563.23,14
2027-02-08 00:00:00,-1.26,76.03,496.52,8
2027-02-08 01:00:00,4.15,64.96,461.31,6
2027-02-08 02:00:00,0.75,71.06,476.06,7
2027-02-08 03:00:00,-2.76,73.46,513.65,9
2027-02-08 04:00:00,-0.4,64.65,461.06,5
2027-02-08 05:00:00,0.84,69.03,514.87,6
2027-02-08 06:00:00,-2.52,75.71,473.05,2
2027-02-08 07:00:00,3.92,55.94,449.14,5
2027-02-08 08:00:00,1.88,66.57,525.11,31
2027-02-08 09:00:00,3.07,64.66,616.41,50
2027-02-08 10:00:00,4.26,62.53,654.68,49
2027-02-08 11:00:00,7.33,59.94,655.62,64
2027-02-08 12:00:00,4.17,63.24,578.52,51
2027-02-08 13:00:00,2.67,64.71,562.21,41
2027-02-08 14:00:00,6.86,65.79,599.98,42
2027-02-08 15:00:00,1.99,65.99,693.99,65
2027-02-08 16:00:00,5.08,60.56,560.74,41
2027-02-08 17:00:00,7.42,55.61,563.11,51
2027-02-08 18:00:00,5.37,58.88,560.63,43
2027-02-08 19:00:00,5.34,62.57,456.95,5
2027-02-08 20:00:00,3.46,59.05,410.04,3
2027-02-08 21:00:00,6.0,65.53,419.0,9
2027-02-08 22:00:00,-0.96,67.82,502.13,8
2027-02-08 23:00:00,0.18,70.59,447.0,6
2027-02-09 00:00:00,-1.97,63.18,468.9,8
2027-02-09 01:00:00,0.42,60.55,456.38,4
2027-02-09 02:00:00,-1.75,71.9,490.11,6
2027-02-09 03:00:00,1.95,64.29,441.03,8
2027-02-09 04:00:00,-2.15,65.49,475.43,0
2027-02-09 05:00:00,2.36,66.84,481.34,12
2027-02-09 06:00:00,1.56,67.21,395.98,3
2027-02-09 07:00:00,1.27,57.83,466.56,4
2027-02-09 08:00:00,3.46,69.5,548.09,35
2027-02-09 09:00:00,3.93,60.2,626.72,49
2027-02-09 10:00:00,5.09,69.94,634.11,43
2027-02-09 11:00:00,4.79,54.98,612.57,54
2027-02-09 12:00:00,4.44,63.48,534.19,35
2027-02-09 13:00:00,5.57,60.17,658.07,57
2027-02-09 14:00:00,3.01,53.02,631.77,60
2027-02-09 15:00:00,7.92,62.75,612.77,46
2027-02-09 16:00:00,3.37,53.02,594.03,49
2027-02-09 17:00:00,4.77,60.2,599.7,53
2027-02-09 18:00:00,5.67,66.55,599.99,35
2027-02-09 19:00:00,5.09,58.79,460.83,13
2027-02-09 20:00:00,-1.17,61.3,515.55,6
2027-02-09 21:00:00,1.16,68.19,438.65,0
2027-02-09 22:00:00,1.29,62.85,443.5,3
2027-02-09 23:00:00,-0.35,63.22,374.24,0
2027-02-10 00:00:00,1.76,70.14,487.19,6
2027-02-10 01:00:00,-2.97,61.24,505.55,7
2027-02-10 02:00:00,-5.56,66.6,495.5,2
2027-02-10 03:00:00,0.29,69.13,480.09,5
2027-02-10 04:00:00,-2.0,60.24,468.35,2
2027-02-10 05:00:00,-3.81,76.54,492.1,7
2027-02-10 06:00:00,0.22,63.76,470.67,5
2027-02-10 07:00:00,3.96,66.6,458.98,12
2027-02-10 08:00:00,0.01,69.36,593.84,31
2027-02-10 09:00:00,8.24,58.47,527.2,40
2027-02-10 10:00:00,2.86,60.6,610.5,51
2027-02-10 11:00:00,5.54,60.91,573.3,47
2027-02-10 12:00:00,3.56,66.07,645.35,62
2027-02-10 13:00:00,6.48,55.53,635.69,66
2027-02-10 14:00:00,6.27,54.6,572.87,44
2027-02-10 15:00:00,3.42,70.03,556.73,38
2027-02-10 16:00:00,11.65,53.17,540.34,57
2027-02-10 17:00:00,4.37,63.71,660.29,58
2027-02-10 18:00:00,3.55,61.51,609.03,49
2027-02-10 19:00:00,5.51,60.35,417.41,0
2027-02-10 20:00:00,6.16,67.84,435.32,10
2027-02-10 21:00:00,3.75,61.95,409.97,3
2027-02-10 22:00:00,-1.87,64.52,444.9,7
2027-02-10 23:00:00,0.13,63.56,461.79,12
2027-02-11 00:00:00,-4.53,65.65,500.35,10
2027-02-11 01:00:00,0.64,61.2,483.5,10
2027-02-11 02:00:00,-4.57,65.7,531.84,13
2027-02-11 03:00:00,-2.77,75.26,508.49,14
2027-02-11 04:00:00,-0.77,69.1,397.91,3
2027-02-11 05:00:00,0.76,62.74,489.41,10
2027-02-11 06:00:00,0.18,69.78,498.0,7
2027-02-11 07:00:00,4.7,53.77,453.18,7
2027-02-11 08:00:00,4.14,68.98,549.58,39
2027-02-11 09:00:00,5.02,67.96,577.33,36
2027-02-11 10:00:00,2.24,74.61,592.33,36
2027-02-11 11:00:00,8.93,63.81,608.47,55
2027-02-11 12:00:00,4.56,64.0,563.95,43
2027-02-11 13:00:00,10.04,64.43,567.32,51
2027-02-11 14:00:00,10.74,54.35,608.09,53
2027-02-11 15:00:00,7.59,57.71,614.07,48
2027-02-11 16:00:00,8.23,58.92,586.2,53
2027-02-11 17:00:00,-0.64,72.29,642.31,45
2027-02-11 18:00:00,4.31,57.7,585.38,59
2027-02-11 19:00:00,5.94,56.03,446.52,6
2027-02-11 20:00:00,4.55,63.0,456.16,7
2027-02-11 21:00:00,-0.78,69.13,509.7,11
2027-02-11 22:00:00,0.11,61.41,440.7,3
2027-02-11 23:00:00,-5.2,71.99,538.53,11
2027-02-12 00:00:00,0.23,71.68,502.12,4
2027-02-12 01:00:00,-4.77,74.34,542.29,10
2027-02-12 02:00:00,1.12,65.98,510.89,2
2027-02-12 03:00:00,1.37,63.59,494.92,10
2027-02-12 04:00:00,-1.55,74.76,473.61,8
2027-02-12 05:00:00,1.08,64.32,460.11,8
2027-02-12 06:00:00,0.43,69.4,475.69,12
2027-02-12 07:00:00,2.31,73.17,474.35,5
2027-02-12 08:00:00,0.57,68.78,632.73,40
2027-02-12 09:00:00,5.14,56.41,554.24,28
2027-02-12 10:00:00,1.58,57.7,507.86,22
2027-02-12 11:00:00,2.03,62.09,578.07,35
2027-02-12 12:00:00,6.08,64.29,555.52,32
2027-02-12 13:00:00,6.3,62.81,626.5,48
2027-02-12 14:00:00,7.41,70.85,534.86,44
2027-02-12 15:00:00,5.43,63.38,597.47,45
2027-02-12 16:00:00,10.1,56.29,470.46,36
2027-02-12 17:00:00,6.01,55.12,561.03,47
2027-02-12 18:00:00,5.33,67.17,495.62,31
2027-02-12 19:00:00,4.29,61.96,432.86,10
2027-02-12 20:00:00,4.87,54.06,362.05,0
2027-02-12 21:00:00,2.98,63.03,410.22,5
2027-02-12 22:00:00,1.75,58.8,427.21,6
2027-02-12 23:00:00,1.51,61.82,447.97,2
2027-02-13 00:00:00,-4.08,67.89,497.47,4
2027-02-13 01:00:00,-4.41,63.56,473.2,9
2027-02-13 02:00:00,-1.12,63.35,546.36,6
2027-02-13 03:00:00,-1.23,62.14,466.76,6
2027-02-13 04:00:00,0.73,60.91,413.63,2
2027-02-13 05:00:00,0.24,59.79,483.04,7
2027-02-13 06:00:00,2.19,61.05,433.11,2
2027-02-13 07:00:00,-0.5,60.87,481.7,14
2027-02-13 08:00:00,3.01,65.83,492.25,15
2027-02-13 09:00:00,1.38,65.04,442.58,6
2027-02-13 10:00:00,5.8,66.91,407.74,4
2027-02-13 11:00:00,2.1,72.96,517.87,11
2027-02-13 12:00:00,7.19,63.35,431.72,10
2027-02-13 13:00:00,3.96,64.48,491.28,15
2027-02-13 14:00:00,6.26,64.32,448.55,17
2027-02-13 15:00:00,8.68,61.25,377.36,0
2027-02-13 16:00:00,6.95,60.39,417.98,13
2027-02-13 17:00:00,2.57,63.06,431.97,7
2027-02-13 18:00:00,3.69,57.31,440.84,10
2027-02-13 19:00:00,1.06,68.45,467.34,11
2027-02-13 20:00:00,-0.36,65.09,518.67,11
2027-02-13 21:00:00,2.23,70.69,495.19,12
2027-02-13 22:00:00,2.15,68.07,396.98,6
2027-02-13 23:00:00,1.08,61.11,494.08,4
2027-02-14 00:00:00,0.94,70.57,509.95,13
2027-02-14 01:00:00,-0.69,52.68,488.31,5
2027-02-14 02:00:00,-1.35,75.59,522.76,15
2027-02-14 03:00:00,-2.81,60.27,447.12,5
2027-02-14 04:00:00,-1.14,68.28,450.58,6
2027-02-14 05:00:00,-2.27,68.73,538.79,7
2027-02-14 06:00:00,-0.49,70.96,421.36,2
2027-02-14 07:00:00,2.34,61.72,395.88,2
2027-02-14 08:00:00,2.96,52.2,447.82,12
2027-02-14 09:00:00,10.36,56.11,325.83,1
2027-02-14 10:00:00,2.51,62.15,509.3,18
2027-02-14 11:00:00,5.78,50.71,434.11,8
2027-02-14 12:00:00,3.82,62.56,439.39,4
2027-02-14 13:00:00,6.29,55.22,411.24,10
2027-02-14 14:00:00,6.51,63.69,400.13,0
2027-02-14 15:00:00,8.75,57.64,441.34,7
2027-02-14 16:00:00,5.76,70.77,397.37,7
2027-02-14 17:00:00,5.65,59.77,436.31,3
2027-02-14 18:00:00,4.34,64.11,452.67,5
2027-02-14 19:00:00,1.43,62.93,486.67,14
2027-02-14 20:00:00,1.9,55.56,462.37,9
2027-02-14 21:00:00,1.4,63.0,480.5,10
2027-02-14 22:00:00,1.35,67.82,432.48,5
2027-02-14 23:00:00,1.49,66.97,405.68,3
2027-02-15 00:00:00,-0.56,63.93,500.45,7
2027-02-15 01:00:00,-1.0,58.41,417.59,0
2027-02-15 02:00:00,-4.07,71.07,470.55,4
2027-02-15 03:00:00,0.59,66.69,441.73,3
2027-02-15 04:00:00,-1.49,70.26,469.2,0
2027-02-15 05:00:00,2.04,62.2,457.37,11
2027-02-15 06:00:00,4.0,53.78,416.8,7
2027-02-15 07:00:00,1.96,66.3,477.26,6
2027-02-15 08:00:00,1.32,64.03,618.74,48
2027-02-15 09:00:00,4.37,68.9,538.67,36
2027-02-15 10:00:00,6.07,60.9,585.42,45
2027-02-15 11:00:00,5.57,60.87,573.55,43
2027-02-15 12:00:00,5.71,63.09,684.73,71
2027-02-15 13:00:00,8.36,56.16,514.04,33
2027-02-15 14:00:00,8.37,55.92,441.68,18
2027-02-15 15:00:00,6.54,59.93,565.22,39
2027-02-15 16:00:00,3.53,57.93,487.8,28
2027-02-15 17:00:00,7.11,58.88,566.17,38
2027-02-15 18:00:00,3.84,72.01,526.19,32
2027-02-15 19:00:00,4.83,66.83,406.69,10
2027-02-15 20:00:00,3.67,63.97,443.41,12
2027-02-15 21:00:00,-1.44,73.77,473.16,4
2027-02-15 22:00:00,1.53,59.8,453.07,10
2027-02-15 23:00:00,1.57,76.35,439.64,5
2027-02-16 00:00:00,1.35,61.75,492.07,9
2027-02-16 01:00:00,-0.09,75.08,474.83,10
2027-02-16 02:00:00,-4.41,78.08,458.81,6
2027-02-16 03:00:00,2.23,54.67,426.83,4
2027-02-16 04:00:00,0.9,71.7,533.08,9
2027-02-16 05:00:00,-1.69,64.76,462.58,7
2027-02-16 06:00:00,-0.03,62.18,455.69,9
2027-02-16 07:00:00,2.97,65.54,455.09,11
2027-02-16 08:00:00,4.9,56.53,610.5,43
2027-02-16 09:00:00,3.6,64.99,592.02,46
2027-02-16 10:00:00,7.19,55.26,565.11,53
2027-02-16 11:00:00,2.79,63.93,527.23,24
2027-02-16 12:00:00,4.92,68.23,582.38,41
2027-02-16 13:00:00,3.28,64.64,638.95,52
2027-02-16 14:00:00,5.75,59.18,558.72,47
2027-02-16 15:00:00,10.42,60.41,479.77,34
2027-02-16 16:00:00,11.12,50.18,458.59,21
2027-02-16 17:00:00,6.84,56.02,642.34,62
2027-02-16 18:00:00,4.27,59.86,600.49,43
2027-02-16 19:00:00,4.14,66.04,446.44,9
2027-02-16 20:00:00,4.49,63.89,459.87,6
2027-02-16 21:00:00,-0.62,68.11,523.36,16
2027-02-16 22:00:00,0.4,64.58,441.33,3
2027-02-16 23:00:00,3.59,58.55,451.55,5
2027-02-17 00:00:00,-1.84,73.73,491.45,11
2027-02-17 01:00:00,-1.64,62.66,531.69,9
2027-02-17 02:00:00,-0.25,67.27,497.83,6
2027-02-17 03:00:00,0.42,64.14,457.86,6
2027-02-17 04:00:00,-1.0,68.51,479.49,7
2027-02-17 05:00:00,1.04,61.24,471.58,8
2027-02-17 06:00:00,2.93,68.21,477.62,14
2027-02-17 07:00:00,6.61,67.27,469.62,10
2027-02-17 08:00:00,3.47,67.53,598.36,48
2027-02-17 09:00:00,4.67,62.52,584.1,54
2027-02-17 10:00:00,8.77,56.68,509.89,37
2027-02-17 11:00:00,5.45,75.3,486.62,14
2027-02-17 12:00:00,4.53,56.87,599.11,43
2027-02-17 13:00:00,8.08,63.75,553.94,43
2027-02-17 14:00:00,9.87,59.75,480.69,33
2027-02-17 15:00:00,8.3,58.87,493.24,30
2027-02-17 16:00:00,6.99,61.03,527.55,39
2027-02-17 17:00:00,3.65,59.89,530.48,44
2027-02-17 18:00:00,5.6,63.21,562.27,46
2027-02-17 19:00:00,7.22,61.53,425.5,7
2027-02-17 20:00:00,1.25,77.51,492.07,13
2027-02-17 21:00:00,2.19,68.82,462.43,10
2027-02-17 22:00:00,0.94,66.92,507.94,10
2027-02-17 23:00:00,-0.5,68.23,473.5,11
2027-02-18 00:00:00,0.93,73.55,439.86,4
2027-02-18 01:00:00,0.92,59.5,463.18,5
2027-02-18 02:00:00,0.76,63.55,461.28,10
2027-02-18 03:00:00,-1.92,56.81,456.43,5
2027-02-18 04:00:00,-2.86,69.8,519.03,2
2027-02-18 05:00:00,1.59,68.13,423.64,4
2027-02-18 06:00:00,0.88,59.4,465.01,12
2027-02-18 07:00:00,6.54,67.6,432.77,7
2027-02-18 08:00:00,7.66,56.04,587.87,53
2027-02-18 09:00:00,8.91,57.05,506.15,43
2027-02-18 10:00:00,4.02,62.79,624.22,42
2027-02-18 11:00:00,7.86,67.47,519.77,39
2027-02-18 12:00:00,9.1,54.34,592.34,58
2027-02-18 13:00:00,9.28,59.96,573.6,49
2027-02-18 14:00:00,7.19,63.84,590.05,37
2027-02-18 15:00:00,10.32,60.62,513.94,41
2027-02-18 16:00:00,7.36,62.87,585.46,56
2027-02-18 17:00:00,6.98,63.92,468.19,17
2027-02-18 18:00:00,2.82,60.25,664.26,48
2027-02-18 19:00:00,6.22,69.08,439.37,9
2027-02-18 20:00:00,3.38,62.08,433.61,6
2027-02-18 21:00:00,3.79,61.13,452.45,8
2027-02-18 22:00:00,2.37,70.08,414.24,9
2027-02-18 23:00:00,1.43,60.85,455.99,10
2027-02-19 00:00:00,0.52,66.24,427.99,8
2027-02-19 01:00:00,1.78,60.14,436.64,4
2027-02-19 02:00:00,-0.32,77.82,479.4,8
2027-02-19 03:00:00,-2.7,78.43,455.13,11
2027-02-19 04:00:00,1.75,63.22,445.74,3
2027-02-19 05:00:00,-0.37,67.86,477.57,3
2027-02-19 06:00:00,-0.57,65.43,467.5,5
2027-02-19 07:00:00,0.99,62.56,426.8,7
2027-02-19 08:00:00,4.64,62.35,626.12,47
2027-02-19 09:00:00,4.92,61.36,707.24,64
2027-02-19 10:00:00,1.81,56.13,555.79,30
2027-02-19 11:00:00,6.14,62.02,496.18,28
2027-02-19 12:00:00,9.88,57.87,538.88,47
2027-02-19 13:00:00,7.04,61.64,604.26,52
2027-02-19 14:00:00,7.74,59.19,458.67,19
2027-02-19 15:00:00,10.02,56.18,549.5,45
2027-02-19 16:00:00,9.13,62.98,555.38,43
2027-02-19 17:00:00,8.95,61.4,562.86,52
2027-02-19 18:00:00,0.53,71.61,623.63,49
2027-02-19 19:00:00,8.58,61.47,406.13,10
2027-02-19 20:00:00,5.35,60.27,432.55,5
2027-02-19 21:00:00,7.96,62.51,370.24,7
2027-02-19 22:00:00,0.51,54.74,465.64,9
2027-02-19 23:00:00,-2.28,77.11,503.92,8
2027-02-20 00:00:00,0.81,65.81,472.97,11
2027-02-20 01:00:00,-0.16,76.03,525.39,9
2027-02-20 02:00:00,1.56,59.56,484.54,6
2027-02-20 03:00:00,2.54,57.63,475.65,11
2027-02-20 04:00:00,0.62,66.4,535.3,12
2027-02-20 05:00:00,0.95,66.15,494.72,8
2027-02-20 06:00:00,3.3,64.38,475.83,13
2027-02-20 07:00:00,2.71,64.03,439.88,7
2027-02-20 08:00:00,3.58,59.36,432.96,7
2027-02-20 09:00:00,7.36,52.42,418.6,8
2027-02-20 10:00:00,8.77,60.27,392.65,7
2027-02-20 11:00:00,9.25,52.11,350.78,7
2027-02-20 12:00:00,7.38,52.95,929.5,5
2027-02-20 13:00:00,3.84,60.41,453.4,4
2027-02-20 14:00:00,7.96,61.58,349.02,8
2027-02-20 15:00:00,6.6,70.32,483.68,13
2027-02-20 16:00:00,7.46,64.67,445.44,11
2027-02-20 17:00:00,5.74,68.15,434.94,10
2027-02-20 18:00:00,6.21,63.92,454.6,13
2027-02-20 19:00:00,3.21,64.59,476.31,8
2027-02-20 20:00:00,1.69,76.34,458.54,4
2027-02-20 21:00:00,5.67,54.42,442.34,7
2027-02-20 22:00:00,0.32,62.71,493.94,8
2027-02-20 23:00:00,1.43,62.32,460.62,6
2027-02-21 00:00:00,2.88,67.45,438.89,10
2027-02-21 01:00:00,2.4,58.42,466.05,12
2027-02-21 02:00:00,2.03,67.4,384.95,1
2027-02-21 03:00:00,1.18,67.07,479.04,7
2027-02-21 04:00:00,2.42,67.37,418.03,0
2027-02-21 05:00:00,4.36,65.93,427.05,8
2027-02-21 06:00:00,3.29,70.39,470.76,8
2027-02-21 07:00:00,-0.27,64.94,476.79,15
2027-02-21 08:00:00,3.38,65.28,477.61,14
2027-02-21 09:00:00,6.87,56.51,422.71,12
2027-02-21 10:00:00,5.18,56.55,409.91,4
2027-02-21 11:00:00,10.51,66.47,385.95,4
2027-02-21 12:00:00,7.78,55.5,436.25,4
2027-02-21 13:00:00,8.47,62.28,442.44,14
2027-02-21 14:00:00,10.69,60.17,408.03,4
2027-02-21 15:00:00,7.94,65.32,443.49,6
